mean_fit_time,std_fit_time,mean_score_time,std_score_time,param_learning_rate,param_max_depth,param_min_samples_leaf,param_min_samples_split,param_n_estimators,param_subsample,params,split0_test_score,split1_test_score,split2_test_score,split3_test_score,split4_test_score,mean_test_score,std_test_score,rank_test_score
0.8513807773590087,0.2621855705420931,0.02114720344543457,0.013123008657759205,0.01,2,1,2,100,0.8,"{'learning_rate': 0.01, 'max_depth': 2, 'min_samples_leaf': 1, 'min_samples_split': 2, 'n_estimators': 100, 'subsample': 0.8}",0.4204645281726881,0.4526478715445664,0.429745182366695,0.37676710240398614,0.40598371338154515,0.41712167957389623,0.025239587813256137,1276
0.6405890941619873,0.22398062827798498,0.01986351013183594,0.01502955474839585,0.01,2,1,2,100,0.9,"{'learning_rate': 0.01, 'max_depth': 2, 'min_samples_leaf': 1, 'min_samples_split': 2, 'n_estimators': 100, 'subsample': 0.9}",0.41657999837110204,0.44973540767737596,0.4350032499728592,0.37948185198374595,0.3974702892198697,0.4156541594449906,0.025202638459038695,1285
0.29899029731750487,0.013327272855091651,0.009943532943725585,0.001762648574862985,0.01,2,1,2,100,1.0,"{'learning_rate': 0.01, 'max_depth': 2, 'min_samples_leaf': 1, 'min_samples_split': 2, 'n_estimators': 100, 'subsample': 1.0}",0.4299310698684532,0.4411057158152296,0.42869255249366456,0.37870835734429487,0.38854913654014966,0.41339736641235836,0.024883008547094045,1288
0.6128615856170654,0.015154070442232815,0.009778690338134766,0.0027095232602537826,0.01,2,1,2,200,0.8,"{'learning_rate': 0.01, 'max_depth': 2, 'min_samples_leaf': 1, 'min_samples_split': 2, 'n_estimators': 200, 'subsample': 0.8}",0.5313594203142166,0.5929416778071099,0.5427505935502726,0.5071939005904438,0.5236480020987088,0.5395787188721504,0.029078470510352217,1033
0.602434492111206,0.026369080135055078,0.0070465087890625,0.0023724271795438076,0.01,2,1,2,200,0.9,"{'learning_rate': 0.01, 'max_depth': 2, 'min_samples_leaf': 1, 'min_samples_split': 2, 'n_estimators': 200, 'subsample': 0.9}",0.5301784232762694,0.5861214839984334,0.537356885967687,0.513377868104097,0.5075071988696137,0.5349083720432202,0.027804810242388147,1063
0.5799455165863037,0.031910424067245154,0.00900726318359375,0.002194273164303386,0.01,2,1,2,200,1.0,"{'learning_rate': 0.01, 'max_depth': 2, 'min_samples_leaf': 1, 'min_samples_split': 2, 'n_estimators': 200, 'subsample': 1.0}",0.5385362372421383,0.5785435961342615,0.5307172109994882,0.5068239387783904,0.4951590757683717,0.52995601178453,0.02891668239533888,1107
1.0704567909240723,0.1377703050767604,0.011837959289550781,0.002254040134606464,0.01,2,1,2,300,0.8,"{'learning_rate': 0.01, 'max_depth': 2, 'min_samples_leaf': 1, 'min_samples_split': 2, 'n_estimators': 300, 'subsample': 0.8}",0.5789872984519266,0.6434190225835513,0.5873317525417205,0.5652508798337141,0.5604096660110529,0.5870797238843932,0.02975721043812169,544
1.2292738437652588,0.25207620678629217,0.00877385139465332,0.000910096032095775,0.01,2,1,2,300,0.9,"{'learning_rate': 0.01, 'max_depth': 2, 'min_samples_leaf': 1, 'min_samples_split': 2, 'n_estimators': 300, 'subsample': 0.9}",0.5788674307207486,0.6415351601912378,0.5898414315075415,0.5669811154118503,0.549321032792131,0.5853092341247018,0.03115914946515006,564
0.9557324409484863,0.1508735983131042,0.013104629516601563,0.005772546365153149,0.01,2,1,2,300,1.0,"{'learning_rate': 0.01, 'max_depth': 2, 'min_samples_leaf': 1, 'min_samples_split': 2, 'n_estimators': 300, 'subsample': 1.0}",0.5822317330952267,0.6257534006410481,0.585961174234839,0.5576247714202769,0.538925686114386,0.5780993531011553,0.029337953995072885,666
0.3176431179046631,0.026194442356078367,0.009121465682983398,0.0010315257169366753,0.01,2,1,5,100,0.8,"{'learning_rate': 0.01, 'max_depth': 2, 'min_samples_leaf': 1, 'min_samples_split': 5, 'n_estimators': 100, 'subsample': 0.8}",0.4204645281726881,0.4526478715445664,0.429745182366695,0.37676710240398614,0.40598371338154515,0.41712167957389623,0.025239587813256137,1276
0.29856243133544924,0.009928594096177358,0.007285881042480469,0.0009648640466121802,0.01,2,1,5,100,0.9,"{'learning_rate': 0.01, 'max_depth': 2, 'min_samples_leaf': 1, 'min_samples_split': 5, 'n_estimators': 100, 'subsample': 0.9}",0.41657999837110204,0.44973540767737596,0.4350032499728592,0.37948185198374595,0.3974702892198697,0.4156541594449906,0.025202638459038695,1285
0.26355390548706054,0.008625170059332244,0.009051179885864258,0.004715527022030719,0.01,2,1,5,100,1.0,"{'learning_rate': 0.01, 'max_depth': 2, 'min_samples_leaf': 1, 'min_samples_split': 5, 'n_estimators': 100, 'subsample': 1.0}",0.4299310698684532,0.4411057158152296,0.42869255249366456,0.37870835734429487,0.38854913654014966,0.41339736641235836,0.024883008547094045,1288
0.5918757915496826,0.023482746703845085,0.011013174057006836,0.002416223781615344,0.01,2,1,5,200,0.8,"{'learning_rate': 0.01, 'max_depth': 2, 'min_samples_leaf': 1, 'min_samples_split': 5, 'n_estimators': 200, 'subsample': 0.8}",0.5313594203142166,0.5929416778071099,0.5427505935502726,0.5071939005904438,0.5236480020987088,0.5395787188721504,0.029078470510352217,1033
0.6609931468963623,0.06384892863229258,0.01033639907836914,0.0029612145787196523,0.01,2,1,5,200,0.9,"{'learning_rate': 0.01, 'max_depth': 2, 'min_samples_leaf': 1, 'min_samples_split': 5, 'n_estimators': 200, 'subsample': 0.9}",0.5301784232762694,0.5861214839984334,0.537356885967687,0.513377868104097,0.5075071988696137,0.5349083720432202,0.027804810242388147,1063
0.558876371383667,0.0452651892744842,0.009882974624633788,0.0021221252593696563,0.01,2,1,5,200,1.0,"{'learning_rate': 0.01, 'max_depth': 2, 'min_samples_leaf': 1, 'min_samples_split': 5, 'n_estimators': 200, 'subsample': 1.0}",0.5385362372421383,0.5785435961342615,0.5307172109994882,0.5068239387783904,0.4951590757683717,0.52995601178453,0.02891668239533888,1107
0.9969899177551269,0.15393297440826958,0.00867924690246582,0.0007010839718205303,0.01,2,1,5,300,0.8,"{'learning_rate': 0.01, 'max_depth': 2, 'min_samples_leaf': 1, 'min_samples_split': 5, 'n_estimators': 300, 'subsample': 0.8}",0.5790506808814793,0.6432855363643672,0.5876074688747729,0.5652586372070176,0.5601949780050238,0.5870794602665322,0.029741508997641167,545
1.0954751014709472,0.1462071582328727,0.009558677673339844,0.0010402270858281936,0.01,2,1,5,300,0.9,"{'learning_rate': 0.01, 'max_depth': 2, 'min_samples_leaf': 1, 'min_samples_split': 5, 'n_estimators': 300, 'subsample': 0.9}",0.5788674307207486,0.6415351601912378,0.5889268491255715,0.5669900720684141,0.549321032792131,0.5851281089796206,0.031133637864652283,570
0.8966412544250488,0.06527088464247219,0.009424304962158203,0.0019841396850562676,0.01,2,1,5,300,1.0,"{'learning_rate': 0.01, 'max_depth': 2, 'min_samples_leaf': 1, 'min_samples_split': 5, 'n_estimators': 300, 'subsample': 1.0}",0.5822317330952267,0.6257534006410481,0.585961174234839,0.5576247714202769,0.538925686114386,0.5780993531011553,0.029337953995072885,666
0.3787387847900391,0.04946618487037066,0.012033987045288085,0.002880702031646787,0.01,2,1,10,100,0.8,"{'learning_rate': 0.01, 'max_depth': 2, 'min_samples_leaf': 1, 'min_samples_split': 10, 'n_estimators': 100, 'subsample': 0.8}",0.4204645281726881,0.4526478715445664,0.429745182366695,0.37676710240398614,0.40598371338154515,0.41712167957389623,0.025239587813256137,1276
0.3684275150299072,0.022727542102739893,0.011225414276123048,0.0023609145967765414,0.01,2,1,10,100,0.9,"{'learning_rate': 0.01, 'max_depth': 2, 'min_samples_leaf': 1, 'min_samples_split': 10, 'n_estimators': 100, 'subsample': 0.9}",0.41657999837110204,0.44973540767737596,0.4350032499728592,0.37948185198374595,0.3974702892198697,0.4156541594449906,0.025202638459038695,1285
0.34783616065979006,0.02430954814654825,0.012667703628540038,0.006750684174448466,0.01,2,1,10,100,1.0,"{'learning_rate': 0.01, 'max_depth': 2, 'min_samples_leaf': 1, 'min_samples_split': 10, 'n_estimators': 100, 'subsample': 1.0}",0.4299310698684532,0.4411057158152296,0.42869255249366456,0.37870835734429487,0.38854913654014966,0.41339736641235836,0.024883008547094045,1288
0.678722620010376,0.028148333423004587,0.011955928802490235,0.0026227189966640902,0.01,2,1,10,200,0.8,"{'learning_rate': 0.01, 'max_depth': 2, 'min_samples_leaf': 1, 'min_samples_split': 10, 'n_estimators': 200, 'subsample': 0.8}",0.5313594203142166,0.5929416778071099,0.5427505935502726,0.5071939005904438,0.5236480020987088,0.5395787188721504,0.029078470510352217,1033
0.7905368328094482,0.10388214658984712,0.010589933395385743,0.0019717452637112816,0.01,2,1,10,200,0.9,"{'learning_rate': 0.01, 'max_depth': 2, 'min_samples_leaf': 1, 'min_samples_split': 10, 'n_estimators': 200, 'subsample': 0.9}",0.5301784232762694,0.5861214839984334,0.537356885967687,0.513377868104097,0.5075071988696137,0.5349083720432202,0.027804810242388147,1063
0.5936976909637451,0.03596926373694381,0.00987415313720703,0.0015593627098010841,0.01,2,1,10,200,1.0,"{'learning_rate': 0.01, 'max_depth': 2, 'min_samples_leaf': 1, 'min_samples_split': 10, 'n_estimators': 200, 'subsample': 1.0}",0.5385362372421383,0.5785435961342615,0.5307172109994882,0.5068239387783904,0.4951590757683717,0.52995601178453,0.02891668239533888,1107
0.9588817596435547,0.05852716989760032,0.009643650054931641,0.0021824153479394464,0.01,2,1,10,300,0.8,"{'learning_rate': 0.01, 'max_depth': 2, 'min_samples_leaf': 1, 'min_samples_split': 10, 'n_estimators': 300, 'subsample': 0.8}",0.5790506808814793,0.643779414519555,0.5876074688747729,0.5652586372070176,0.5601949780050238,0.5871782358975697,0.029928246945441606,543
1.105000877380371,0.16283133906760802,0.010936117172241211,0.0035379912452627145,0.01,2,1,10,300,0.9,"{'learning_rate': 0.01, 'max_depth': 2, 'min_samples_leaf': 1, 'min_samples_split': 10, 'n_estimators': 300, 'subsample': 0.9}",0.5788674307207486,0.6415351601912378,0.5889268491255715,0.5669900720684141,0.549321032792131,0.5851281089796206,0.031133637864652283,570
0.940485143661499,0.0908652655428477,0.010932493209838866,0.0023182334767815273,0.01,2,1,10,300,1.0,"{'learning_rate': 0.01, 'max_depth': 2, 'min_samples_leaf': 1, 'min_samples_split': 10, 'n_estimators': 300, 'subsample': 1.0}",0.5822317330952267,0.6257534006410481,0.585961174234839,0.5576247714202769,0.538925686114386,0.5780993531011553,0.029337953995072885,666
0.3795820713043213,0.03950438631476811,0.013965559005737305,0.0066034041293110066,0.01,2,2,2,100,0.8,"{'learning_rate': 0.01, 'max_depth': 2, 'min_samples_leaf': 2, 'min_samples_split': 2, 'n_estimators': 100, 'subsample': 0.8}",0.42224840123451624,0.45527797143623394,0.42972750045476693,0.3755844958417597,0.4072350202091841,0.4180146778352921,0.02630661148862317,1273
0.34331583976745605,0.02114941170160071,0.009543704986572265,0.003189153667001152,0.01,2,2,2,100,0.9,"{'learning_rate': 0.01, 'max_depth': 2, 'min_samples_leaf': 2, 'min_samples_split': 2, 'n_estimators': 100, 'subsample': 0.9}",0.41750900791735157,0.44973540767737596,0.4350032499728592,0.37944845436041896,0.3974702892198697,0.4158332818295751,0.025221835940629954,1282
0.36338038444519044,0.04915824038046478,0.011086273193359374,0.0034384873068118676,0.01,2,2,2,100,1.0,"{'learning_rate': 0.01, 'max_depth': 2, 'min_samples_leaf': 2, 'min_samples_split': 2, 'n_estimators': 100, 'subsample': 1.0}",0.4299310698684532,0.4411057158152296,0.42869255249366456,0.37870835734429487,0.38854913654014966,0.41339736641235836,0.024883008547094045,1288
0.6271385192871094,0.0757108053250168,0.008364439010620117,0.0016161776505629346,0.01,2,2,2,200,0.8,"{'learning_rate': 0.01, 'max_depth': 2, 'min_samples_leaf': 2, 'min_samples_split': 2, 'n_estimators': 200, 'subsample': 0.8}",0.5349193723123882,0.5959134753257097,0.5418326992238942,0.5062812708630189,0.5233149779890717,0.5404523591428165,0.03023179715892508,1026
0.7265241622924805,0.08273616376337731,0.017249107360839844,0.012505177054518079,0.01,2,2,2,200,0.9,"{'learning_rate': 0.01, 'max_depth': 2, 'min_samples_leaf': 2, 'min_samples_split': 2, 'n_estimators': 200, 'subsample': 0.9}",0.5330342098948373,0.5880873945063325,0.5371484502658859,0.5103154357690818,0.50706438228485,0.5351299745441974,0.029039261720092538,1059
0.741235876083374,0.14222479975450872,0.009759664535522461,0.0030559602278918264,0.01,2,2,2,200,1.0,"{'learning_rate': 0.01, 'max_depth': 2, 'min_samples_leaf': 2, 'min_samples_split': 2, 'n_estimators': 200, 'subsample': 1.0}",0.5413710790927286,0.5835792230804216,0.5348698111275065,0.5046487917631901,0.49672992588037346,0.532239766188844,0.03081638679060334,1084
0.9573575496673584,0.12905094622945268,0.007562446594238281,0.0007230202660532526,0.01,2,2,2,300,0.8,"{'learning_rate': 0.01, 'max_depth': 2, 'min_samples_leaf': 2, 'min_samples_split': 2, 'n_estimators': 300, 'subsample': 0.8}",0.5839269577259996,0.6481531052044964,0.586247280283784,0.5630993217571227,0.5610126155557849,0.5884878561054375,0.03157603662181093,519
1.0631556987762452,0.16638073260305275,0.01000070571899414,0.0027132171570174216,0.01,2,2,2,300,0.9,"{'learning_rate': 0.01, 'max_depth': 2, 'min_samples_leaf': 2, 'min_samples_split': 2, 'n_estimators': 300, 'subsample': 0.9}",0.5829755228941507,0.6436165535801823,0.5863294741049512,0.5632548912428524,0.5495101193241319,0.5851373122292538,0.03216847361803867,567
0.8321185111999512,0.08395648907208002,0.009252834320068359,0.0021329263451643795,0.01,2,2,2,300,1.0,"{'learning_rate': 0.01, 'max_depth': 2, 'min_samples_leaf': 2, 'min_samples_split': 2, 'n_estimators': 300, 'subsample': 1.0}",0.5830956266291865,0.6336160367941652,0.5883424054822988,0.5552471607524456,0.541700438880391,0.5804003337076974,0.031725750211315844,631
0.35309414863586425,0.047398191193873174,0.012431001663208008,0.004539674192676426,0.01,2,2,5,100,0.8,"{'learning_rate': 0.01, 'max_depth': 2, 'min_samples_leaf': 2, 'min_samples_split': 5, 'n_estimators': 100, 'subsample': 0.8}",0.42224840123451624,0.45527797143623394,0.42972750045476693,0.3755844958417597,0.4072350202091841,0.4180146778352921,0.02630661148862317,1273
0.3132591724395752,0.031182478435712396,0.006788921356201172,0.0010283537789905696,0.01,2,2,5,100,0.9,"{'learning_rate': 0.01, 'max_depth': 2, 'min_samples_leaf': 2, 'min_samples_split': 5, 'n_estimators': 100, 'subsample': 0.9}",0.41750900791735157,0.44973540767737596,0.4350032499728592,0.37944845436041896,0.3974702892198697,0.4158332818295751,0.025221835940629954,1282
0.32930970191955566,0.03804105392005915,0.010244417190551757,0.004389088545422032,0.01,2,2,5,100,1.0,"{'learning_rate': 0.01, 'max_depth': 2, 'min_samples_leaf': 2, 'min_samples_split': 5, 'n_estimators': 100, 'subsample': 1.0}",0.4299310698684532,0.4411057158152296,0.42869255249366456,0.37870835734429487,0.38854913654014966,0.41339736641235836,0.024883008547094045,1288
0.599783992767334,0.040408753598612436,0.007976102828979491,0.00021804014006890975,0.01,2,2,5,200,0.8,"{'learning_rate': 0.01, 'max_depth': 2, 'min_samples_leaf': 2, 'min_samples_split': 5, 'n_estimators': 200, 'subsample': 0.8}",0.5349193723123882,0.5959134753257097,0.5418326992238942,0.5062812708630189,0.5233149779890717,0.5404523591428165,0.03023179715892508,1026
0.5486930847167969,0.04786549560094078,0.007720232009887695,0.00025462046076186074,0.01,2,2,5,200,0.9,"{'learning_rate': 0.01, 'max_depth': 2, 'min_samples_leaf': 2, 'min_samples_split': 5, 'n_estimators': 200, 'subsample': 0.9}",0.5330342098948373,0.5880873945063325,0.5371484502658859,0.5103154357690818,0.50706438228485,0.5351299745441974,0.029039261720092538,1059
0.5624330043792725,0.011307335210176675,0.009152936935424804,0.0008036605797158867,0.01,2,2,5,200,1.0,"{'learning_rate': 0.01, 'max_depth': 2, 'min_samples_leaf': 2, 'min_samples_split': 5, 'n_estimators': 200, 'subsample': 1.0}",0.5413710790927286,0.5835792230804216,0.5348698111275065,0.5046487917631901,0.49672992588037346,0.532239766188844,0.03081638679060334,1084
0.9989075660705566,0.059117298804946754,0.008463382720947266,0.0006802420920252574,0.01,2,2,5,300,0.8,"{'learning_rate': 0.01, 'max_depth': 2, 'min_samples_leaf': 2, 'min_samples_split': 5, 'n_estimators': 300, 'subsample': 0.8}",0.5839269577259996,0.6481531052044964,0.5865438924185375,0.5627878632127199,0.5610126155557849,0.5884848868235076,0.03162246408096667,520
0.9808650016784668,0.12090925591285505,0.011119508743286132,0.004311152732333318,0.01,2,2,5,300,0.9,"{'learning_rate': 0.01, 'max_depth': 2, 'min_samples_leaf': 2, 'min_samples_split': 5, 'n_estimators': 300, 'subsample': 0.9}",0.5829755228941507,0.6436165535801823,0.5863423428239903,0.5632404206463542,0.5495101193241319,0.5851369918537619,0.03217053880687296,568
0.8312942981719971,0.057497875325292054,0.00876774787902832,0.003592277334542577,0.01,2,2,5,300,1.0,"{'learning_rate': 0.01, 'max_depth': 2, 'min_samples_leaf': 2, 'min_samples_split': 5, 'n_estimators': 300, 'subsample': 1.0}",0.5830956266291865,0.6336160367941652,0.5883424054822988,0.5552471607524456,0.541700438880391,0.5804003337076974,0.031725750211315844,631
0.28728880882263186,0.052970833010696924,0.008290719985961915,0.0021371833472737674,0.01,2,2,10,100,0.8,"{'learning_rate': 0.01, 'max_depth': 2, 'min_samples_leaf': 2, 'min_samples_split': 10, 'n_estimators': 100, 'subsample': 0.8}",0.42224840123451624,0.45527797143623394,0.42972750045476693,0.3755844958417597,0.4072350202091841,0.4180146778352921,0.02630661148862317,1273
0.45519132614135743,0.11402258245703374,0.008305692672729492,0.0013430310301628396,0.01,2,2,10,100,0.9,"{'learning_rate': 0.01, 'max_depth': 2, 'min_samples_leaf': 2, 'min_samples_split': 10, 'n_estimators': 100, 'subsample': 0.9}",0.41750900791735157,0.44973540767737596,0.4350032499728592,0.37944845436041896,0.3974702892198697,0.4158332818295751,0.025221835940629954,1282
0.2848078727722168,0.022910278713894942,0.0090728759765625,0.0030230309045700477,0.01,2,2,10,100,1.0,"{'learning_rate': 0.01, 'max_depth': 2, 'min_samples_leaf': 2, 'min_samples_split': 10, 'n_estimators': 100, 'subsample': 1.0}",0.4299310698684532,0.4411057158152296,0.42869255249366456,0.37870835734429487,0.38854913654014966,0.41339736641235836,0.024883008547094045,1288
0.767248010635376,0.06843294531810419,0.009020709991455078,0.0017274386028470078,0.01,2,2,10,200,0.8,"{'learning_rate': 0.01, 'max_depth': 2, 'min_samples_leaf': 2, 'min_samples_split': 10, 'n_estimators': 200, 'subsample': 0.8}",0.5349193723123882,0.5959134753257097,0.5418326992238942,0.5062812708630189,0.5233149779890717,0.5404523591428165,0.03023179715892508,1026
0.9386299133300782,0.04875416120863551,0.013495445251464844,0.009040272427263116,0.01,2,2,10,200,0.9,"{'learning_rate': 0.01, 'max_depth': 2, 'min_samples_leaf': 2, 'min_samples_split': 10, 'n_estimators': 200, 'subsample': 0.9}",0.5330342098948373,0.5880873945063325,0.5371484502658859,0.5103154357690818,0.50706438228485,0.5351299745441974,0.029039261720092538,1059
0.5681047439575195,0.0835711406175677,0.009045839309692383,0.0004578128678986513,0.01,2,2,10,200,1.0,"{'learning_rate': 0.01, 'max_depth': 2, 'min_samples_leaf': 2, 'min_samples_split': 10, 'n_estimators': 200, 'subsample': 1.0}",0.5413710790927286,0.5835792230804216,0.5348698111275065,0.5046487917631901,0.49672992588037346,0.532239766188844,0.03081638679060334,1084
1.5459428310394288,0.23722228904108936,0.012495279312133789,0.003932227154813045,0.01,2,2,10,300,0.8,"{'learning_rate': 0.01, 'max_depth': 2, 'min_samples_leaf': 2, 'min_samples_split': 10, 'n_estimators': 300, 'subsample': 0.8}",0.5839269577259996,0.6486490056562265,0.5865438924185375,0.5627878632127199,0.5607983721343559,0.5885412182295678,0.031846907616925726,517
1.1662805557250977,0.26464662588918253,0.009101676940917968,0.0012613645587263038,0.01,2,2,10,300,0.9,"{'learning_rate': 0.01, 'max_depth': 2, 'min_samples_leaf': 2, 'min_samples_split': 10, 'n_estimators': 300, 'subsample': 0.9}",0.5829755228941507,0.6436165535801823,0.5863423428239903,0.5632404206463542,0.5495101193241319,0.5851369918537619,0.03217053880687296,568
1.1795120239257812,0.38460821422969904,0.027930593490600585,0.02343018952337491,0.01,2,2,10,300,1.0,"{'learning_rate': 0.01, 'max_depth': 2, 'min_samples_leaf': 2, 'min_samples_split': 10, 'n_estimators': 300, 'subsample': 1.0}",0.5830956266291865,0.6336160367941652,0.5883424054822988,0.5552471607524456,0.541700438880391,0.5804003337076974,0.031725750211315844,631
0.6889093399047852,0.3499391635420325,0.021876955032348634,0.016875889902592395,0.01,2,4,2,100,0.8,"{'learning_rate': 0.01, 'max_depth': 2, 'min_samples_leaf': 4, 'min_samples_split': 2, 'n_estimators': 100, 'subsample': 0.8}",0.42518783805875837,0.4483032387206497,0.4311623591878573,0.39079806110070425,0.4017172367435694,0.4194337467623078,0.020678465622785625,1270
0.33226475715637205,0.07181140990473919,0.008689165115356445,0.0015716080736623479,0.01,2,4,2,100,0.9,"{'learning_rate': 0.01, 'max_depth': 2, 'min_samples_leaf': 4, 'min_samples_split': 2, 'n_estimators': 100, 'subsample': 0.9}",0.42184267541260334,0.44262643787309,0.4331598826129128,0.38825488565079835,0.39519905649987264,0.41621658760985547,0.021165073545147718,1279
0.23727493286132811,0.014385141230444425,0.008239221572875977,0.0023307789289031735,0.01,2,4,2,100,1.0,"{'learning_rate': 0.01, 'max_depth': 2, 'min_samples_leaf': 4, 'min_samples_split': 2, 'n_estimators': 100, 'subsample': 1.0}",0.415612543546265,0.4333911103722724,0.43336332228309726,0.38565279348703063,0.38477265538603755,0.4105584850149405,0.021689330885519043,1294
0.5631511211395264,0.07882976284186774,0.008993005752563477,0.0027343774821398424,0.01,2,4,2,200,0.8,"{'learning_rate': 0.01, 'max_depth': 2, 'min_samples_leaf': 4, 'min_samples_split': 2, 'n_estimators': 200, 'subsample': 0.8}",0.5487365654544276,0.5821167876238967,0.5363157340109466,0.5130895495179058,0.5080743668117131,0.537666600683778,0.026757876707061708,1044
0.6615171909332276,0.13123024011097714,0.009640932083129883,0.0018604456900891092,0.01,2,4,2,200,0.9,"{'learning_rate': 0.01, 'max_depth': 2, 'min_samples_leaf': 4, 'min_samples_split': 2, 'n_estimators': 200, 'subsample': 0.9}",0.5522258629841191,0.5776520281061523,0.5309064745049342,0.508712258748601,0.4974748282816407,0.5333942905250895,0.02904815018584894,1075
0.5639159202575683,0.07425603313269627,0.008788681030273438,0.0010723655043109667,0.01,2,4,2,200,1.0,"{'learning_rate': 0.01, 'max_depth': 2, 'min_samples_leaf': 4, 'min_samples_split': 2, 'n_estimators': 200, 'subsample': 1.0}",0.5505636240994095,0.5714931545712124,0.5310820537472714,0.49960310026118104,0.49333270802786333,0.5292149281413876,0.02970217324665025,1119
0.8778650283813476,0.03696491966437797,0.018067073822021485,0.007841854588754785,0.01,2,4,2,300,0.8,"{'learning_rate': 0.01, 'max_depth': 2, 'min_samples_leaf': 4, 'min_samples_split': 2, 'n_estimators': 300, 'subsample': 0.8}",0.5982110320081395,0.6294544487279835,0.5776136897765061,0.5632743257867139,0.5459020735733386,0.5828911139745363,0.028926467902912662,594
0.9164628028869629,0.04938517077510966,0.00925307273864746,0.0029555421096787945,0.01,2,4,2,300,0.9,"{'learning_rate': 0.01, 'max_depth': 2, 'min_samples_leaf': 4, 'min_samples_split': 2, 'n_estimators': 300, 'subsample': 0.9}",0.6027583239399652,0.6278575230243606,0.5816604864026007,0.557174529802146,0.5444565580548557,0.5827814842447857,0.030188395504623395,597
0.9209496021270752,0.07778988180733222,0.009224843978881837,0.0015582042995565056,0.01,2,4,2,300,1.0,"{'learning_rate': 0.01, 'max_depth': 2, 'min_samples_leaf': 4, 'min_samples_split': 2, 'n_estimators': 300, 'subsample': 1.0}",0.5956918112259538,0.6204351168068404,0.593437762828279,0.5467541741962796,0.5453085353016527,0.5803254800718011,0.029563687356164402,637
0.3191056251525879,0.0134884316440308,0.008886051177978516,0.0026624774350267394,0.01,2,4,5,100,0.8,"{'learning_rate': 0.01, 'max_depth': 2, 'min_samples_leaf': 4, 'min_samples_split': 5, 'n_estimators': 100, 'subsample': 0.8}",0.42518783805875837,0.4483032387206497,0.4311623591878573,0.39079806110070425,0.4017172367435694,0.4194337467623078,0.020678465622785625,1270
0.3024879455566406,0.02438358903067097,0.0076324462890625,0.0009750860105461644,0.01,2,4,5,100,0.9,"{'learning_rate': 0.01, 'max_depth': 2, 'min_samples_leaf': 4, 'min_samples_split': 5, 'n_estimators': 100, 'subsample': 0.9}",0.42184267541260334,0.44262643787309,0.4331598826129128,0.38825488565079835,0.39519905649987264,0.41621658760985547,0.021165073545147718,1279
0.2371218681335449,0.025176892026296416,0.0064208984375,0.001791369828658341,0.01,2,4,5,100,1.0,"{'learning_rate': 0.01, 'max_depth': 2, 'min_samples_leaf': 4, 'min_samples_split': 5, 'n_estimators': 100, 'subsample': 1.0}",0.415612543546265,0.4333911103722724,0.43336332228309726,0.38565279348703063,0.38477265538603755,0.4105584850149405,0.021689330885519043,1294
0.7466671943664551,0.04447151085954631,0.009895753860473634,0.0017514871195523686,0.01,2,4,5,200,0.8,"{'learning_rate': 0.01, 'max_depth': 2, 'min_samples_leaf': 4, 'min_samples_split': 5, 'n_estimators': 200, 'subsample': 0.8}",0.5487365654544276,0.5821167876238967,0.5363157340109466,0.5130895495179058,0.5080743668117131,0.537666600683778,0.026757876707061708,1044
0.7250879764556885,0.11377075055182571,0.010753965377807618,0.003323803067355779,0.01,2,4,5,200,0.9,"{'learning_rate': 0.01, 'max_depth': 2, 'min_samples_leaf': 4, 'min_samples_split': 5, 'n_estimators': 200, 'subsample': 0.9}",0.5522258629841191,0.5776520281061523,0.5309064745049342,0.508712258748601,0.4974748282816407,0.5333942905250895,0.02904815018584894,1075
0.6085123062133789,0.05656834224689085,0.009676551818847657,0.0016800736571065925,0.01,2,4,5,200,1.0,"{'learning_rate': 0.01, 'max_depth': 2, 'min_samples_leaf': 4, 'min_samples_split': 5, 'n_estimators': 200, 'subsample': 1.0}",0.5505636240994095,0.5714931545712124,0.5310820537472714,0.49960310026118104,0.49333270802786333,0.5292149281413876,0.02970217324665025,1119
0.9686785221099854,0.11800075148670755,0.014285612106323241,0.003360700219289013,0.01,2,4,5,300,0.8,"{'learning_rate': 0.01, 'max_depth': 2, 'min_samples_leaf': 4, 'min_samples_split': 5, 'n_estimators': 300, 'subsample': 0.8}",0.5982110320081395,0.6294544487279835,0.5776136897765061,0.5632743257867139,0.5459020735733386,0.5828911139745363,0.028926467902912662,594
1.1755039691925049,0.22093053010987307,0.013482332229614258,0.0036630325035543754,0.01,2,4,5,300,0.9,"{'learning_rate': 0.01, 'max_depth': 2, 'min_samples_leaf': 4, 'min_samples_split': 5, 'n_estimators': 300, 'subsample': 0.9}",0.6027583239399652,0.6278575230243606,0.5816604864026007,0.557174529802146,0.5444565580548557,0.5827814842447857,0.030188395504623395,597
1.210960054397583,0.14538702189951852,0.010782003402709961,0.002434215433266545,0.01,2,4,5,300,1.0,"{'learning_rate': 0.01, 'max_depth': 2, 'min_samples_leaf': 4, 'min_samples_split': 5, 'n_estimators': 300, 'subsample': 1.0}",0.5956918112259538,0.6204351168068404,0.593437762828279,0.5467541741962796,0.5453085353016527,0.5803254800718011,0.029563687356164402,637
0.41626839637756347,0.05538608473866906,0.011838912963867188,0.004338962783216565,0.01,2,4,10,100,0.8,"{'learning_rate': 0.01, 'max_depth': 2, 'min_samples_leaf': 4, 'min_samples_split': 10, 'n_estimators': 100, 'subsample': 0.8}",0.42518783805875837,0.4483032387206497,0.4311623591878573,0.39079806110070425,0.4017172367435694,0.4194337467623078,0.020678465622785625,1270
0.30427823066711424,0.02176152759374224,0.008723211288452149,0.0012378305548889088,0.01,2,4,10,100,0.9,"{'learning_rate': 0.01, 'max_depth': 2, 'min_samples_leaf': 4, 'min_samples_split': 10, 'n_estimators': 100, 'subsample': 0.9}",0.42184267541260334,0.44262643787309,0.4331598826129128,0.38825488565079835,0.39519905649987264,0.41621658760985547,0.021165073545147718,1279
0.2678156852722168,0.009462001584006664,0.008517313003540038,0.0018527825869091613,0.01,2,4,10,100,1.0,"{'learning_rate': 0.01, 'max_depth': 2, 'min_samples_leaf': 4, 'min_samples_split': 10, 'n_estimators': 100, 'subsample': 1.0}",0.415612543546265,0.4333911103722724,0.43336332228309726,0.38565279348703063,0.38477265538603755,0.4105584850149405,0.021689330885519043,1294
0.6952030658721924,0.12256669050583036,0.010263967514038085,0.002358895177020724,0.01,2,4,10,200,0.8,"{'learning_rate': 0.01, 'max_depth': 2, 'min_samples_leaf': 4, 'min_samples_split': 10, 'n_estimators': 200, 'subsample': 0.8}",0.5487365654544276,0.5821167876238967,0.5363157340109466,0.5130895495179058,0.5080743668117131,0.537666600683778,0.026757876707061708,1044
0.7675557136535645,0.10310200883148768,0.01113433837890625,0.00248830436864067,0.01,2,4,10,200,0.9,"{'learning_rate': 0.01, 'max_depth': 2, 'min_samples_leaf': 4, 'min_samples_split': 10, 'n_estimators': 200, 'subsample': 0.9}",0.5522258629841191,0.5776520281061523,0.5309064745049342,0.508712258748601,0.4974748282816407,0.5333942905250895,0.02904815018584894,1075
0.6313205242156983,0.08336014935010282,0.011210775375366211,0.0015731622490015409,0.01,2,4,10,200,1.0,"{'learning_rate': 0.01, 'max_depth': 2, 'min_samples_leaf': 4, 'min_samples_split': 10, 'n_estimators': 200, 'subsample': 1.0}",0.5505636240994095,0.5714931545712124,0.5310820537472714,0.49960310026118104,0.49333270802786333,0.5292149281413876,0.02970217324665025,1119
1.0390123844146728,0.07262479075386348,0.012169647216796874,0.004801361117468538,0.01,2,4,10,300,0.8,"{'learning_rate': 0.01, 'max_depth': 2, 'min_samples_leaf': 4, 'min_samples_split': 10, 'n_estimators': 300, 'subsample': 0.8}",0.5982110320081395,0.6297027360343171,0.5776136897765061,0.5632743257867139,0.5459020735733386,0.582940771435803,0.029006462086507763,592
0.9541459083557129,0.06168640022881969,0.009679555892944336,0.0014305833162705655,0.01,2,4,10,300,0.9,"{'learning_rate': 0.01, 'max_depth': 2, 'min_samples_leaf': 4, 'min_samples_split': 10, 'n_estimators': 300, 'subsample': 0.9}",0.6027583239399652,0.6278575230243606,0.5816604864026007,0.557174529802146,0.5444565580548557,0.5827814842447857,0.030188395504623395,597
0.846058988571167,0.06791019115338305,0.007892656326293945,0.0007714057263404509,0.01,2,4,10,300,1.0,"{'learning_rate': 0.01, 'max_depth': 2, 'min_samples_leaf': 4, 'min_samples_split': 10, 'n_estimators': 300, 'subsample': 1.0}",0.5956918112259538,0.6204351168068404,0.593437762828279,0.5467541741962796,0.5453085353016527,0.5803254800718011,0.029563687356164402,637
0.35434799194335936,0.04186258129932098,0.010821056365966798,0.003937986040024185,0.01,3,1,2,100,0.8,"{'learning_rate': 0.01, 'max_depth': 3, 'min_samples_leaf': 1, 'min_samples_split': 2, 'n_estimators': 100, 'subsample': 0.8}",0.44136351253172956,0.5037368986342962,0.48211340565124305,0.41603979437168537,0.48023504880213597,0.464697731998218,0.031562164457056015,1254
0.32021183967590333,0.028901669399333852,0.008244132995605469,0.0010223381621621676,0.01,3,1,2,100,0.9,"{'learning_rate': 0.01, 'max_depth': 3, 'min_samples_leaf': 1, 'min_samples_split': 2, 'n_estimators': 100, 'subsample': 0.9}",0.41496628176839667,0.4974253607544199,0.48278330811655057,0.41777636037188803,0.4670055742025182,0.45599137704275466,0.03376193435625536,1261
0.3125319004058838,0.02035399784626481,0.012462568283081055,0.008971476965919633,0.01,3,1,2,100,1.0,"{'learning_rate': 0.01, 'max_depth': 3, 'min_samples_leaf': 1, 'min_samples_split': 2, 'n_estimators': 100, 'subsample': 1.0}",0.3908361184942404,0.4928535742298491,0.4871464067300718,0.4141948905871884,0.4635376822990922,0.4497137344680883,0.040451240263748245,1267
0.8521021366119385,0.10132180640721074,0.008311843872070313,0.0007849968064353635,0.01,3,1,2,200,0.8,"{'learning_rate': 0.01, 'max_depth': 3, 'min_samples_leaf': 1, 'min_samples_split': 2, 'n_estimators': 200, 'subsample': 0.8}",0.5550092621753737,0.6315600074313703,0.5868351010450836,0.5443472681538556,0.5801886243127511,0.5795880526236868,0.03033148302888883,650
0.6617298603057862,0.049714141862477926,0.009767913818359375,0.0022788301004717944,0.01,3,1,2,200,0.9,"{'learning_rate': 0.01, 'max_depth': 3, 'min_samples_leaf': 1, 'min_samples_split': 2, 'n_estimators': 200, 'subsample': 0.9}",0.5325226513623137,0.6221278187834836,0.582206655310965,0.5452953696220246,0.5624466893085438,0.5689198368774662,0.03140828262918156,790
0.5930785179138184,0.018346978820187765,0.009529304504394532,0.0016995207707136402,0.01,3,1,2,200,1.0,"{'learning_rate': 0.01, 'max_depth': 3, 'min_samples_leaf': 1, 'min_samples_split': 2, 'n_estimators': 200, 'subsample': 1.0}",0.4937649884103278,0.6271455157831926,0.5751782136204706,0.547877484899754,0.5531861968315036,0.5594304799090497,0.04316882379469781,887
0.9925885677337647,0.10986198295469374,0.010386466979980469,0.001436783922909381,0.01,3,1,2,300,0.8,"{'learning_rate': 0.01, 'max_depth': 3, 'min_samples_leaf': 1, 'min_samples_split': 2, 'n_estimators': 300, 'subsample': 0.8}",0.5932754304798915,0.6554802629638539,0.6040321978815326,0.590530882021322,0.603507391132068,0.6093652328957335,0.02367684981333354,235
1.0151629447937012,0.14624029570498862,0.009231805801391602,0.0015671796954674928,0.01,3,1,2,300,0.9,"{'learning_rate': 0.01, 'max_depth': 3, 'min_samples_leaf': 1, 'min_samples_split': 2, 'n_estimators': 300, 'subsample': 0.9}",0.5714733571587577,0.6493005804123867,0.6060824898041384,0.5892253749533121,0.5878424551988969,0.6007848515054983,0.02661627977034576,353
0.8584287166595459,0.06147517108540479,0.00859661102294922,0.0008069961748852875,0.01,3,1,2,300,1.0,"{'learning_rate': 0.01, 'max_depth': 3, 'min_samples_leaf': 1, 'min_samples_split': 2, 'n_estimators': 300, 'subsample': 1.0}",0.5329776836979365,0.6521687573313659,0.6025422977357529,0.59254550514511,0.582390321359239,0.5925249130538808,0.03822648048900724,470
0.3301253318786621,0.03594855744362508,0.00871896743774414,0.0026642475222808477,0.01,3,1,5,100,0.8,"{'learning_rate': 0.01, 'max_depth': 3, 'min_samples_leaf': 1, 'min_samples_split': 5, 'n_estimators': 100, 'subsample': 0.8}",0.4432230098948924,0.5033090364522905,0.482116166452942,0.4165297641727702,0.4801708506328676,0.46506976552115253,0.03102991092451938,1252
0.25455656051635744,0.012350689986832775,0.007827186584472656,0.0016875090898606252,0.01,3,1,5,100,0.9,"{'learning_rate': 0.01, 'max_depth': 3, 'min_samples_leaf': 1, 'min_samples_split': 5, 'n_estimators': 100, 'subsample': 0.9}",0.4144509495246188,0.4972291595158952,0.48295665607480454,0.41822169053258984,0.46700551919935207,0.4559727949694521,0.03376728273054403,1262
0.24183135032653807,0.005490699276351193,0.007455110549926758,0.001364469407385048,0.01,3,1,5,100,1.0,"{'learning_rate': 0.01, 'max_depth': 3, 'min_samples_leaf': 1, 'min_samples_split': 5, 'n_estimators': 100, 'subsample': 1.0}",0.3907313519193384,0.4928535742298491,0.4871464067300718,0.41370380494832126,0.4635376822990922,0.4495945640253346,0.040568257857964085,1268
0.5708147048950195,0.05348022504455142,0.011458826065063477,0.002165412272817197,0.01,3,1,5,200,0.8,"{'learning_rate': 0.01, 'max_depth': 3, 'min_samples_leaf': 1, 'min_samples_split': 5, 'n_estimators': 200, 'subsample': 0.8}",0.5554883263566677,0.6293748752700026,0.5848346171904895,0.5450265814303097,0.579820776557435,0.5789090353609809,0.02925506822545213,655
0.6296888828277588,0.041818439016369044,0.009991264343261719,0.003059479654519484,0.01,3,1,5,200,0.9,"{'learning_rate': 0.01, 'max_depth': 3, 'min_samples_leaf': 1, 'min_samples_split': 5, 'n_estimators': 200, 'subsample': 0.9}",0.5324375324999686,0.6215522269527407,0.5827129583122839,0.5453052624002557,0.5627430116238834,0.5689501983578265,0.03126395338244808,788
0.570120906829834,0.04308214721253345,0.008051156997680664,0.0008153088148437465,0.01,3,1,5,200,1.0,"{'learning_rate': 0.01, 'max_depth': 3, 'min_samples_leaf': 1, 'min_samples_split': 5, 'n_estimators': 200, 'subsample': 1.0}",0.49416072012874046,0.6273548366781901,0.5751774378534757,0.5481766589826709,0.5529946702640398,0.5595728647814233,0.04310404443379918,885
1.4943058967590332,0.25012659902516643,0.018580150604248048,0.014535403749380683,0.01,3,1,5,300,0.8,"{'learning_rate': 0.01, 'max_depth': 3, 'min_samples_leaf': 1, 'min_samples_split': 5, 'n_estimators': 300, 'subsample': 0.8}",0.5947944398761902,0.65395739347619,0.6032180840171013,0.5913442500368561,0.6016627264970774,0.608995378780683,0.02289959257924407,238
1.3372902393341064,0.3901625908050569,0.010695219039916992,0.004719435542580576,0.01,3,1,5,300,0.9,"{'learning_rate': 0.01, 'max_depth': 3, 'min_samples_leaf': 1, 'min_samples_split': 5, 'n_estimators': 300, 'subsample': 0.9}",0.5716404733474947,0.6468380646507839,0.6078051278129563,0.5899556320597008,0.5879284617783782,0.6008335519298628,0.025698733006197204,351
0.8603867053985595,0.04446705070863364,0.011102676391601562,0.0015803355484638056,0.01,3,1,5,300,1.0,"{'learning_rate': 0.01, 'max_depth': 3, 'min_samples_leaf': 1, 'min_samples_split': 5, 'n_estimators': 300, 'subsample': 1.0}",0.5332869789156353,0.6531031493833801,0.5950664210444156,0.5922942962179918,0.5825182839077345,0.5912538258938315,0.03815081209824248,483
0.33180460929870603,0.01512662315024747,0.007647180557250976,0.0002540440794951119,0.01,3,1,10,100,0.8,"{'learning_rate': 0.01, 'max_depth': 3, 'min_samples_leaf': 1, 'min_samples_split': 10, 'n_estimators': 100, 'subsample': 0.8}",0.44330248031669484,0.5033090364522905,0.482116166452942,0.41584291209182966,0.4801708506328676,0.4649482891893249,0.031234238965762613,1253
0.4614884376525879,0.1632548226503695,0.018044137954711915,0.018916151314188105,0.01,3,1,10,100,0.9,"{'learning_rate': 0.01, 'max_depth': 3, 'min_samples_leaf': 1, 'min_samples_split': 10, 'n_estimators': 100, 'subsample': 0.9}",0.4144509495246188,0.4972291595158952,0.48295665607480454,0.41822169053258984,0.46700551919935207,0.4559727949694521,0.03376728273054403,1262
0.3246314525604248,0.07041626849640428,0.010320615768432618,0.0034535338587361013,0.01,3,1,10,100,1.0,"{'learning_rate': 0.01, 'max_depth': 3, 'min_samples_leaf': 1, 'min_samples_split': 10, 'n_estimators': 100, 'subsample': 1.0}",0.3907313519193384,0.4928535742298491,0.4871464067300718,0.41370380494832126,0.4635376822990922,0.4495945640253346,0.040568257857964085,1268
1.0415501117706298,0.06182535363625926,0.010701608657836915,0.00294315043492851,0.01,3,1,10,200,0.8,"{'learning_rate': 0.01, 'max_depth': 3, 'min_samples_leaf': 1, 'min_samples_split': 10, 'n_estimators': 200, 'subsample': 0.8}",0.5565044542387036,0.6290042381303331,0.58699328000022,0.5455466108502629,0.5801558936665567,0.5796408953772153,0.028944006414472104,647
0.7066870212554932,0.13511395463417444,0.008284473419189453,0.0009983427152589573,0.01,3,1,10,200,0.9,"{'learning_rate': 0.01, 'max_depth': 3, 'min_samples_leaf': 1, 'min_samples_split': 10, 'n_estimators': 200, 'subsample': 0.9}",0.5320537627458637,0.6215367011890849,0.5827129583122839,0.5452143708853313,0.5627716134697605,0.5688578813204648,0.03136119451583386,791
0.685282564163208,0.045160328492401126,0.010991430282592774,0.006152196390460015,0.01,3,1,10,200,1.0,"{'learning_rate': 0.01, 'max_depth': 3, 'min_samples_leaf': 1, 'min_samples_split': 10, 'n_estimators': 200, 'subsample': 1.0}",0.4937062945744053,0.6273503155933625,0.5751774378534757,0.5481766589826709,0.5529946702640398,0.5594810754535908,0.04324070913728042,886
0.9979601860046386,0.0737496452216936,0.012109851837158203,0.0033105879931033537,0.01,3,1,10,300,0.8,"{'learning_rate': 0.01, 'max_depth': 3, 'min_samples_leaf': 1, 'min_samples_split': 10, 'n_estimators': 300, 'subsample': 0.8}",0.5957840908567243,0.6590523362676444,0.6060485467020239,0.5920296143920131,0.6017368916384445,0.61093029597137,0.02453863979511835,205
0.9605925559997559,0.06337671561211532,0.010543203353881836,0.0021839973254807075,0.01,3,1,10,300,0.9,"{'learning_rate': 0.01, 'max_depth': 3, 'min_samples_leaf': 1, 'min_samples_split': 10, 'n_estimators': 300, 'subsample': 0.9}",0.5720764086160568,0.6489938304289014,0.6078416984044503,0.5887566897709755,0.5888947494589045,0.6013126753358577,0.026392186879981995,346
1.0313337802886964,0.03149072219417641,0.011569786071777343,0.002026715022336985,0.01,3,1,10,300,1.0,"{'learning_rate': 0.01, 'max_depth': 3, 'min_samples_leaf': 1, 'min_samples_split': 10, 'n_estimators': 300, 'subsample': 1.0}",0.5329041181404468,0.6553216749694756,0.5953481053451087,0.5922942962179918,0.5832817560243422,0.591829990139473,0.03895925423983308,476
0.36124353408813475,0.011896498081097783,0.011955595016479493,0.0035427676133743475,0.01,3,2,2,100,0.8,"{'learning_rate': 0.01, 'max_depth': 3, 'min_samples_leaf': 2, 'min_samples_split': 2, 'n_estimators': 100, 'subsample': 0.8}",0.46329820681140466,0.5025965783848638,0.4828321668986407,0.41700876220341054,0.4777397705247135,0.4686950969646067,0.028745702054355417,1247
0.3171670436859131,0.03094090357994418,0.008054065704345702,0.0027467586929077847,0.01,3,2,2,100,0.9,"{'learning_rate': 0.01, 'max_depth': 3, 'min_samples_leaf': 2, 'min_samples_split': 2, 'n_estimators': 100, 'subsample': 0.9}",0.43349190770552204,0.5005307136770867,0.48506534981876226,0.41790776507845084,0.47140992210712507,0.46168113167738944,0.03118172867049357,1256
0.24214415550231932,0.013660472092437233,0.006278324127197266,0.000920961322132521,0.01,3,2,2,100,1.0,"{'learning_rate': 0.01, 'max_depth': 3, 'min_samples_leaf': 2, 'min_samples_split': 2, 'n_estimators': 100, 'subsample': 1.0}",0.38999385811305853,0.49235731796624205,0.4899389485198963,0.41346751365805834,0.47101844244870805,0.4513552161411926,0.041850241303177854,1264
0.567083740234375,0.029916904044724687,0.010806560516357422,0.00354907678586687,0.01,3,2,2,200,0.8,"{'learning_rate': 0.01, 'max_depth': 3, 'min_samples_leaf': 2, 'min_samples_split': 2, 'n_estimators': 200, 'subsample': 0.8}",0.5726106862196987,0.6307696773850371,0.5862513464461171,0.5475346807037471,0.5765588343779442,0.5827450450265088,0.027200748699887443,600
0.8834550380706787,0.3014395879843853,0.014364671707153321,0.010737269613792204,0.01,3,2,2,200,0.9,"{'learning_rate': 0.01, 'max_depth': 3, 'min_samples_leaf': 2, 'min_samples_split': 2, 'n_estimators': 200, 'subsample': 0.9}",0.5514891472950785,0.6267303012218515,0.578011118301961,0.5458537438843736,0.5624220178739145,0.5729012657154359,0.029063852273159514,743
1.0100605487823486,0.2646293047029581,0.007855510711669922,0.00015003835568799874,0.01,3,2,2,200,1.0,"{'learning_rate': 0.01, 'max_depth': 3, 'min_samples_leaf': 2, 'min_samples_split': 2, 'n_estimators': 200, 'subsample': 1.0}",0.5018492635793778,0.627871892889958,0.5740329491546305,0.5481327299407239,0.5564590853530507,0.5616691841835482,0.040803100246689095,864
1.8017240524291993,0.22218299980843204,0.019733762741088866,0.017931212472196804,0.01,3,2,2,300,0.8,"{'learning_rate': 0.01, 'max_depth': 3, 'min_samples_leaf': 2, 'min_samples_split': 2, 'n_estimators': 300, 'subsample': 0.8}",0.6152121192910798,0.6587097324940587,0.6047123283115581,0.5936065818974785,0.5965337941339078,0.6137549112256167,0.023695357203396217,157
1.2885483741760253,0.4104687425343828,0.009531879425048828,0.0026405200185340605,0.01,3,2,2,300,0.9,"{'learning_rate': 0.01, 'max_depth': 3, 'min_samples_leaf': 2, 'min_samples_split': 2, 'n_estimators': 300, 'subsample': 0.9}",0.5942296303710369,0.6549902305016477,0.604848518006415,0.5891691409644548,0.5899534573940767,0.6066381954475263,0.024813879482742843,278
0.9570461750030518,0.05648436626224366,0.010514783859252929,0.003989883364676849,0.01,3,2,2,300,1.0,"{'learning_rate': 0.01, 'max_depth': 3, 'min_samples_leaf': 2, 'min_samples_split': 2, 'n_estimators': 300, 'subsample': 1.0}",0.5413304368652343,0.6684697419240264,0.6031629128128992,0.5943195092527784,0.5827496877332516,0.598006457717638,0.04111008978170886,393
0.3792069435119629,0.060740430548178764,0.012566375732421874,0.006081394323094795,0.01,3,2,5,100,0.8,"{'learning_rate': 0.01, 'max_depth': 3, 'min_samples_leaf': 2, 'min_samples_split': 5, 'n_estimators': 100, 'subsample': 0.8}",0.46329820681140466,0.5025965783848638,0.4828321668986407,0.41700876220341054,0.4777397705247135,0.4686950969646067,0.028745702054355417,1247
0.286433744430542,0.03864682020249577,0.007175540924072266,0.0015156627173436624,0.01,3,2,5,100,0.9,"{'learning_rate': 0.01, 'max_depth': 3, 'min_samples_leaf': 2, 'min_samples_split': 5, 'n_estimators': 100, 'subsample': 0.9}",0.43349190770552204,0.5005307136770867,0.48506534981876226,0.41790776507845084,0.47140992210712507,0.46168113167738944,0.03118172867049357,1256
0.23884754180908202,0.010168597910422544,0.007670354843139648,0.003035385348285583,0.01,3,2,5,100,1.0,"{'learning_rate': 0.01, 'max_depth': 3, 'min_samples_leaf': 2, 'min_samples_split': 5, 'n_estimators': 100, 'subsample': 1.0}",0.38999385811305853,0.49235731796624205,0.4899389485198963,0.41346751365805834,0.47101844244870805,0.4513552161411926,0.041850241303177854,1264
0.579966402053833,0.046272987006050884,0.010517501831054687,0.0037112639570927824,0.01,3,2,5,200,0.8,"{'learning_rate': 0.01, 'max_depth': 3, 'min_samples_leaf': 2, 'min_samples_split': 5, 'n_estimators': 200, 'subsample': 0.8}",0.5729142268497136,0.6308626243206699,0.5862513464461171,0.5475470722285923,0.5765300109992619,0.5828210561688709,0.027209320540484354,596
0.6011396408081054,0.011423339163715315,0.009052133560180664,0.0013222778363379101,0.01,3,2,5,200,0.9,"{'learning_rate': 0.01, 'max_depth': 3, 'min_samples_leaf': 2, 'min_samples_split': 5, 'n_estimators': 200, 'subsample': 0.9}",0.5514891587520684,0.6267295821430849,0.578011118301961,0.5458424857948057,0.5624220178739145,0.572898872573167,0.02906567991629751,744
0.5711696147918701,0.03172543581073306,0.009579849243164063,0.0013412190952090865,0.01,3,2,5,200,1.0,"{'learning_rate': 0.01, 'max_depth': 3, 'min_samples_leaf': 2, 'min_samples_split': 5, 'n_estimators': 200, 'subsample': 1.0}",0.5018492635793778,0.627871892889958,0.5740329491546305,0.5481327299407239,0.5564590853530507,0.5616691841835482,0.040803100246689095,864
0.9027591228485108,0.04685487351525711,0.011606645584106446,0.002637266960884631,0.01,3,2,5,300,0.8,"{'learning_rate': 0.01, 'max_depth': 3, 'min_samples_leaf': 2, 'min_samples_split': 5, 'n_estimators': 300, 'subsample': 0.8}",0.6153987014947244,0.6587160555563334,0.6047568851705682,0.5938773164892737,0.5970804666735746,0.6139658850768949,0.023571611496270187,151
1.0906989574432373,0.11314911847358901,0.010113191604614259,0.002888727539553507,0.01,3,2,5,300,0.9,"{'learning_rate': 0.01, 'max_depth': 3, 'min_samples_leaf': 2, 'min_samples_split': 5, 'n_estimators': 300, 'subsample': 0.9}",0.5942713912228361,0.6549608291287944,0.6047835203531873,0.5890810205959733,0.5890172804921772,0.6064228083585936,0.024939822240636185,283
0.9238850593566894,0.04821099985898206,0.008264589309692382,0.0006031691389266656,0.01,3,2,5,300,1.0,"{'learning_rate': 0.01, 'max_depth': 3, 'min_samples_leaf': 2, 'min_samples_split': 5, 'n_estimators': 300, 'subsample': 1.0}",0.5413304368652343,0.6681451895561458,0.6043207361268477,0.5941192320048996,0.5827496877332516,0.5981330564572758,0.04103482075822697,388
0.3046943187713623,0.010277334501425683,0.009884262084960937,0.0017107498068621937,0.01,3,2,10,100,0.8,"{'learning_rate': 0.01, 'max_depth': 3, 'min_samples_leaf': 2, 'min_samples_split': 10, 'n_estimators': 100, 'subsample': 0.8}",0.46337840471524405,0.5030093323816112,0.4828321668986407,0.4173037870725572,0.4777397705247135,0.46885269231855337,0.028734437129686166,1246
0.2659761428833008,0.009882899033044056,0.007266616821289063,0.0006554287377363216,0.01,3,2,10,100,0.9,"{'learning_rate': 0.01, 'max_depth': 3, 'min_samples_leaf': 2, 'min_samples_split': 10, 'n_estimators': 100, 'subsample': 0.9}",0.43349190770552204,0.5005307136770867,0.48506534981876226,0.417997265048636,0.47140992210712507,0.4616990316714265,0.03115661083168744,1255
0.25294742584228513,0.010678751867979843,0.008201122283935547,0.0017915108304171468,0.01,3,2,10,100,1.0,"{'learning_rate': 0.01, 'max_depth': 3, 'min_samples_leaf': 2, 'min_samples_split': 10, 'n_estimators': 100, 'subsample': 1.0}",0.38999385811305853,0.49235731796624205,0.4899389485198963,0.41346751365805834,0.47101844244870805,0.4513552161411926,0.041850241303177854,1264
0.5604194641113281,0.034695144745514356,0.008516407012939453,0.0006530980010150124,0.01,3,2,10,200,0.8,"{'learning_rate': 0.01, 'max_depth': 3, 'min_samples_leaf': 2, 'min_samples_split': 10, 'n_estimators': 200, 'subsample': 0.8}",0.571955716889267,0.6311427638607305,0.5858035711523091,0.547817513055874,0.5766008373977589,0.5826640804711879,0.02729745179580128,603
0.6125158309936524,0.01033153647077298,0.008533287048339843,0.000945976306749669,0.01,3,2,10,200,0.9,"{'learning_rate': 0.01, 'max_depth': 3, 'min_samples_leaf': 2, 'min_samples_split': 10, 'n_estimators': 200, 'subsample': 0.9}",0.5501139468801564,0.6266752877930516,0.578011118301961,0.5467691269201415,0.5624492529783018,0.5728037465747224,0.02908299723866273,748
0.5539970874786377,0.00766398948891662,0.012197160720825195,0.0072139363472343105,0.01,3,2,10,200,1.0,"{'learning_rate': 0.01, 'max_depth': 3, 'min_samples_leaf': 2, 'min_samples_split': 10, 'n_estimators': 200, 'subsample': 1.0}",0.5023450510726694,0.6278600459593731,0.5740329491546305,0.5481674803816494,0.5564590853530507,0.5617729223842747,0.04065177231942071,863
0.9124339580535888,0.03577291069124878,0.00878891944885254,0.0009701092735834117,0.01,3,2,10,300,0.8,"{'learning_rate': 0.01, 'max_depth': 3, 'min_samples_leaf': 2, 'min_samples_split': 10, 'n_estimators': 300, 'subsample': 0.8}",0.6146167205491858,0.6630670755843608,0.6061371301079793,0.5934298223925364,0.5973176401880347,0.6149136777644195,0.025167607252134693,138
1.0443470001220703,0.09547791849930855,0.01056528091430664,0.0036640193672111067,0.01,3,2,10,300,0.9,"{'learning_rate': 0.01, 'max_depth': 3, 'min_samples_leaf': 2, 'min_samples_split': 10, 'n_estimators': 300, 'subsample': 0.9}",0.5927273345580755,0.6575428502771025,0.6047512320845514,0.5897557951505061,0.5903853819990533,0.6070325188138577,0.025833112452550776,274
0.8884018421173095,0.0877363544163589,0.01013188362121582,0.0024928857345489952,0.01,3,2,10,300,1.0,"{'learning_rate': 0.01, 'max_depth': 3, 'min_samples_leaf': 2, 'min_samples_split': 10, 'n_estimators': 300, 'subsample': 1.0}",0.5442485875783385,0.6707899008808482,0.6030085360691808,0.5944724921660282,0.5834543776773243,0.599194778874344,0.04105983535915189,371
0.3489445686340332,0.026434453840473573,0.010453033447265624,0.002392982345672364,0.01,3,4,2,100,0.8,"{'learning_rate': 0.01, 'max_depth': 3, 'min_samples_leaf': 4, 'min_samples_split': 2, 'n_estimators': 100, 'subsample': 0.8}",0.4925821492168183,0.49678639046634854,0.4796249280127677,0.42363619532770824,0.4569871572613603,0.46992336405700064,0.026977807587754383,1243
0.33722429275512694,0.021389212826232438,0.00963282585144043,0.0036940153602602575,0.01,3,4,2,100,0.9,"{'learning_rate': 0.01, 'max_depth': 3, 'min_samples_leaf': 4, 'min_samples_split': 2, 'n_estimators': 100, 'subsample': 0.9}",0.4925044242679093,0.48902931828515506,0.4841892808690067,0.42407745779241424,0.45079253222567206,0.4681186026880315,0.026570691295069053,1249
0.25052266120910643,0.017729930721680692,0.008588409423828125,0.0022096117379527386,0.01,3,4,2,100,1.0,"{'learning_rate': 0.01, 'max_depth': 3, 'min_samples_leaf': 4, 'min_samples_split': 2, 'n_estimators': 100, 'subsample': 1.0}",0.473992748087805,0.4657023181789338,0.47787962892267366,0.41839449748823,0.44754198368378617,0.4567022352722857,0.021816683115772877,1258
0.6165783405303955,0.030890388224942833,0.010080194473266602,0.0017646599577669938,0.01,3,4,2,200,0.8,"{'learning_rate': 0.01, 'max_depth': 3, 'min_samples_leaf': 4, 'min_samples_split': 2, 'n_estimators': 200, 'subsample': 0.8}",0.6002592099163083,0.6272944815422483,0.576586482123935,0.5454692760706106,0.5506899634595648,0.5800598826225334,0.03069295320597311,643
0.6712474822998047,0.04348720902019467,0.009531688690185548,0.0025560870671843964,0.01,3,4,2,200,0.9,"{'learning_rate': 0.01, 'max_depth': 3, 'min_samples_leaf': 4, 'min_samples_split': 2, 'n_estimators': 200, 'subsample': 0.9}",0.602534525704866,0.6248145855759323,0.5756813799542104,0.5458672977576732,0.5427303517479362,0.5783256281481236,0.031858602749931915,661
0.6444540023803711,0.03622514071319657,0.00885944366455078,0.0020483689641683477,0.01,3,4,2,200,1.0,"{'learning_rate': 0.01, 'max_depth': 3, 'min_samples_leaf': 4, 'min_samples_split': 2, 'n_estimators': 200, 'subsample': 1.0}",0.5894726229034609,0.6093179702801346,0.5712928943748665,0.5396328345723365,0.5360371039818539,0.5691506852225304,0.02828000625759777,781
1.0235486030578613,0.05688046786523402,0.011224508285522461,0.0024586384328238397,0.01,3,4,2,300,0.8,"{'learning_rate': 0.01, 'max_depth': 3, 'min_samples_leaf': 4, 'min_samples_split': 2, 'n_estimators': 300, 'subsample': 0.8}",0.6337937459367674,0.6525665007739967,0.5991789712380219,0.5844252155758378,0.5817940303477699,0.6103516927744786,0.028086195472653275,216
0.9798410892486572,0.0708430237961194,0.012218666076660157,0.0022710112757301946,0.01,3,4,2,300,0.9,"{'learning_rate': 0.01, 'max_depth': 3, 'min_samples_leaf': 4, 'min_samples_split': 2, 'n_estimators': 300, 'subsample': 0.9}",0.6365735934545542,0.6552147898176989,0.6009504509220341,0.5842651115274458,0.58044438596281,0.6114896663369086,0.029519995605333953,195
0.9269739151000976,0.06685695386327625,0.010866880416870117,0.002702626330083311,0.01,3,4,2,300,1.0,"{'learning_rate': 0.01, 'max_depth': 3, 'min_samples_leaf': 4, 'min_samples_split': 2, 'n_estimators': 300, 'subsample': 1.0}",0.6220025748291089,0.6461265708632637,0.6035711922849276,0.5838201344658301,0.5761830712403149,0.606340708736689,0.02550505228726366,286
0.3274830341339111,0.025298108178345574,0.007712793350219726,0.0008263794780284631,0.01,3,4,5,100,0.8,"{'learning_rate': 0.01, 'max_depth': 3, 'min_samples_leaf': 4, 'min_samples_split': 5, 'n_estimators': 100, 'subsample': 0.8}",0.4925821492168183,0.49678639046634854,0.4796249280127677,0.42363619532770824,0.4569871572613603,0.46992336405700064,0.026977807587754383,1243
0.3878021240234375,0.06914870891403224,0.010732078552246093,0.0020228794462097983,0.01,3,4,5,100,0.9,"{'learning_rate': 0.01, 'max_depth': 3, 'min_samples_leaf': 4, 'min_samples_split': 5, 'n_estimators': 100, 'subsample': 0.9}",0.4925044242679093,0.48902931828515506,0.4841892808690067,0.42407745779241424,0.45079253222567206,0.4681186026880315,0.026570691295069053,1249
0.4032903671264648,0.06639211821900251,0.008913326263427734,0.0016052999831179288,0.01,3,4,5,100,1.0,"{'learning_rate': 0.01, 'max_depth': 3, 'min_samples_leaf': 4, 'min_samples_split': 5, 'n_estimators': 100, 'subsample': 1.0}",0.473992748087805,0.4657023181789338,0.47787962892267366,0.41839449748823,0.44754198368378617,0.4567022352722857,0.021816683115772877,1258
0.8601027965545655,0.09446260565846665,0.012691545486450195,0.004792098139803963,0.01,3,4,5,200,0.8,"{'learning_rate': 0.01, 'max_depth': 3, 'min_samples_leaf': 4, 'min_samples_split': 5, 'n_estimators': 200, 'subsample': 0.8}",0.6002592099163083,0.6272944815422483,0.576586482123935,0.5454692760706106,0.5506899634595648,0.5800598826225334,0.03069295320597311,643
0.7523333072662354,0.06245966827570829,0.010703134536743163,0.002704483727049138,0.01,3,4,5,200,0.9,"{'learning_rate': 0.01, 'max_depth': 3, 'min_samples_leaf': 4, 'min_samples_split': 5, 'n_estimators': 200, 'subsample': 0.9}",0.602534525704866,0.6248145855759323,0.5756813799542104,0.5458672977576732,0.5427303517479362,0.5783256281481236,0.031858602749931915,661
0.7693980216979981,0.04977529320674165,0.015498018264770508,0.007130934530339412,0.01,3,4,5,200,1.0,"{'learning_rate': 0.01, 'max_depth': 3, 'min_samples_leaf': 4, 'min_samples_split': 5, 'n_estimators': 200, 'subsample': 1.0}",0.5894726229034609,0.6093179702801346,0.5712928943748665,0.5396328345723365,0.5360371039818539,0.5691506852225304,0.02828000625759777,781
1.1025523662567138,0.08393994819521167,0.009661245346069335,0.0014894235863256785,0.01,3,4,5,300,0.8,"{'learning_rate': 0.01, 'max_depth': 3, 'min_samples_leaf': 4, 'min_samples_split': 5, 'n_estimators': 300, 'subsample': 0.8}",0.6337937459367674,0.6525665007739967,0.5991789712380219,0.5844252155758378,0.5817940303477699,0.6103516927744786,0.028086195472653275,216
1.4912448883056642,0.5268204300746665,0.020481061935424805,0.017596200058496488,0.01,3,4,5,300,0.9,"{'learning_rate': 0.01, 'max_depth': 3, 'min_samples_leaf': 4, 'min_samples_split': 5, 'n_estimators': 300, 'subsample': 0.9}",0.6365735934545542,0.6552147898176989,0.6009504509220341,0.5842651115274458,0.58044438596281,0.6114896663369086,0.029519995605333953,195
1.4526310443878174,0.3236410686084824,0.01136608123779297,0.0037490589028557,0.01,3,4,5,300,1.0,"{'learning_rate': 0.01, 'max_depth': 3, 'min_samples_leaf': 4, 'min_samples_split': 5, 'n_estimators': 300, 'subsample': 1.0}",0.6220025748291089,0.6461265708632637,0.6035711922849276,0.5838201344658301,0.5761830712403149,0.606340708736689,0.02550505228726366,286
0.4204066276550293,0.10759385264674273,0.011113929748535156,0.0050244622190317445,0.01,3,4,10,100,0.8,"{'learning_rate': 0.01, 'max_depth': 3, 'min_samples_leaf': 4, 'min_samples_split': 10, 'n_estimators': 100, 'subsample': 0.8}",0.4926049754505687,0.4968702685450943,0.4796249280127677,0.42341021167522264,0.4569871572613603,0.4698995081890027,0.027075920835033476,1245
0.3146035671234131,0.014040097059047235,0.008636999130249023,0.001956801232984835,0.01,3,4,10,100,0.9,"{'learning_rate': 0.01, 'max_depth': 3, 'min_samples_leaf': 4, 'min_samples_split': 10, 'n_estimators': 100, 'subsample': 0.9}",0.4925044242679093,0.48902931828515506,0.4841892808690067,0.42394865245126134,0.45079253222567206,0.4680928416198009,0.026613406101166786,1251
0.3123948574066162,0.02302587950437139,0.008997726440429687,0.0025025200286295703,0.01,3,4,10,100,1.0,"{'learning_rate': 0.01, 'max_depth': 3, 'min_samples_leaf': 4, 'min_samples_split': 10, 'n_estimators': 100, 'subsample': 1.0}",0.473992748087805,0.4657023181789338,0.47787962892267366,0.41839449748823,0.44754198368378617,0.4567022352722857,0.021816683115772877,1258
0.6578445434570312,0.03302644713438767,0.011141824722290038,0.005355653536014881,0.01,3,4,10,200,0.8,"{'learning_rate': 0.01, 'max_depth': 3, 'min_samples_leaf': 4, 'min_samples_split': 10, 'n_estimators': 200, 'subsample': 0.8}",0.6004696216803471,0.6269869230224757,0.5767758640669087,0.5457693860794887,0.5508733785874586,0.5801750346873358,0.030519217611031296,640
0.6655927658081054,0.04962942776694231,0.008596849441528321,0.00038831632657995713,0.01,3,4,10,200,0.9,"{'learning_rate': 0.01, 'max_depth': 3, 'min_samples_leaf': 4, 'min_samples_split': 10, 'n_estimators': 200, 'subsample': 0.9}",0.6033759128960527,0.6252970685493462,0.5756813799542104,0.545652561694193,0.5427366140397243,0.5785487074267053,0.03217043177427714,659
0.5618972778320312,0.017263391568837473,0.011567783355712891,0.0048647502530447485,0.01,3,4,10,200,1.0,"{'learning_rate': 0.01, 'max_depth': 3, 'min_samples_leaf': 4, 'min_samples_split': 10, 'n_estimators': 200, 'subsample': 1.0}",0.5891586035624083,0.6093179702801346,0.5712881191013616,0.5395082918234926,0.5360371039818539,0.5690620177498502,0.02826106030630513,785
0.9647858619689942,0.06512671247037197,0.010540151596069336,0.003384586237757087,0.01,3,4,10,300,0.8,"{'learning_rate': 0.01, 'max_depth': 3, 'min_samples_leaf': 4, 'min_samples_split': 10, 'n_estimators': 300, 'subsample': 0.8}",0.6346270941589338,0.6535837831516218,0.5999140515685062,0.5847296359804566,0.582124861717544,0.6109958853154124,0.028349327930031594,203
1.1409547328948975,0.17653568241691453,0.01497650146484375,0.008182336887325677,0.01,3,4,10,300,0.9,"{'learning_rate': 0.01, 'max_depth': 3, 'min_samples_leaf': 4, 'min_samples_split': 10, 'n_estimators': 300, 'subsample': 0.9}",0.6379607778648766,0.655755185406734,0.6005112215392537,0.584201394409626,0.5805974869016819,0.6118052132244344,0.029930455593147196,191
1.007235860824585,0.06873014117202314,0.008015775680541992,0.0006977357188902527,0.01,3,4,10,300,1.0,"{'learning_rate': 0.01, 'max_depth': 3, 'min_samples_leaf': 4, 'min_samples_split': 10, 'n_estimators': 300, 'subsample': 1.0}",0.6220186151890494,0.6460082704262299,0.6053798129360805,0.583199626782114,0.57644357782212,0.6066099806311188,0.025492042272237465,279
0.35567917823791506,0.04180472114883703,0.009861230850219727,0.0019998971309789634,0.01,4,1,2,100,0.8,"{'learning_rate': 0.01, 'max_depth': 4, 'min_samples_leaf': 1, 'min_samples_split': 2, 'n_estimators': 100, 'subsample': 0.8}",0.47131366063397795,0.5132050088303339,0.5305123019622182,0.44276741583979506,0.5019977932476278,0.4919592361027906,0.03125562139112657,1229
0.29113063812255857,0.013258794647172414,0.007866859436035156,0.0022505957229067273,0.01,4,1,2,100,0.9,"{'learning_rate': 0.01, 'max_depth': 4, 'min_samples_leaf': 1, 'min_samples_split': 2, 'n_estimators': 100, 'subsample': 0.9}",0.4290607363584368,0.5109113495608798,0.5283776268322254,0.43611544462492824,0.5066103616892302,0.4822151038131401,0.04123141281868013,1235
0.25403499603271484,0.0051305261806749314,0.007007598876953125,0.0014656511936822817,0.01,4,1,2,100,1.0,"{'learning_rate': 0.01, 'max_depth': 4, 'min_samples_leaf': 1, 'min_samples_split': 2, 'n_estimators': 100, 'subsample': 1.0}",0.40387956954339754,0.5149381643557003,0.5241464802280262,0.43064463453088064,0.5128582639328193,0.47729342251816476,0.04988566282793314,1239
0.5461256027221679,0.0207095375838454,0.009611177444458007,0.002302165451180018,0.01,4,1,2,200,0.8,"{'learning_rate': 0.01, 'max_depth': 4, 'min_samples_leaf': 1, 'min_samples_split': 2, 'n_estimators': 200, 'subsample': 0.8}",0.5625926945557727,0.6271234030708248,0.6194020256510273,0.5622919941563655,0.5980843240530663,0.5938988882974113,0.027389303726466578,442
0.630711030960083,0.03439905127739511,0.010221576690673828,0.001686022429719174,0.01,4,1,2,200,0.9,"{'learning_rate': 0.01, 'max_depth': 4, 'min_samples_leaf': 1, 'min_samples_split': 2, 'n_estimators': 200, 'subsample': 0.9}",0.5191104869296606,0.624591565809596,0.6096939759291823,0.5537053688965266,0.600104056287202,0.5814410907704335,0.03914810274023767,622
0.6046169757843017,0.039359804119665255,0.008155059814453126,0.0005772981712357768,0.01,4,1,2,200,1.0,"{'learning_rate': 0.01, 'max_depth': 4, 'min_samples_leaf': 1, 'min_samples_split': 2, 'n_estimators': 200, 'subsample': 1.0}",0.4972956759570103,0.607714651536233,0.6080995361077732,0.5524535260770678,0.6013631529621117,0.5733853085280393,0.04334538699418414,735
1.0507992267608643,0.11227305552937955,0.015055131912231446,0.003914830044037815,0.01,4,1,2,300,0.8,"{'learning_rate': 0.01, 'max_depth': 4, 'min_samples_leaf': 1, 'min_samples_split': 2, 'n_estimators': 300, 'subsample': 0.8}",0.5923557455823705,0.6514586858943746,0.6198707884858383,0.5938261226018711,0.61017703883425,0.6135376762797409,0.021571391707128892,161
1.2159749031066895,0.1851999670133458,0.009071779251098634,0.0009319786026398371,0.01,4,1,2,300,0.9,"{'learning_rate': 0.01, 'max_depth': 4, 'min_samples_leaf': 1, 'min_samples_split': 2, 'n_estimators': 300, 'subsample': 0.9}",0.5492823977207936,0.6399814540562768,0.6115031473236289,0.5870034536107811,0.6152586607629189,0.6006058226948798,0.030669255251446363,354
1.2015437602996826,0.24123274208677717,0.011300039291381837,0.0023847697801626013,0.01,4,1,2,300,1.0,"{'learning_rate': 0.01, 'max_depth': 4, 'min_samples_leaf': 1, 'min_samples_split': 2, 'n_estimators': 300, 'subsample': 1.0}",0.5198857321480821,0.6124194665866062,0.6278767344675176,0.5902084967912935,0.6225227117333723,0.5945826283453743,0.03951216999610662,431
0.36211323738098145,0.08728293415037133,0.008257913589477538,0.0011018596223464918,0.01,4,1,5,100,0.8,"{'learning_rate': 0.01, 'max_depth': 4, 'min_samples_leaf': 1, 'min_samples_split': 5, 'n_estimators': 100, 'subsample': 0.8}",0.46730957071041357,0.5105313764538414,0.5315911504543499,0.4448253549331672,0.5049598585947593,0.4918434622293063,0.03134891053190386,1231
0.31098356246948244,0.029618741545193138,0.008579349517822266,0.0015516167823738886,0.01,4,1,5,100,0.9,"{'learning_rate': 0.01, 'max_depth': 4, 'min_samples_leaf': 1, 'min_samples_split': 5, 'n_estimators': 100, 'subsample': 0.9}",0.4308508795376499,0.5125733759141504,0.5276114722776548,0.43696934127918796,0.5020806606660149,0.4820171459349316,0.040155602174276224,1236
0.46074328422546384,0.14424370299545686,0.01217045783996582,0.003078603640000448,0.01,4,1,5,100,1.0,"{'learning_rate': 0.01, 'max_depth': 4, 'min_samples_leaf': 1, 'min_samples_split': 5, 'n_estimators': 100, 'subsample': 1.0}",0.4004893327798833,0.5122593839509124,0.5254896379714393,0.4308858026200474,0.5056749891383483,0.4749598292921261,0.04975201315557359,1241
0.8475514411926269,0.090896303142214,0.00896439552307129,0.00031515857846308115,0.01,4,1,5,200,0.8,"{'learning_rate': 0.01, 'max_depth': 4, 'min_samples_leaf': 1, 'min_samples_split': 5, 'n_estimators': 200, 'subsample': 0.8}",0.5543452708504403,0.6268248919774198,0.6203086386983724,0.5628211722425721,0.6017197915556638,0.5932039530648937,0.029565728726995744,455
0.8070196628570556,0.04394728174273944,0.013209247589111328,0.003644527866888822,0.01,4,1,5,200,0.9,"{'learning_rate': 0.01, 'max_depth': 4, 'min_samples_leaf': 1, 'min_samples_split': 5, 'n_estimators': 200, 'subsample': 0.9}",0.5226109794022726,0.6258570608702864,0.6104237515105084,0.5560358157887153,0.5977248223724327,0.582530485988843,0.03789039199889257,606
0.6969385147094727,0.013453975438683019,0.011667919158935548,0.0033802127887777133,0.01,4,1,5,200,1.0,"{'learning_rate': 0.01, 'max_depth': 4, 'min_samples_leaf': 1, 'min_samples_split': 5, 'n_estimators': 200, 'subsample': 1.0}",0.4966902177893645,0.6034651316060362,0.6102276159482002,0.5525104334189059,0.5919389884405442,0.5709664774406102,0.0421782741368796,766
1.003471040725708,0.0808209882180802,0.009795379638671876,0.0019072829199438357,0.01,4,1,5,300,0.8,"{'learning_rate': 0.01, 'max_depth': 4, 'min_samples_leaf': 1, 'min_samples_split': 5, 'n_estimators': 300, 'subsample': 0.8}",0.5860695130449161,0.650504697961473,0.6199206755901272,0.5960255839824324,0.6128819783225943,0.6130804897803086,0.02221648749318024,170
1.0483664512634276,0.05836878187612478,0.011497974395751953,0.002010064426626939,0.01,4,1,5,300,0.9,"{'learning_rate': 0.01, 'max_depth': 4, 'min_samples_leaf': 1, 'min_samples_split': 5, 'n_estimators': 300, 'subsample': 0.9}",0.5539569157349129,0.64312756870771,0.6157639185122673,0.5897228760479785,0.6128153720734939,0.6030773302152725,0.029836075981870408,324
0.9817444801330566,0.06924993282743665,0.011744165420532226,0.003562445253780262,0.01,4,1,5,300,1.0,"{'learning_rate': 0.01, 'max_depth': 4, 'min_samples_leaf': 1, 'min_samples_split': 5, 'n_estimators': 300, 'subsample': 1.0}",0.523847425223858,0.6092462293587455,0.6180358872057314,0.5884961691410419,0.6154245451356004,0.5910100512129954,0.03514586590424303,485
0.3227356433868408,0.032655847961686864,0.010440874099731445,0.0031944287038228633,0.01,4,1,10,100,0.8,"{'learning_rate': 0.01, 'max_depth': 4, 'min_samples_leaf': 1, 'min_samples_split': 10, 'n_estimators': 100, 'subsample': 0.8}",0.47171577048606017,0.5164626177539171,0.5269488086477977,0.4431005702035715,0.5042890008552374,0.4925033535893168,0.030893998810465766,1228
0.3012531757354736,0.0022755950458391246,0.006605815887451172,0.0013077295219837376,0.01,4,1,10,100,0.9,"{'learning_rate': 0.01, 'max_depth': 4, 'min_samples_leaf': 1, 'min_samples_split': 10, 'n_estimators': 100, 'subsample': 0.9}",0.43692906689757494,0.5145004313024892,0.5321976219947238,0.4379788509711847,0.5017416591726329,0.48466952606772107,0.03974778263267179,1233
0.2564589023590088,0.00976407376440289,0.006942176818847656,0.0004049664486465027,0.01,4,1,10,100,1.0,"{'learning_rate': 0.01, 'max_depth': 4, 'min_samples_leaf': 1, 'min_samples_split': 10, 'n_estimators': 100, 'subsample': 1.0}",0.3963397441994221,0.5111402389696433,0.5259117079196358,0.4308858026200474,0.5056749891383483,0.4739904965694194,0.050926371561152914,1242
0.612654447555542,0.06370594194444172,0.008674335479736329,0.0014692323696567677,0.01,4,1,10,200,0.8,"{'learning_rate': 0.01, 'max_depth': 4, 'min_samples_leaf': 1, 'min_samples_split': 10, 'n_estimators': 200, 'subsample': 0.8}",0.555067038769748,0.6321030515805729,0.6171417517930249,0.5607873621936427,0.6001309157066352,0.5930460240087247,0.030460714937297753,456
0.6684241771697998,0.026804706645588722,0.011232089996337891,0.0006385749101124597,0.01,4,1,10,200,0.9,"{'learning_rate': 0.01, 'max_depth': 4, 'min_samples_leaf': 1, 'min_samples_split': 10, 'n_estimators': 200, 'subsample': 0.9}",0.520396524571658,0.6275703715930186,0.6121680128803234,0.5553441991656154,0.5949926194449577,0.5820943455311147,0.03914345750158298,612
0.6614851474761962,0.03706750884442008,0.008855485916137695,0.0015508406964637577,0.01,4,1,10,200,1.0,"{'learning_rate': 0.01, 'max_depth': 4, 'min_samples_leaf': 1, 'min_samples_split': 10, 'n_estimators': 200, 'subsample': 1.0}",0.4754864756805477,0.6080174942978971,0.610417307115184,0.5522494567471365,0.5920870046967481,0.5676515477075027,0.05057081428613291,802
1.013640546798706,0.07416024567028952,0.011771488189697265,0.002876251178485513,0.01,4,1,10,300,0.8,"{'learning_rate': 0.01, 'max_depth': 4, 'min_samples_leaf': 1, 'min_samples_split': 10, 'n_estimators': 300, 'subsample': 0.8}",0.5861338416613542,0.6564312438798799,0.6175793146505828,0.5962687619866291,0.6091895826878118,0.6131205489732515,0.024180217024576803,168
1.0670166015625,0.10875422372962944,0.012572574615478515,0.00339352373595861,0.01,4,1,10,300,0.9,"{'learning_rate': 0.01, 'max_depth': 4, 'min_samples_leaf': 1, 'min_samples_split': 10, 'n_estimators': 300, 'subsample': 0.9}",0.5515054351410327,0.6490094215313391,0.6174977141964206,0.5888883711401597,0.6114855960141052,0.6036773076046115,0.03239626669053116,321
1.0741117954254151,0.06115793353683109,0.011262130737304688,0.003511569085342844,0.01,4,1,10,300,1.0,"{'learning_rate': 0.01, 'max_depth': 4, 'min_samples_leaf': 1, 'min_samples_split': 10, 'n_estimators': 300, 'subsample': 1.0}",0.5013633886563948,0.6188423714935734,0.6171756845292395,0.5905391137416797,0.6124503677974373,0.588074185243665,0.04452553186424941,530
0.41396846771240237,0.07876476751977847,0.009096145629882812,0.0016702027440959764,0.01,4,2,2,100,0.8,"{'learning_rate': 0.01, 'max_depth': 4, 'min_samples_leaf': 2, 'min_samples_split': 2, 'n_estimators': 100, 'subsample': 0.8}",0.5104669709375682,0.5263513286217667,0.5309034754626455,0.45324603747905645,0.4993336708627455,0.5040602966727564,0.027795401623238087,1206
0.3793782711029053,0.04382143850267579,0.011503124237060547,0.003266831706836654,0.01,4,2,2,100,0.9,"{'learning_rate': 0.01, 'max_depth': 4, 'min_samples_leaf': 2, 'min_samples_split': 2, 'n_estimators': 100, 'subsample': 0.9}",0.4653980219511281,0.5173720128063735,0.525733502422957,0.4535783149554774,0.49769979726268543,0.4919563298797243,0.028277402606244697,1230
0.3434013843536377,0.031028315963957765,0.008187580108642577,0.001300873384386759,0.01,4,2,2,100,1.0,"{'learning_rate': 0.01, 'max_depth': 4, 'min_samples_leaf': 2, 'min_samples_split': 2, 'n_estimators': 100, 'subsample': 1.0}",0.3995861302737066,0.521248678070102,0.5279262480569151,0.4542960050262608,0.49579800328145374,0.47977101294168767,0.047696497208133896,1238
0.8918002128601075,0.16548351652486137,0.010581874847412109,0.0021906168894087626,0.01,4,2,2,200,0.8,"{'learning_rate': 0.01, 'max_depth': 4, 'min_samples_leaf': 2, 'min_samples_split': 2, 'n_estimators': 200, 'subsample': 0.8}",0.5959780289717272,0.6383369935118666,0.6159583671618734,0.571694741604855,0.59184445540277,0.6027625173306184,0.022672070286755115,329
0.9022397041320801,0.16474675922045395,0.009984874725341797,0.0013852056874119113,0.01,4,2,2,200,0.9,"{'learning_rate': 0.01, 'max_depth': 4, 'min_samples_leaf': 2, 'min_samples_split': 2, 'n_estimators': 200, 'subsample': 0.9}",0.5507226057016359,0.6265027240323251,0.6044200653932603,0.5719051365248087,0.5849306407671723,0.5876962344838405,0.02611392984613841,536
0.7121752262115478,0.05645286252526106,0.011468648910522461,0.0019567274386104072,0.01,4,2,2,200,1.0,"{'learning_rate': 0.01, 'max_depth': 4, 'min_samples_leaf': 2, 'min_samples_split': 2, 'n_estimators': 200, 'subsample': 1.0}",0.49175983493800735,0.6166833082111486,0.6068070594876718,0.5667326127089303,0.580939867242743,0.5725845365177002,0.04416462768446263,750
1.3531829357147216,0.18586238215552003,0.00981135368347168,0.0017210130375059857,0.01,4,2,2,300,0.8,"{'learning_rate': 0.01, 'max_depth': 4, 'min_samples_leaf': 2, 'min_samples_split': 2, 'n_estimators': 300, 'subsample': 0.8}",0.6239029479719849,0.6551494788699255,0.6160214932922974,0.6060091017831293,0.601732737277539,0.6205631518389751,0.0189441273414224,55
1.223532247543335,0.14717676893016393,0.013316583633422852,0.0072913431985154546,0.01,4,2,2,300,0.9,"{'learning_rate': 0.01, 'max_depth': 4, 'min_samples_leaf': 2, 'min_samples_split': 2, 'n_estimators': 300, 'subsample': 0.9}",0.5799221950946334,0.6441258287395649,0.6110627593019122,0.6058132501150232,0.5968014661361397,0.6075450998774546,0.02112805476193995,263
1.2926512718200684,0.17739962981839572,0.014233636856079101,0.00821711395349775,0.01,4,2,2,300,1.0,"{'learning_rate': 0.01, 'max_depth': 4, 'min_samples_leaf': 2, 'min_samples_split': 2, 'n_estimators': 300, 'subsample': 1.0}",0.5254157903682948,0.642089134508802,0.6186449237541816,0.5983203763404905,0.5981942023555933,0.5965328854654723,0.039058700379500315,403
0.44138484001159667,0.07785589859633912,0.009610128402709962,0.002131652169638799,0.01,4,2,5,100,0.8,"{'learning_rate': 0.01, 'max_depth': 4, 'min_samples_leaf': 2, 'min_samples_split': 5, 'n_estimators': 100, 'subsample': 0.8}",0.5094664832281538,0.5262647678986805,0.5305984132421488,0.4522234956871971,0.4978999395760708,0.5032906199264502,0.02810188232503814,1208
0.26897411346435546,0.040721588808234475,0.0071814537048339845,0.004084120321177902,0.01,4,2,5,100,0.9,"{'learning_rate': 0.01, 'max_depth': 4, 'min_samples_leaf': 2, 'min_samples_split': 5, 'n_estimators': 100, 'subsample': 0.9}",0.465662791474459,0.5170336466300203,0.5258806887639921,0.45316417493207317,0.5011152303829557,0.49257130643670005,0.028488277821079152,1227
0.23694071769714356,0.03827788763766867,0.006544971466064453,0.0011086310682980895,0.01,4,2,5,100,1.0,"{'learning_rate': 0.01, 'max_depth': 4, 'min_samples_leaf': 2, 'min_samples_split': 5, 'n_estimators': 100, 'subsample': 1.0}",0.3995861302737066,0.5195976646743332,0.5279269650648404,0.4542960050262608,0.4988415317675732,0.48004965936134275,0.04763831613111926,1237
0.6588016986846924,0.042987780318717514,0.012624454498291016,0.007141073962453861,0.01,4,2,5,200,0.8,"{'learning_rate': 0.01, 'max_depth': 4, 'min_samples_leaf': 2, 'min_samples_split': 5, 'n_estimators': 200, 'subsample': 0.8}",0.5921268669635709,0.6411924101430861,0.6160611497978519,0.5707870003067425,0.5907422166809153,0.6021819287784334,0.02421595856919641,333
0.6961323261260987,0.05462322732415306,0.012389707565307616,0.004072966778912365,0.01,4,2,5,200,0.9,"{'learning_rate': 0.01, 'max_depth': 4, 'min_samples_leaf': 2, 'min_samples_split': 5, 'n_estimators': 200, 'subsample': 0.9}",0.5514809108495641,0.6271625571695212,0.6056803566469542,0.5710646222523456,0.5905089298141767,0.5891794753465123,0.026329036083381635,513
0.6640133857727051,0.04535388380303456,0.010767650604248048,0.001088506736239606,0.01,4,2,5,200,1.0,"{'learning_rate': 0.01, 'max_depth': 4, 'min_samples_leaf': 2, 'min_samples_split': 5, 'n_estimators': 200, 'subsample': 1.0}",0.4917819882082036,0.6118356243063963,0.6063497884409413,0.5669242893878325,0.5797865328517482,0.5713356446390243,0.04309501232738679,763
1.0357997417449951,0.08518106534341406,0.010081958770751954,0.002238660615574724,0.01,4,2,5,300,0.8,"{'learning_rate': 0.01, 'max_depth': 4, 'min_samples_leaf': 2, 'min_samples_split': 5, 'n_estimators': 300, 'subsample': 0.8}",0.6213727640974358,0.6606850535871787,0.6152467460394289,0.6071611839390709,0.6009106674158519,0.6210752830157932,0.02099146559155323,52
1.0098304271697998,0.07124855574641124,0.01000227928161621,0.0012620560199160177,0.01,4,2,5,300,0.9,"{'learning_rate': 0.01, 'max_depth': 4, 'min_samples_leaf': 2, 'min_samples_split': 5, 'n_estimators': 300, 'subsample': 0.9}",0.5840309228587501,0.6459306103655852,0.6129148874556443,0.6051714080819364,0.6031127068171407,0.6102321071158113,0.02022067771575698,219
0.9257771968841553,0.07432235876293873,0.009392881393432617,0.00169598694920465,0.01,4,2,5,300,1.0,"{'learning_rate': 0.01, 'max_depth': 4, 'min_samples_leaf': 2, 'min_samples_split': 5, 'n_estimators': 300, 'subsample': 1.0}",0.5299860709762068,0.6321321033564371,0.6186117918684524,0.5995781737940418,0.5932145054916607,0.5947045290973597,0.03517621904832665,430
0.34308657646179197,0.0246478250257996,0.009083032608032227,0.0015638292657155692,0.01,4,2,10,100,0.8,"{'learning_rate': 0.01, 'max_depth': 4, 'min_samples_leaf': 2, 'min_samples_split': 10, 'n_estimators': 100, 'subsample': 0.8}",0.5154619393573667,0.5320994591526558,0.5285126026105705,0.45203958067324346,0.5005150226181827,0.5057257208824039,0.029048108463002546,1202
0.36497483253479,0.03055553205970266,0.0095550537109375,0.00225912241773318,0.01,4,2,10,100,0.9,"{'learning_rate': 0.01, 'max_depth': 4, 'min_samples_leaf': 2, 'min_samples_split': 10, 'n_estimators': 100, 'subsample': 0.9}",0.4653091297644413,0.5200055612351606,0.5276955861093928,0.4527176274702759,0.5016447785969272,0.4934745366352396,0.02965179298465877,1223
0.3652379035949707,0.03276028910339693,0.008650970458984376,0.0021452019868911667,0.01,4,2,10,100,1.0,"{'learning_rate': 0.01, 'max_depth': 4, 'min_samples_leaf': 2, 'min_samples_split': 10, 'n_estimators': 100, 'subsample': 1.0}",0.3896969895103978,0.5155663633569729,0.5276213940072162,0.4542960050262608,0.4988415317675732,0.47720445673368417,0.05032697177320571,1240
0.6795841217041015,0.03576807947433215,0.009039354324340821,0.0028491264382118054,0.01,4,2,10,200,0.8,"{'learning_rate': 0.01, 'max_depth': 4, 'min_samples_leaf': 2, 'min_samples_split': 10, 'n_estimators': 200, 'subsample': 0.8}",0.6007147131158185,0.6492250293592551,0.6142180633736645,0.5705130086662915,0.5919402166380056,0.605322206230607,0.02614796751682971,298
0.7349057197570801,0.06037883741211017,0.011314868927001953,0.0025901402742966482,0.01,4,2,10,200,0.9,"{'learning_rate': 0.01, 'max_depth': 4, 'min_samples_leaf': 2, 'min_samples_split': 10, 'n_estimators': 200, 'subsample': 0.9}",0.5479026026436489,0.6382642490579914,0.6079727403039825,0.5698387265198726,0.5914899026171931,0.5910936442285377,0.031072059683905348,484
1.197546625137329,0.3250348995494745,0.02628331184387207,0.01980188225007176,0.01,4,2,10,200,1.0,"{'learning_rate': 0.01, 'max_depth': 4, 'min_samples_leaf': 2, 'min_samples_split': 10, 'n_estimators': 200, 'subsample': 1.0}",0.4853723526180921,0.6170676999195497,0.6092411057275424,0.5674796424387841,0.580429638400427,0.571918087820879,0.046933582242975024,757
1.5286385059356689,0.21630619673013723,0.010714483261108399,0.002502297012558014,0.01,4,2,10,300,0.8,"{'learning_rate': 0.01, 'max_depth': 4, 'min_samples_leaf': 2, 'min_samples_split': 10, 'n_estimators': 300, 'subsample': 0.8}",0.6317793828475713,0.6711621915962334,0.6149634756463522,0.6059043685687642,0.6049233375584991,0.625746551243484,0.024668070887746783,30
1.077955389022827,0.04442919551359588,0.010815715789794922,0.0017819374654559459,0.01,4,2,10,300,0.9,"{'learning_rate': 0.01, 'max_depth': 4, 'min_samples_leaf': 2, 'min_samples_split': 10, 'n_estimators': 300, 'subsample': 0.9}",0.5805585612887274,0.661717137053851,0.6163378759359763,0.6019897193796273,0.6037108460445826,0.6128628279405529,0.026997660579473434,175
0.8983972072601318,0.04747068842362161,0.010499382019042968,0.002741361624731089,0.01,4,2,10,300,1.0,"{'learning_rate': 0.01, 'max_depth': 4, 'min_samples_leaf': 2, 'min_samples_split': 10, 'n_estimators': 300, 'subsample': 1.0}",0.5107695144312836,0.6427518942122513,0.6163352786322874,0.598028778351033,0.5912063439129209,0.5918183619079553,0.0442790321357188,477
0.3655980587005615,0.02033690397447398,0.0095123291015625,0.0030746891744009774,0.01,4,4,2,100,0.8,"{'learning_rate': 0.01, 'max_depth': 4, 'min_samples_leaf': 4, 'min_samples_split': 2, 'n_estimators': 100, 'subsample': 0.8}",0.5447415436236813,0.549208740925031,0.5205437410573358,0.46801104571508345,0.4776205193970213,0.5120251181436306,0.03360496458069158,1185
0.3693704605102539,0.02300408957342607,0.009397745132446289,0.0012306732793046522,0.01,4,4,2,100,0.9,"{'learning_rate': 0.01, 'max_depth': 4, 'min_samples_leaf': 4, 'min_samples_split': 2, 'n_estimators': 100, 'subsample': 0.9}",0.5572522803780181,0.5429175279795355,0.5090339929079886,0.4709715358466807,0.47126371659739563,0.5102878107419236,0.035610620072686554,1190
0.32921652793884276,0.006633735394355188,0.009930801391601563,0.001758530789706302,0.01,4,4,2,100,1.0,"{'learning_rate': 0.01, 'max_depth': 4, 'min_samples_leaf': 4, 'min_samples_split': 2, 'n_estimators': 100, 'subsample': 1.0}",0.5677848059407089,0.5181145806576706,0.5165231830065558,0.47394164003376904,0.4662749656893109,0.5085278350656031,0.03646568176888273,1197
0.7634439945220948,0.14185725543511343,0.010729503631591798,0.0020435553655544906,0.01,4,4,2,200,0.8,"{'learning_rate': 0.01, 'max_depth': 4, 'min_samples_leaf': 4, 'min_samples_split': 2, 'n_estimators': 200, 'subsample': 0.8}",0.6391417631262021,0.6678658793381405,0.6033523483857431,0.5800824377511083,0.5599755004361922,0.6100835858074772,0.039088028285535446,222
0.6656128883361816,0.06969034099873693,0.010142040252685548,0.00299375895387797,0.01,4,4,2,200,0.9,"{'learning_rate': 0.01, 'max_depth': 4, 'min_samples_leaf': 4, 'min_samples_split': 2, 'n_estimators': 200, 'subsample': 0.9}",0.6470024240713712,0.6624959181793779,0.5949491544638701,0.581220046666976,0.5580371492366727,0.6087409385236535,0.03967877558167021,241
0.6242825984954834,0.026067328233593607,0.009810829162597656,0.0022675699875475846,0.01,4,4,2,200,1.0,"{'learning_rate': 0.01, 'max_depth': 4, 'min_samples_leaf': 4, 'min_samples_split': 2, 'n_estimators': 200, 'subsample': 1.0}",0.6547669094338542,0.6425255238360486,0.5960177955712315,0.5782738476241926,0.5529094450263327,0.6048987042983318,0.03845322364731241,307
1.0440583229064941,0.1408126276206532,0.010905790328979491,0.0019989937829628765,0.01,4,4,2,300,0.8,"{'learning_rate': 0.01, 'max_depth': 4, 'min_samples_leaf': 4, 'min_samples_split': 2, 'n_estimators': 300, 'subsample': 0.8}",0.6619205295652812,0.6934473365071421,0.6113653965212985,0.6066036499977818,0.580424618005899,0.6307523061194805,0.04097318888050391,16
1.0090980052947998,0.09559223045114953,0.013230180740356446,0.0061921492123986,0.01,4,4,2,300,0.9,"{'learning_rate': 0.01, 'max_depth': 4, 'min_samples_leaf': 4, 'min_samples_split': 2, 'n_estimators': 300, 'subsample': 0.9}",0.6706306956309969,0.6832751448625667,0.6125540259760629,0.6116531234125,0.5860867640839574,0.6328399507932168,0.0374649437843581,1
0.9455946922302246,0.059353141360986926,0.008673334121704101,0.0005009917599434566,0.01,4,4,2,300,1.0,"{'learning_rate': 0.01, 'max_depth': 4, 'min_samples_leaf': 4, 'min_samples_split': 2, 'n_estimators': 300, 'subsample': 1.0}",0.6741521236183096,0.6685510532519436,0.6184022372280906,0.6034088574043007,0.5852074974364005,0.6299443537878091,0.035450087436011746,20
0.35715694427490235,0.03586353228268624,0.009338665008544921,0.0024219999469566405,0.01,4,4,5,100,0.8,"{'learning_rate': 0.01, 'max_depth': 4, 'min_samples_leaf': 4, 'min_samples_split': 5, 'n_estimators': 100, 'subsample': 0.8}",0.5447415436236813,0.549208740925031,0.5205437410573358,0.46801104571508345,0.4776205193970213,0.5120251181436306,0.03360496458069158,1185
0.33994264602661134,0.005365599452154114,0.008431148529052735,0.0010298586429436847,0.01,4,4,5,100,0.9,"{'learning_rate': 0.01, 'max_depth': 4, 'min_samples_leaf': 4, 'min_samples_split': 5, 'n_estimators': 100, 'subsample': 0.9}",0.5572522803780181,0.5429175279795355,0.5090339929079886,0.4709715358466807,0.47126371659739563,0.5102878107419236,0.035610620072686554,1190
0.3201316833496094,0.012171291558283939,0.00848073959350586,0.0005545262385308223,0.01,4,4,5,100,1.0,"{'learning_rate': 0.01, 'max_depth': 4, 'min_samples_leaf': 4, 'min_samples_split': 5, 'n_estimators': 100, 'subsample': 1.0}",0.5677848059407089,0.5181145806576706,0.5165231830065558,0.47394164003376904,0.4662749656893109,0.5085278350656031,0.03646568176888273,1197
0.6926827430725098,0.10003843804099809,0.012810468673706055,0.0031830582983930033,0.01,4,4,5,200,0.8,"{'learning_rate': 0.01, 'max_depth': 4, 'min_samples_leaf': 4, 'min_samples_split': 5, 'n_estimators': 200, 'subsample': 0.8}",0.6391417631262021,0.6678658793381405,0.6033523483857431,0.5800824377511083,0.5599755004361922,0.6100835858074772,0.039088028285535446,222
0.7000743389129639,0.04604865037475563,0.007645988464355468,0.00039956716415656603,0.01,4,4,5,200,0.9,"{'learning_rate': 0.01, 'max_depth': 4, 'min_samples_leaf': 4, 'min_samples_split': 5, 'n_estimators': 200, 'subsample': 0.9}",0.6470024240713712,0.6624959181793779,0.5949491544638701,0.581220046666976,0.5580371492366727,0.6087409385236535,0.03967877558167021,241
0.7204999923706055,0.08857866204265445,0.008923673629760742,0.0016722889654957201,0.01,4,4,5,200,1.0,"{'learning_rate': 0.01, 'max_depth': 4, 'min_samples_leaf': 4, 'min_samples_split': 5, 'n_estimators': 200, 'subsample': 1.0}",0.6547669094338542,0.6425255238360486,0.5960177955712315,0.5782738476241926,0.5529094450263327,0.6048987042983318,0.03845322364731241,307
1.0546020030975343,0.19724734401844307,0.01052684783935547,0.0028595453515755315,0.01,4,4,5,300,0.8,"{'learning_rate': 0.01, 'max_depth': 4, 'min_samples_leaf': 4, 'min_samples_split': 5, 'n_estimators': 300, 'subsample': 0.8}",0.6619205295652812,0.6934473365071421,0.6113653965212985,0.6066036499977818,0.580424618005899,0.6307523061194805,0.04097318888050391,16
1.2155897617340088,0.14708728019691875,0.012540769577026368,0.0028420325817523793,0.01,4,4,5,300,0.9,"{'learning_rate': 0.01, 'max_depth': 4, 'min_samples_leaf': 4, 'min_samples_split': 5, 'n_estimators': 300, 'subsample': 0.9}",0.6706306956309969,0.6832751448625667,0.6125540259760629,0.6116531234125,0.5860867640839574,0.6328399507932168,0.0374649437843581,1
0.9603169918060303,0.0963531074609344,0.010203790664672852,0.0013149674377703736,0.01,4,4,5,300,1.0,"{'learning_rate': 0.01, 'max_depth': 4, 'min_samples_leaf': 4, 'min_samples_split': 5, 'n_estimators': 300, 'subsample': 1.0}",0.6741521236183096,0.6685510532519436,0.6184022372280906,0.6034088574043007,0.5852074974364005,0.6299443537878091,0.035450087436011746,20
0.4046529769897461,0.04369799240554728,0.010533475875854492,0.004276502930851665,0.01,4,4,10,100,0.8,"{'learning_rate': 0.01, 'max_depth': 4, 'min_samples_leaf': 4, 'min_samples_split': 10, 'n_estimators': 100, 'subsample': 0.8}",0.5377276145204014,0.5467990848638041,0.5204234123728931,0.4666304583052149,0.47675099001484345,0.5096663120154314,0.03230324396327506,1195
0.3436588287353516,0.024686775503049974,0.008073854446411132,0.0012939329047637193,0.01,4,4,10,100,0.9,"{'learning_rate': 0.01, 'max_depth': 4, 'min_samples_leaf': 4, 'min_samples_split': 10, 'n_estimators': 100, 'subsample': 0.9}",0.5370354946190958,0.5423766351189726,0.5126074625191899,0.47096961378561286,0.47138558912140416,0.5068749590328551,0.030827188331175457,1201
0.30860581398010256,0.05348151557748464,0.007781553268432617,0.002782064681182109,0.01,4,4,10,100,1.0,"{'learning_rate': 0.01, 'max_depth': 4, 'min_samples_leaf': 4, 'min_samples_split': 10, 'n_estimators': 100, 'subsample': 1.0}",0.5356162007819868,0.5170939285692797,0.5182292743080203,0.47394164003376904,0.4662749656893109,0.5022312018764733,0.027146076505419402,1211
0.6347311973571778,0.09132291796850611,0.010745477676391602,0.0021426414314307425,0.01,4,4,10,200,0.8,"{'learning_rate': 0.01, 'max_depth': 4, 'min_samples_leaf': 4, 'min_samples_split': 10, 'n_estimators': 200, 'subsample': 0.8}",0.6305179313058762,0.667570185799399,0.6019930614065669,0.5800381708695244,0.5626918380429633,0.6085622374848659,0.03721521315547283,245
0.7310678958892822,0.06187538182318452,0.009244441986083984,0.0015933496980945234,0.01,4,4,10,200,0.9,"{'learning_rate': 0.01, 'max_depth': 4, 'min_samples_leaf': 4, 'min_samples_split': 10, 'n_estimators': 200, 'subsample': 0.9}",0.6286196864608478,0.6581508788534451,0.6038967557345492,0.5828277863542974,0.5577412603052652,0.606247273541681,0.034932333842324664,289
0.6029837131500244,0.02775184617777587,0.009082698822021484,0.0009056737822672131,0.01,4,4,10,200,1.0,"{'learning_rate': 0.01, 'max_depth': 4, 'min_samples_leaf': 4, 'min_samples_split': 10, 'n_estimators': 200, 'subsample': 1.0}",0.6211568024757192,0.6424727247657377,0.5950942526467693,0.5787512463086371,0.5525948110488323,0.5980139674491391,0.03147903697250969,392
0.9356451034545898,0.04624487262607451,0.009875965118408204,0.0018749600348246759,0.01,4,4,10,300,0.8,"{'learning_rate': 0.01, 'max_depth': 4, 'min_samples_leaf': 4, 'min_samples_split': 10, 'n_estimators': 300, 'subsample': 0.8}",0.6560334657089315,0.6916068085275923,0.6112516963518756,0.6065269975497689,0.5822171107863328,0.6295272157849002,0.03913491485750216,22
1.027810001373291,0.10308199412864005,0.011347532272338867,0.0030327970968128406,0.01,4,4,10,300,0.9,"{'learning_rate': 0.01, 'max_depth': 4, 'min_samples_leaf': 4, 'min_samples_split': 10, 'n_estimators': 300, 'subsample': 0.9}",0.65355413390749,0.6748539013229005,0.6234825458113092,0.6127061799420077,0.5862349918918124,0.630166350575104,0.031059493497019232,19
0.9674835205078125,0.05586525125157533,0.008737277984619141,0.0018154452264790152,0.01,4,4,10,300,1.0,"{'learning_rate': 0.01, 'max_depth': 4, 'min_samples_leaf': 4, 'min_samples_split': 10, 'n_estimators': 300, 'subsample': 1.0}",0.6418048806678216,0.6673677551397064,0.614878064278697,0.6056728404487401,0.5872701659634448,0.623398741299682,0.02815721434447364,38
0.37215681076049806,0.04040350623970438,0.009378147125244141,0.0023759735360511045,0.01,5,1,2,100,0.8,"{'learning_rate': 0.01, 'max_depth': 5, 'min_samples_leaf': 1, 'min_samples_split': 2, 'n_estimators': 100, 'subsample': 0.8}",0.4958583941214584,0.5231790733343659,0.5662497839808099,0.4760509839091205,0.521790466857885,0.516625740440728,0.03036366186411175,1175
0.30524239540100095,0.022265141778753418,0.009843826293945312,0.0039623262259732206,0.01,5,1,2,100,0.9,"{'learning_rate': 0.01, 'max_depth': 5, 'min_samples_leaf': 1, 'min_samples_split': 2, 'n_estimators': 100, 'subsample': 0.9}",0.4374113160740455,0.522941663436233,0.5683139032061134,0.47547110276371174,0.5107752463128323,0.5029826463585871,0.04423515453638043,1209
0.33492083549499513,0.009516863600552242,0.010156536102294922,0.005988464764041369,0.01,5,1,2,100,1.0,"{'learning_rate': 0.01, 'max_depth': 5, 'min_samples_leaf': 1, 'min_samples_split': 2, 'n_estimators': 100, 'subsample': 1.0}",0.3658730866421207,0.5057492654227698,0.5736969950335262,0.4637074326193563,0.5138224461751957,0.4845698451785937,0.06895229088734763,1234
0.7188078880310058,0.06396888240120503,0.010072994232177734,0.002223544144711676,0.01,5,1,2,200,0.8,"{'learning_rate': 0.01, 'max_depth': 5, 'min_samples_leaf': 1, 'min_samples_split': 2, 'n_estimators': 200, 'subsample': 0.8}",0.5530586872090997,0.6349399027145786,0.6393724459971069,0.5733780579502965,0.6078627470979383,0.601722368193804,0.0338531859105793,340
0.7831507205963135,0.0799991266564619,0.010467815399169921,0.0019471169907683385,0.01,5,1,2,200,0.9,"{'learning_rate': 0.01, 'max_depth': 5, 'min_samples_leaf': 1, 'min_samples_split': 2, 'n_estimators': 200, 'subsample': 0.9}",0.49092066916451493,0.6284557256255956,0.63444212783081,0.5730235750633543,0.5809504001323234,0.5815584995633196,0.05154504626365349,619
0.659749174118042,0.06642226955412807,0.009177732467651366,0.0011109363163921194,0.01,5,1,2,200,1.0,"{'learning_rate': 0.01, 'max_depth': 5, 'min_samples_leaf': 1, 'min_samples_split': 2, 'n_estimators': 200, 'subsample': 1.0}",0.3971072210750698,0.6009532405080524,0.640777156581715,0.5600281141773518,0.5742659257296046,0.5546263316143587,0.08342099283412878,919
1.0079657077789306,0.05482259677250415,0.009952354431152343,0.0011360688114385774,0.01,5,1,2,300,0.8,"{'learning_rate': 0.01, 'max_depth': 5, 'min_samples_leaf': 1, 'min_samples_split': 2, 'n_estimators': 300, 'subsample': 0.8}",0.5664717472271311,0.656562480770011,0.6288434732425192,0.5987410531931808,0.6157115201075694,0.6132660549080823,0.030079560038613794,167
1.0718619346618652,0.0691949410231989,0.010984659194946289,0.0018522190477935825,0.01,5,1,2,300,0.9,"{'learning_rate': 0.01, 'max_depth': 5, 'min_samples_leaf': 1, 'min_samples_split': 2, 'n_estimators': 300, 'subsample': 0.9}",0.5044488572587387,0.653399228918425,0.6242363944772967,0.6008749780115561,0.593579803179018,0.595307852369007,0.050001609198680935,423
1.016928243637085,0.04187500806801107,0.013453435897827149,0.005621464494464229,0.01,5,1,2,300,1.0,"{'learning_rate': 0.01, 'max_depth': 5, 'min_samples_leaf': 1, 'min_samples_split': 2, 'n_estimators': 300, 'subsample': 1.0}",0.414716940433981,0.628807755786279,0.6452573003881759,0.5902828879988615,0.6047699481752313,0.5767669665565058,0.08321806011956404,694
0.3564175605773926,0.017750074756177806,0.010354232788085938,0.0024889713629970287,0.01,5,1,5,100,0.8,"{'learning_rate': 0.01, 'max_depth': 5, 'min_samples_leaf': 1, 'min_samples_split': 5, 'n_estimators': 100, 'subsample': 0.8}",0.49995723409449755,0.5352202301874895,0.5710095636988564,0.4776136337709562,0.5218983059084952,0.521139793532059,0.031714524816862245,1157
0.38093056678771975,0.023289728563240415,0.01158442497253418,0.0033115451099101625,0.01,5,1,5,100,0.9,"{'learning_rate': 0.01, 'max_depth': 5, 'min_samples_leaf': 1, 'min_samples_split': 5, 'n_estimators': 100, 'subsample': 0.9}",0.46690416315636707,0.5290969541797985,0.5687136362183557,0.47464241040030675,0.5218239103732534,0.5122362148656163,0.03750785678859514,1183
0.37334814071655276,0.03168543112758126,0.009604120254516601,0.0016484054939878954,0.01,5,1,5,100,1.0,"{'learning_rate': 0.01, 'max_depth': 5, 'min_samples_leaf': 1, 'min_samples_split': 5, 'n_estimators': 100, 'subsample': 1.0}",0.4057821290954231,0.5054593152125355,0.5783561458755229,0.46592037258400265,0.5239411426476965,0.4958918210830362,0.057787041043592426,1219
0.785515832901001,0.017117646964982185,0.014387702941894532,0.005406839986103475,0.01,5,1,5,200,0.8,"{'learning_rate': 0.01, 'max_depth': 5, 'min_samples_leaf': 1, 'min_samples_split': 5, 'n_estimators': 200, 'subsample': 0.8}",0.5627076416371815,0.649416628203533,0.641598089761932,0.579135904528739,0.6084298793461274,0.6082576286955026,0.033848354153101945,250
0.7675047874450683,0.03241567615446993,0.010112714767456055,0.0022722016860306244,0.01,5,1,5,200,0.9,"{'learning_rate': 0.01, 'max_depth': 5, 'min_samples_leaf': 1, 'min_samples_split': 5, 'n_estimators': 200, 'subsample': 0.9}",0.5239803141319739,0.6238228862926296,0.6348415940034584,0.576655015572157,0.6078847083427116,0.593436903668586,0.03988043374838223,448
0.8549565315246582,0.23774234436948824,0.010495996475219727,0.002617867798777115,0.01,5,1,5,200,1.0,"{'learning_rate': 0.01, 'max_depth': 5, 'min_samples_leaf': 1, 'min_samples_split': 5, 'n_estimators': 200, 'subsample': 1.0}",0.4677367021560399,0.588568165144093,0.6397423034692798,0.5661043531339143,0.603624633211178,0.573155231422901,0.0579008848505325,738
1.295949125289917,0.2139671391306383,0.013067913055419923,0.005656415243341847,0.01,5,1,5,300,0.8,"{'learning_rate': 0.01, 'max_depth': 5, 'min_samples_leaf': 1, 'min_samples_split': 5, 'n_estimators': 300, 'subsample': 0.8}",0.5773993514722013,0.6694441070719372,0.6340461187062034,0.6052974267352941,0.6131171443188476,0.6198608296608967,0.03072546484873475,64
1.1766923427581788,0.18535206972540202,0.009520435333251953,0.0009869619525697333,0.01,5,1,5,300,0.9,"{'learning_rate': 0.01, 'max_depth': 5, 'min_samples_leaf': 1, 'min_samples_split': 5, 'n_estimators': 300, 'subsample': 0.9}",0.5359397416808243,0.6473202827863082,0.6245102460359228,0.6045836432135189,0.6179133759182409,0.606053457926963,0.03768913657054685,291
0.9979607582092285,0.1020378887849595,0.013975715637207032,0.0063908411189615355,0.01,5,1,5,300,1.0,"{'learning_rate': 0.01, 'max_depth': 5, 'min_samples_leaf': 1, 'min_samples_split': 5, 'n_estimators': 300, 'subsample': 1.0}",0.4825223113647945,0.6214198105581655,0.6396647358574514,0.5937032239407614,0.6270897674532319,0.592879969834881,0.05718940045796728,462
0.35166268348693847,0.03470935949895907,0.009816598892211915,0.002548841504323582,0.01,5,1,10,100,0.8,"{'learning_rate': 0.01, 'max_depth': 5, 'min_samples_leaf': 1, 'min_samples_split': 10, 'n_estimators': 100, 'subsample': 0.8}",0.49686826502201287,0.5326908331147986,0.5682336867365001,0.4748125895358767,0.5297915975179297,0.5204793943854236,0.03212242610998347,1163
0.35255446434021,0.009557947930253628,0.007765865325927735,0.0007526486673472134,0.01,5,1,10,100,0.9,"{'learning_rate': 0.01, 'max_depth': 5, 'min_samples_leaf': 1, 'min_samples_split': 10, 'n_estimators': 100, 'subsample': 0.9}",0.46396428069125395,0.5294953079836497,0.5662394980648302,0.4747233960046303,0.5243665810890664,0.5117578127666861,0.037676580368330354,1187
0.35509471893310546,0.023357116374938723,0.011628675460815429,0.0058620686357454856,0.01,5,1,10,100,1.0,"{'learning_rate': 0.01, 'max_depth': 5, 'min_samples_leaf': 1, 'min_samples_split': 10, 'n_estimators': 100, 'subsample': 1.0}",0.4052575875126876,0.5051446810155462,0.5751527666001297,0.46197141838944755,0.5222408347638876,0.4939534576563398,0.057286220285611374,1221
0.726813793182373,0.039070113722266014,0.01423954963684082,0.00652129379339634,0.01,5,1,10,200,0.8,"{'learning_rate': 0.01, 'max_depth': 5, 'min_samples_leaf': 1, 'min_samples_split': 10, 'n_estimators': 200, 'subsample': 0.8}",0.5623274328894338,0.6489634119447111,0.6406751978268596,0.5787444901355941,0.6177260692724946,0.6096873204138187,0.03396439043372028,230
0.7461637496948242,0.055371076989270886,0.00834498405456543,0.0006154268371504827,0.01,5,1,10,200,0.9,"{'learning_rate': 0.01, 'max_depth': 5, 'min_samples_leaf': 1, 'min_samples_split': 10, 'n_estimators': 200, 'subsample': 0.9}",0.5264396954663121,0.6349899759666097,0.6435960733667767,0.5780041714926829,0.6072001417515441,0.598046011608785,0.04255021173633529,391
0.7345508575439453,0.057556854685392234,0.011141252517700196,0.002843947709752488,0.01,5,1,10,200,1.0,"{'learning_rate': 0.01, 'max_depth': 5, 'min_samples_leaf': 1, 'min_samples_split': 10, 'n_estimators': 200, 'subsample': 1.0}",0.47042704721077366,0.6017879381948195,0.6573301776059661,0.5688594852076887,0.5937138057639766,0.5784236907966449,0.06125464617014523,660
1.0670936107635498,0.06087602761034048,0.011646127700805664,0.0049450295900505615,0.01,5,1,10,300,0.8,"{'learning_rate': 0.01, 'max_depth': 5, 'min_samples_leaf': 1, 'min_samples_split': 10, 'n_estimators': 300, 'subsample': 0.8}",0.5781683717909964,0.6727585787449364,0.6359009682768765,0.6066512326258626,0.6248003357060139,0.6236558974289371,0.03137068193453533,36
1.2144402027130128,0.10631776487276666,0.012170934677124023,0.001587044991023227,0.01,5,1,10,300,0.9,"{'learning_rate': 0.01, 'max_depth': 5, 'min_samples_leaf': 1, 'min_samples_split': 10, 'n_estimators': 300, 'subsample': 0.9}",0.5440280473460017,0.6610280787866871,0.6314136649195541,0.6082563460997846,0.6199487672218157,0.6129349808747687,0.038661754076632374,173
1.5670522689819335,0.17398151399704453,0.01622176170349121,0.006889248693977282,0.01,5,1,10,300,1.0,"{'learning_rate': 0.01, 'max_depth': 5, 'min_samples_leaf': 1, 'min_samples_split': 10, 'n_estimators': 300, 'subsample': 1.0}",0.4939402964920173,0.633432617385203,0.6432343004410221,0.600204917470698,0.6027287698621229,0.5947081803302127,0.05310946572334092,429
0.49564132690429685,0.09472303418755701,0.013697671890258788,0.005352714558370419,0.01,5,2,2,100,0.8,"{'learning_rate': 0.01, 'max_depth': 5, 'min_samples_leaf': 2, 'min_samples_split': 2, 'n_estimators': 100, 'subsample': 0.8}",0.5443303528165178,0.5473735943814904,0.5674753589533816,0.48676907053608065,0.5148810259534211,0.5321658805281783,0.02823347222176904,1088
0.39904208183288575,0.02014456018151898,0.009634113311767578,0.0013703968144291583,0.01,5,2,2,100,0.9,"{'learning_rate': 0.01, 'max_depth': 5, 'min_samples_leaf': 2, 'min_samples_split': 2, 'n_estimators': 100, 'subsample': 0.9}",0.49917376264024915,0.539635558687904,0.5706206832030289,0.48654648182513094,0.5140288480013357,0.5220010668715297,0.0300549898913242,1152
0.526388692855835,0.1703523306901727,0.01630845069885254,0.011218835082620181,0.01,5,2,2,100,1.0,"{'learning_rate': 0.01, 'max_depth': 5, 'min_samples_leaf': 2, 'min_samples_split': 2, 'n_estimators': 100, 'subsample': 1.0}",0.3737759828462872,0.5042158172389295,0.578829313690703,0.5085755166739748,0.5014634523761491,0.4933720165652088,0.06636319262269354,1224
0.6738353252410889,0.023411046531928117,0.015591239929199219,0.008137240708262865,0.01,5,2,2,200,0.8,"{'learning_rate': 0.01, 'max_depth': 5, 'min_samples_leaf': 2, 'min_samples_split': 2, 'n_estimators': 200, 'subsample': 0.8}",0.6039490768580185,0.6602314612221208,0.6433050170614011,0.5868337147354787,0.592569496623168,0.6173777533000374,0.029111442873844897,103
0.8009220600128174,0.10859410896301556,0.010877847671508789,0.003195580485402868,0.01,5,2,2,200,0.9,"{'learning_rate': 0.01, 'max_depth': 5, 'min_samples_leaf': 2, 'min_samples_split': 2, 'n_estimators': 200, 'subsample': 0.9}",0.5446569852809964,0.6346397009195033,0.6387465103839287,0.5846145081097751,0.5765938726045989,0.5958503154597604,0.035951386555594184,412
0.7172815799713135,0.06326742356738728,0.011705303192138672,0.0025223912153300504,0.01,5,2,2,200,1.0,"{'learning_rate': 0.01, 'max_depth': 5, 'min_samples_leaf': 2, 'min_samples_split': 2, 'n_estimators': 200, 'subsample': 1.0}",0.4406927258715396,0.6053027897653915,0.6608587045179231,0.6008799780720941,0.5622121763528034,0.5739892749159503,0.07369750873068258,725
1.0382841587066651,0.06513396431345032,0.009746932983398437,0.001214224759247713,0.01,5,2,2,300,0.8,"{'learning_rate': 0.01, 'max_depth': 5, 'min_samples_leaf': 2, 'min_samples_split': 2, 'n_estimators': 300, 'subsample': 0.8}",0.6188178537575351,0.6733488850798468,0.626025074167768,0.6094954292611703,0.5933842161000233,0.6242142916732687,0.02688399975899719,35
1.1232938289642334,0.09289288963196347,0.009200048446655274,0.0008231025596755779,0.01,5,2,2,300,0.9,"{'learning_rate': 0.01, 'max_depth': 5, 'min_samples_leaf': 2, 'min_samples_split': 2, 'n_estimators': 300, 'subsample': 0.9}",0.5584086693428638,0.6541134426974049,0.6282664688121805,0.6112489581033218,0.5831608093283249,0.6070396696568192,0.03352434751641901,273
1.0067491054534912,0.07709491651165198,0.010079717636108399,0.0017169153200304336,0.01,5,2,2,300,1.0,"{'learning_rate': 0.01, 'max_depth': 5, 'min_samples_leaf': 2, 'min_samples_split': 2, 'n_estimators': 300, 'subsample': 1.0}",0.46311155285907823,0.6174054125209996,0.6432607832614297,0.6294049301323649,0.5768286693843828,0.5860022696316511,0.06532192421436159,559
0.3499190330505371,0.01847140928078477,0.009099435806274415,0.002236916643103803,0.01,5,2,5,100,0.8,"{'learning_rate': 0.01, 'max_depth': 5, 'min_samples_leaf': 2, 'min_samples_split': 5, 'n_estimators': 100, 'subsample': 0.8}",0.5492295645296831,0.5494062380274696,0.5665309894498263,0.48546124551255065,0.5138992739895181,0.5329054623018095,0.02926300357101126,1081
0.3455845832824707,0.010768223537102706,0.008887004852294923,0.00212511229091529,0.01,5,2,5,100,0.9,"{'learning_rate': 0.01, 'max_depth': 5, 'min_samples_leaf': 2, 'min_samples_split': 5, 'n_estimators': 100, 'subsample': 0.9}",0.5055015708973609,0.5390677494856706,0.5688330301185034,0.4852323018261816,0.5167512837649124,0.5230771872185258,0.028741781207989762,1151
0.32479033470153806,0.0039561698954165185,0.007864713668823242,0.0007082745155327149,0.01,5,2,5,100,1.0,"{'learning_rate': 0.01, 'max_depth': 5, 'min_samples_leaf': 2, 'min_samples_split': 5, 'n_estimators': 100, 'subsample': 1.0}",0.4082610184900741,0.504432324792397,0.5790535193313254,0.4967623806967195,0.5142342283019739,0.5005486943224979,0.05458339538178262,1212
0.7829533100128174,0.08600315299246565,0.03167405128479004,0.021034886330608554,0.01,5,2,5,200,0.8,"{'learning_rate': 0.01, 'max_depth': 5, 'min_samples_leaf': 2, 'min_samples_split': 5, 'n_estimators': 200, 'subsample': 0.8}",0.6084444216666735,0.661263725017903,0.6430787439708228,0.5844510344881783,0.5941024973146858,0.6182680844916526,0.029285719229337103,82
1.420961332321167,0.2194387491760458,0.01122145652770996,0.0024892458802935023,0.01,5,2,5,200,0.9,"{'learning_rate': 0.01, 'max_depth': 5, 'min_samples_leaf': 2, 'min_samples_split': 5, 'n_estimators': 200, 'subsample': 0.9}",0.5572127257462585,0.6372328360729319,0.6375159953596543,0.5837766875182215,0.5926953710664291,0.6016867231526991,0.031390486216985085,341
0.7182068824768066,0.07512572652125415,0.009363746643066407,0.0010653391017062272,0.01,5,2,5,200,1.0,"{'learning_rate': 0.01, 'max_depth': 5, 'min_samples_leaf': 2, 'min_samples_split': 5, 'n_estimators': 200, 'subsample': 1.0}",0.47222795963279207,0.5960107659359688,0.6628344215483505,0.5884389304903861,0.5786250732232943,0.5796274301661584,0.06132717282587667,648
1.0050090312957765,0.10553202129435967,0.010356330871582031,0.0017462598522459693,0.01,5,2,5,300,0.8,"{'learning_rate': 0.01, 'max_depth': 5, 'min_samples_leaf': 2, 'min_samples_split': 5, 'n_estimators': 300, 'subsample': 0.8}",0.6247998884598116,0.6776709445174882,0.6329794033897098,0.6082546871071712,0.5946252227338108,0.6276660292415983,0.02830347454894047,26
1.149455451965332,0.10765980624311552,0.009277629852294921,0.0008107627075371398,0.01,5,2,5,300,0.9,"{'learning_rate': 0.01, 'max_depth': 5, 'min_samples_leaf': 2, 'min_samples_split': 5, 'n_estimators': 300, 'subsample': 0.9}",0.571243521750092,0.654342805719099,0.6270315577007335,0.6103200706311711,0.5967103205100297,0.6119296552622251,0.02798757996715928,188
1.0151559352874755,0.08992504707096041,0.011638307571411132,0.0013671646840696192,0.01,5,2,5,300,1.0,"{'learning_rate': 0.01, 'max_depth': 5, 'min_samples_leaf': 2, 'min_samples_split': 5, 'n_estimators': 300, 'subsample': 1.0}",0.4902975759885141,0.6228136350058535,0.6435347534909881,0.6168304936427902,0.5852517160275368,0.5917456348311366,0.05405638391972761,478
0.3583088397979736,0.048163473600502105,0.00836319923400879,0.0011123111348271702,0.01,5,2,10,100,0.8,"{'learning_rate': 0.01, 'max_depth': 5, 'min_samples_leaf': 2, 'min_samples_split': 10, 'n_estimators': 100, 'subsample': 0.8}",0.5513931406249111,0.5438742170934913,0.566418020649595,0.4851651432096764,0.523186563954448,0.5340074171064243,0.028116624721400026,1069
0.3653719902038574,0.007468721721513792,0.011455392837524414,0.0045002895285804955,0.01,5,2,10,100,0.9,"{'learning_rate': 0.01, 'max_depth': 5, 'min_samples_leaf': 2, 'min_samples_split': 10, 'n_estimators': 100, 'subsample': 0.9}",0.5045903849399468,0.5354717242756497,0.5619954488318379,0.48362629345387653,0.5235276884459206,0.5218423079894462,0.026679463379098777,1153
0.34363303184509275,0.01758004773744988,0.01043081283569336,0.0028051382405773297,0.01,5,2,10,100,1.0,"{'learning_rate': 0.01, 'max_depth': 5, 'min_samples_leaf': 2, 'min_samples_split': 10, 'n_estimators': 100, 'subsample': 1.0}",0.40027195412493677,0.49615214178611367,0.5735007453464616,0.501552208883175,0.5157964134063597,0.49745469270940934,0.055825427533127296,1216
0.6628862380981445,0.018829285923652912,0.010878705978393554,0.0030190617820074848,0.01,5,2,10,200,0.8,"{'learning_rate': 0.01, 'max_depth': 5, 'min_samples_leaf': 2, 'min_samples_split': 10, 'n_estimators': 200, 'subsample': 0.8}",0.6157385464045013,0.6619616547588709,0.636614046103226,0.5836325295417082,0.6031604698337034,0.620221449328402,0.02705876741280162,60
0.7078676700592041,0.028805960919840782,0.010192537307739257,0.0023526218588951816,0.01,5,2,10,200,0.9,"{'learning_rate': 0.01, 'max_depth': 5, 'min_samples_leaf': 2, 'min_samples_split': 10, 'n_estimators': 200, 'subsample': 0.9}",0.5602233949884097,0.6434599691977888,0.6325627024188192,0.5840703196832092,0.5982273812342173,0.6037087535044888,0.030722628296537595,320
0.6780138492584229,0.05645185493580606,0.01008434295654297,0.002813806633997293,0.01,5,2,10,200,1.0,"{'learning_rate': 0.01, 'max_depth': 5, 'min_samples_leaf': 2, 'min_samples_split': 10, 'n_estimators': 200, 'subsample': 1.0}",0.4782673819870118,0.5860816630108828,0.6478443793451765,0.6008299571837241,0.564081134610076,0.5754209032273743,0.055806502769479585,709
1.0058484554290772,0.060190252204878454,0.01139378547668457,0.002121587763945313,0.01,5,2,10,300,0.8,"{'learning_rate': 0.01, 'max_depth': 5, 'min_samples_leaf': 2, 'min_samples_split': 10, 'n_estimators': 300, 'subsample': 0.8}",0.6290892288899146,0.6844303483940515,0.622443847760026,0.6080425975152511,0.6070631491955288,0.6302138343509545,0.028385157353948337,18
1.072018527984619,0.07315193878162916,0.010459613800048829,0.002362305372394291,0.01,5,2,10,300,0.9,"{'learning_rate': 0.01, 'max_depth': 5, 'min_samples_leaf': 2, 'min_samples_split': 10, 'n_estimators': 300, 'subsample': 0.9}",0.5730041107756481,0.6689950711149455,0.621293700981211,0.6139646239698697,0.6052896266804513,0.6165094267044251,0.030992594590132563,115
0.961506700515747,0.0509153465322085,0.009865140914916993,0.0009009490860674953,0.01,5,2,10,300,1.0,"{'learning_rate': 0.01, 'max_depth': 5, 'min_samples_leaf': 2, 'min_samples_split': 10, 'n_estimators': 300, 'subsample': 1.0}",0.5050887512124549,0.6143484857881062,0.6441878282794664,0.6334736150648673,0.5563581699033158,0.5906913700496421,0.05245651082718645,490
0.352952241897583,0.017129557111541165,0.010392284393310547,0.002609620738492099,0.01,5,4,2,100,0.8,"{'learning_rate': 0.01, 'max_depth': 5, 'min_samples_leaf': 4, 'min_samples_split': 2, 'n_estimators': 100, 'subsample': 0.8}",0.567618831533454,0.5673143732398699,0.5381424549473988,0.48589185632856247,0.49392019898941886,0.5305775430077408,0.034984142431311614,1100
0.32547831535339355,0.012178363153922091,0.008481597900390625,0.0009122768281515673,0.01,5,4,2,100,0.9,"{'learning_rate': 0.01, 'max_depth': 5, 'min_samples_leaf': 4, 'min_samples_split': 2, 'n_estimators': 100, 'subsample': 0.9}",0.5870334494793055,0.5635688321149936,0.532624405802663,0.4909346003224282,0.4863288501666907,0.5320980275772162,0.03949135230920346,1089
0.3063222408294678,0.0066611166820979995,0.006972074508666992,0.0003090123695695753,0.01,5,4,2,100,1.0,"{'learning_rate': 0.01, 'max_depth': 5, 'min_samples_leaf': 4, 'min_samples_split': 2, 'n_estimators': 100, 'subsample': 1.0}",0.5876285769347033,0.5374389603422283,0.5545976285711798,0.5031129150841175,0.47453404735897387,0.5314624256582405,0.039421131732711605,1093
0.6636127948760986,0.03571447102308151,0.011062431335449218,0.004151526966212442,0.01,5,4,2,200,0.8,"{'learning_rate': 0.01, 'max_depth': 5, 'min_samples_leaf': 4, 'min_samples_split': 2, 'n_estimators': 200, 'subsample': 0.8}",0.643506447334796,0.6821727765684278,0.6109066727091055,0.5838088443140281,0.5691603074093975,0.617911009667151,0.040922733298962434,93
0.731154489517212,0.029641807087942337,0.008713912963867188,0.0009823175697886355,0.01,5,4,2,200,0.9,"{'learning_rate': 0.01, 'max_depth': 5, 'min_samples_leaf': 4, 'min_samples_split': 2, 'n_estimators': 200, 'subsample': 0.9}",0.661275579724112,0.6712224193654093,0.6091819275806007,0.5839801302684191,0.5560707920688621,0.6163461698014807,0.04418611248947662,118
0.6703572750091553,0.02630552407615147,0.010381555557250977,0.0018234177962352558,0.01,5,4,2,200,1.0,"{'learning_rate': 0.01, 'max_depth': 5, 'min_samples_leaf': 4, 'min_samples_split': 2, 'n_estimators': 200, 'subsample': 1.0}",0.6634308628931179,0.6375401086736643,0.6226067858282582,0.5733127519650152,0.5391231969479732,0.6072027412616057,0.04495018985763834,269
1.0568366527557373,0.06676393730067288,0.010650825500488282,0.0015639559538259504,0.01,5,4,2,300,0.8,"{'learning_rate': 0.01, 'max_depth': 5, 'min_samples_leaf': 4, 'min_samples_split': 2, 'n_estimators': 300, 'subsample': 0.8}",0.6581043738106425,0.6998872043054858,0.613686711390633,0.6082356621969478,0.5798518944667652,0.6319531692340948,0.0422129010528068,6
1.117520236968994,0.1275454996639856,0.009743499755859374,0.0014075905920769075,0.01,5,4,2,300,0.9,"{'learning_rate': 0.01, 'max_depth': 5, 'min_samples_leaf': 4, 'min_samples_split': 2, 'n_estimators': 300, 'subsample': 0.9}",0.6691919479723153,0.6897451822871856,0.618444884775653,0.6103918711259189,0.5699563692233349,0.6315460510768816,0.04293432478883782,9
1.0301101207733154,0.06997902946086018,0.011962604522705079,0.00372929562785704,0.01,5,4,2,300,1.0,"{'learning_rate': 0.01, 'max_depth': 5, 'min_samples_leaf': 4, 'min_samples_split': 2, 'n_estimators': 300, 'subsample': 1.0}",0.6739895754189835,0.6713315222564838,0.6216195567624199,0.6004178618768183,0.5548287157856862,0.6244374464200784,0.04491040895195592,32
0.40768914222717284,0.04826209366400385,0.009498691558837891,0.0013504530623221268,0.01,5,4,5,100,0.8,"{'learning_rate': 0.01, 'max_depth': 5, 'min_samples_leaf': 4, 'min_samples_split': 5, 'n_estimators': 100, 'subsample': 0.8}",0.567618831533454,0.5673143732398699,0.5381424549473988,0.48589185632856247,0.49392019898941886,0.5305775430077408,0.034984142431311614,1100
0.3533721923828125,0.010478236403073087,0.009671449661254883,0.0012601405901999962,0.01,5,4,5,100,0.9,"{'learning_rate': 0.01, 'max_depth': 5, 'min_samples_leaf': 4, 'min_samples_split': 5, 'n_estimators': 100, 'subsample': 0.9}",0.5870334494793055,0.5635688321149936,0.532624405802663,0.4909346003224282,0.4863288501666907,0.5320980275772162,0.03949135230920346,1089
0.320743989944458,0.007779079828867946,0.009369516372680664,0.0025747161563271174,0.01,5,4,5,100,1.0,"{'learning_rate': 0.01, 'max_depth': 5, 'min_samples_leaf': 4, 'min_samples_split': 5, 'n_estimators': 100, 'subsample': 1.0}",0.5876285769347033,0.5374389603422283,0.5545976285711798,0.5031129150841175,0.47453404735897387,0.5314624256582405,0.039421131732711605,1093
0.6452704906463623,0.005209900274477713,0.010543537139892579,0.0026188465002496986,0.01,5,4,5,200,0.8,"{'learning_rate': 0.01, 'max_depth': 5, 'min_samples_leaf': 4, 'min_samples_split': 5, 'n_estimators': 200, 'subsample': 0.8}",0.643506447334796,0.6821727765684278,0.6109066727091055,0.5838088443140281,0.5691603074093975,0.617911009667151,0.040922733298962434,93
0.7339225292205811,0.04447700082246505,0.012131977081298827,0.004612478542320339,0.01,5,4,5,200,0.9,"{'learning_rate': 0.01, 'max_depth': 5, 'min_samples_leaf': 4, 'min_samples_split': 5, 'n_estimators': 200, 'subsample': 0.9}",0.661275579724112,0.6712224193654093,0.6091819275806007,0.5839801302684191,0.5560707920688621,0.6163461698014807,0.04418611248947662,118
0.6563689231872558,0.06323999895749924,0.009115076065063477,0.002572226353638893,0.01,5,4,5,200,1.0,"{'learning_rate': 0.01, 'max_depth': 5, 'min_samples_leaf': 4, 'min_samples_split': 5, 'n_estimators': 200, 'subsample': 1.0}",0.6634308628931179,0.6375401086736643,0.6226067858282582,0.5733127519650152,0.5391231969479732,0.6072027412616057,0.04495018985763834,269
1.5998687267303466,0.09076624577367112,0.011489200592041015,0.00316849398936681,0.01,5,4,5,300,0.8,"{'learning_rate': 0.01, 'max_depth': 5, 'min_samples_leaf': 4, 'min_samples_split': 5, 'n_estimators': 300, 'subsample': 0.8}",0.6581043738106425,0.6998872043054858,0.613686711390633,0.6082356621969478,0.5798518944667652,0.6319531692340948,0.0422129010528068,6
1.235994815826416,0.1882793748266633,0.014390516281127929,0.010073372252715235,0.01,5,4,5,300,0.9,"{'learning_rate': 0.01, 'max_depth': 5, 'min_samples_leaf': 4, 'min_samples_split': 5, 'n_estimators': 300, 'subsample': 0.9}",0.6691919479723153,0.6897451822871856,0.618444884775653,0.6103918711259189,0.5699563692233349,0.6315460510768816,0.04293432478883782,9
1.2204965114593507,0.10793994278873147,0.011374711990356445,0.0034948301134408266,0.01,5,4,5,300,1.0,"{'learning_rate': 0.01, 'max_depth': 5, 'min_samples_leaf': 4, 'min_samples_split': 5, 'n_estimators': 300, 'subsample': 1.0}",0.6739895754189835,0.6713315222564838,0.6216195567624199,0.6004178618768183,0.5548287157856862,0.6244374464200784,0.04491040895195592,32
0.39383773803710936,0.11924096844250759,0.00784006118774414,0.0008899363226892142,0.01,5,4,10,100,0.8,"{'learning_rate': 0.01, 'max_depth': 5, 'min_samples_leaf': 4, 'min_samples_split': 10, 'n_estimators': 100, 'subsample': 0.8}",0.5628764413310017,0.5591542962948435,0.5398417908641844,0.4855992255555025,0.49907460866735887,0.5293092725425782,0.031474171355886774,1118
0.3021665573120117,0.008237946956852954,0.007004165649414062,0.0007584476956004601,0.01,5,4,10,100,0.9,"{'learning_rate': 0.01, 'max_depth': 5, 'min_samples_leaf': 4, 'min_samples_split': 10, 'n_estimators': 100, 'subsample': 0.9}",0.5688969776420008,0.559377443741014,0.5372410991604453,0.4910294357775443,0.48806369656838244,0.5289217305778774,0.03376384955564743,1124
0.28380470275878905,0.010286609859677312,0.006971168518066406,0.00033662837168592586,0.01,5,4,10,100,1.0,"{'learning_rate': 0.01, 'max_depth': 5, 'min_samples_leaf': 4, 'min_samples_split': 10, 'n_estimators': 100, 'subsample': 1.0}",0.5610876552899222,0.5314663402417984,0.5459383875443646,0.5071210217449731,0.477841261039763,0.5246909331721643,0.029413178698155407,1144
0.7662062644958496,0.1822109753249697,0.048359346389770505,0.04851500527639412,0.01,5,4,10,200,0.8,"{'learning_rate': 0.01, 'max_depth': 5, 'min_samples_leaf': 4, 'min_samples_split': 10, 'n_estimators': 200, 'subsample': 0.8}",0.6382287791123898,0.6753520671467882,0.6161117801111069,0.5865698080326616,0.5754803536728572,0.6183485576151607,0.03604774143707201,81
1.3997657775878907,0.1958269477788522,0.014078235626220703,0.012602525236505428,0.01,5,4,10,200,0.9,"{'learning_rate': 0.01, 'max_depth': 5, 'min_samples_leaf': 4, 'min_samples_split': 10, 'n_estimators': 200, 'subsample': 0.9}",0.6453134467796393,0.6702103828807185,0.615352211393849,0.5853680680104371,0.5566076352555238,0.6145703488640335,0.040630068027893734,144
0.7543672561645508,0.1770395729586202,0.008970355987548828,0.0013923847886136125,0.01,5,4,10,200,1.0,"{'learning_rate': 0.01, 'max_depth': 5, 'min_samples_leaf': 4, 'min_samples_split': 10, 'n_estimators': 200, 'subsample': 1.0}",0.6337504042814264,0.6572797231086898,0.6213502068131656,0.5790101740189876,0.5357153291818069,0.6054211674808152,0.043132433764336155,297
0.9858540534973145,0.05274272501446268,0.01144580841064453,0.0016880229124476987,0.01,5,4,10,300,0.8,"{'learning_rate': 0.01, 'max_depth': 5, 'min_samples_leaf': 4, 'min_samples_split': 10, 'n_estimators': 300, 'subsample': 0.8}",0.6545341851391178,0.6923885864848467,0.6193024640506879,0.6089212312155633,0.586404229198664,0.6323101392177759,0.037220750257369505,3
1.1051010608673095,0.09817058303549282,0.012885522842407227,0.003312980494176219,0.01,5,4,10,300,0.9,"{'learning_rate': 0.01, 'max_depth': 5, 'min_samples_leaf': 4, 'min_samples_split': 10, 'n_estimators': 300, 'subsample': 0.9}",0.6574806174685395,0.6908055387025073,0.6271702505321599,0.610290590925672,0.5735420681410437,0.6318578131539845,0.04004798842059166,8
0.9920897960662842,0.1032891734201367,0.009880971908569337,0.0020584427828485535,0.01,5,4,10,300,1.0,"{'learning_rate': 0.01, 'max_depth': 5, 'min_samples_leaf': 4, 'min_samples_split': 10, 'n_estimators': 300, 'subsample': 1.0}",0.6439207802884672,0.6945888483715377,0.6246932374883089,0.6064725037463483,0.552177776417391,0.6243706292624106,0.04657265651636762,34
0.29820556640625,0.017332888312325562,0.008996963500976562,0.0023701365570685264,0.05,2,1,2,100,0.8,"{'learning_rate': 0.05, 'max_depth': 2, 'min_samples_leaf': 1, 'min_samples_split': 2, 'n_estimators': 100, 'subsample': 0.8}",0.6061407641561858,0.6678469026075684,0.6003197260145121,0.6045472151708866,0.5936180927810918,0.614494540146049,0.027025768584523536,145
0.26735796928405764,0.014016670670974831,0.013864517211914062,0.008974902471382839,0.05,2,1,2,100,0.9,"{'learning_rate': 0.05, 'max_depth': 2, 'min_samples_leaf': 1, 'min_samples_split': 2, 'n_estimators': 100, 'subsample': 0.9}",0.5882446780607915,0.6667259331635329,0.6157669284905497,0.6001228168109589,0.5857859560084417,0.6113292625068549,0.029662862202699404,197
0.22633981704711914,0.008291098470742232,0.0066127777099609375,0.000923225416533184,0.05,2,1,2,100,1.0,"{'learning_rate': 0.05, 'max_depth': 2, 'min_samples_leaf': 1, 'min_samples_split': 2, 'n_estimators': 100, 'subsample': 1.0}",0.6176720102299583,0.6575712907488643,0.605084726031373,0.5899957855629057,0.5698692554232025,0.6080386135992608,0.029453208433502184,253
0.5303269863128662,0.01871833586885208,0.007996416091918946,0.0005089530873559009,0.05,2,1,2,200,0.8,"{'learning_rate': 0.05, 'max_depth': 2, 'min_samples_leaf': 1, 'min_samples_split': 2, 'n_estimators': 200, 'subsample': 0.8}",0.6264953157048034,0.6590281870957545,0.5921851243183864,0.6046339944616602,0.5767814525278229,0.6118248148216855,0.028666511931451838,190
0.5857561588287353,0.02896085326152865,0.008310079574584961,0.000501471686724245,0.05,2,1,2,200,0.9,"{'learning_rate': 0.05, 'max_depth': 2, 'min_samples_leaf': 1, 'min_samples_split': 2, 'n_estimators': 200, 'subsample': 0.9}",0.5979615933996392,0.6471572194927746,0.596804451192539,0.6058423754005622,0.5643569511121904,0.602424518119541,0.026507881196802374,330
0.49275360107421873,0.011113537376330439,0.008883237838745117,0.002414233586110601,0.05,2,1,2,200,1.0,"{'learning_rate': 0.05, 'max_depth': 2, 'min_samples_leaf': 1, 'min_samples_split': 2, 'n_estimators': 200, 'subsample': 1.0}",0.6085557787847617,0.6341764153605067,0.5575025394239139,0.6005948802390284,0.5564014817891406,0.5914462191194703,0.030274119999909147,481
0.8699217796325683,0.030073905793914037,0.008288860321044922,0.0007068292480365096,0.05,2,1,2,300,0.8,"{'learning_rate': 0.05, 'max_depth': 2, 'min_samples_leaf': 1, 'min_samples_split': 2, 'n_estimators': 300, 'subsample': 0.8}",0.6222967837446268,0.6422976630882734,0.5868917322712769,0.5931454222560386,0.5512616407661679,0.5991786484252768,0.0312317317987306,373
0.9258910655975342,0.05632960771733132,0.009430217742919921,0.0015030883213368162,0.05,2,1,2,300,0.9,"{'learning_rate': 0.05, 'max_depth': 2, 'min_samples_leaf': 1, 'min_samples_split': 2, 'n_estimators': 300, 'subsample': 0.9}",0.6028464306822816,0.6358938717657355,0.5924592029890589,0.5942058673884852,0.5460793332491114,0.5942969412149346,0.028746205647267466,438
0.9195216655731201,0.07919498047654489,0.008263826370239258,0.0013561832070716638,0.05,2,1,2,300,1.0,"{'learning_rate': 0.05, 'max_depth': 2, 'min_samples_leaf': 1, 'min_samples_split': 2, 'n_estimators': 300, 'subsample': 1.0}",0.6059591877003053,0.6257419992709443,0.5430808473748445,0.5858011151136314,0.5332827931630217,0.5787731885245495,0.035602973957666526,657
0.318515682220459,0.02523183175912064,0.008265352249145508,0.0011047333252487941,0.05,2,1,5,100,0.8,"{'learning_rate': 0.05, 'max_depth': 2, 'min_samples_leaf': 1, 'min_samples_split': 5, 'n_estimators': 100, 'subsample': 0.8}",0.6061407641561858,0.6645232291340806,0.6014688522269246,0.6062189392471051,0.5937202714049119,0.6144144112338417,0.025465064498921493,148
0.26975374221801757,0.006868943110352646,0.011866617202758788,0.0029263138726137,0.05,2,1,5,100,0.9,"{'learning_rate': 0.05, 'max_depth': 2, 'min_samples_leaf': 1, 'min_samples_split': 5, 'n_estimators': 100, 'subsample': 0.9}",0.5882446780607915,0.6667442398011372,0.6158286731685241,0.6024327035651802,0.5852748750201455,0.6117050339231558,0.029601473920733545,192
0.22421641349792482,0.01356261686692204,0.006340503692626953,0.0010835804478167997,0.05,2,1,5,100,1.0,"{'learning_rate': 0.05, 'max_depth': 2, 'min_samples_leaf': 1, 'min_samples_split': 5, 'n_estimators': 100, 'subsample': 1.0}",0.6194765827909006,0.6591308867287525,0.6054130848946795,0.5909919045250948,0.5625647860660972,0.6075154490011049,0.03195381569871558,264
0.5737707614898682,0.022207107948774358,0.013637924194335937,0.0032446527810122967,0.05,2,1,5,200,0.8,"{'learning_rate': 0.05, 'max_depth': 2, 'min_samples_leaf': 1, 'min_samples_split': 5, 'n_estimators': 200, 'subsample': 0.8}",0.6238094416293531,0.6586321046823886,0.5910244594051635,0.6049096296381385,0.5744610756489746,0.6105673422008037,0.02899369260168275,210
0.5883874893188477,0.04418862326402855,0.008942699432373047,0.0014601504573168677,0.05,2,1,5,200,0.9,"{'learning_rate': 0.05, 'max_depth': 2, 'min_samples_leaf': 1, 'min_samples_split': 5, 'n_estimators': 200, 'subsample': 0.9}",0.5946168655341529,0.644686176341127,0.5939409692208026,0.6050045145123821,0.5632749611133105,0.6003046973443551,0.026213942057714868,360
0.49494266510009766,0.011213242523889192,0.008885908126831054,0.0019385640310465864,0.05,2,1,5,200,1.0,"{'learning_rate': 0.05, 'max_depth': 2, 'min_samples_leaf': 1, 'min_samples_split': 5, 'n_estimators': 200, 'subsample': 1.0}",0.6150510838308825,0.6314742997742233,0.5580741798494769,0.5999164889266032,0.5474480001998644,0.59039281051621,0.032481287764685514,497
0.9417421817779541,0.08608221076178633,0.009655427932739259,0.0017587298966201248,0.05,2,1,5,300,0.8,"{'learning_rate': 0.05, 'max_depth': 2, 'min_samples_leaf': 1, 'min_samples_split': 5, 'n_estimators': 300, 'subsample': 0.8}",0.6232684501745744,0.6450641114464275,0.5873123328842671,0.598975398035775,0.5434908235959839,0.5996222232274055,0.034429043150857645,364
0.9233739376068115,0.05658378313693598,0.010149860382080078,0.0016467596670970358,0.05,2,1,5,300,0.9,"{'learning_rate': 0.05, 'max_depth': 2, 'min_samples_leaf': 1, 'min_samples_split': 5, 'n_estimators': 300, 'subsample': 0.9}",0.6034116773335723,0.6317735662516561,0.5899703611668968,0.5941388673844457,0.5432178338174583,0.5925024611908059,0.028633178449628406,471
0.8035989284515381,0.04484241895898491,0.008240985870361327,0.0010295422586962897,0.05,2,1,5,300,1.0,"{'learning_rate': 0.05, 'max_depth': 2, 'min_samples_leaf': 1, 'min_samples_split': 5, 'n_estimators': 300, 'subsample': 1.0}",0.6162476233120999,0.6327790725053841,0.538660694801276,0.5862075257576458,0.5214690259005778,0.5790727884553968,0.043054775678046636,654
0.28898019790649415,0.03750992736647295,0.008631563186645508,0.0016155013267997072,0.05,2,1,10,100,0.8,"{'learning_rate': 0.05, 'max_depth': 2, 'min_samples_leaf': 1, 'min_samples_split': 10, 'n_estimators': 100, 'subsample': 0.8}",0.6073845607944028,0.6673600835272002,0.6021332466560481,0.602591100113471,0.5937202714049119,0.6146378524992068,0.026725562648133284,142
0.2556034564971924,0.003987749240478902,0.006757020950317383,0.0006101681947934132,0.05,2,1,10,100,0.9,"{'learning_rate': 0.05, 'max_depth': 2, 'min_samples_leaf': 1, 'min_samples_split': 10, 'n_estimators': 100, 'subsample': 0.9}",0.5882446780607915,0.668166566684986,0.6168522169300192,0.6027686127178757,0.5850816767799603,0.6122227502347266,0.03017319701505336,181
0.2124636650085449,0.007657289543458296,0.00837554931640625,0.003615483260742666,0.05,2,1,10,100,1.0,"{'learning_rate': 0.05, 'max_depth': 2, 'min_samples_leaf': 1, 'min_samples_split': 10, 'n_estimators': 100, 'subsample': 1.0}",0.6194765827909006,0.6591308867287525,0.6052893298129678,0.5928658709142662,0.5625647860660972,0.6078654912625969,0.031770229235838894,257
0.52030348777771,0.04019623260505397,0.008468818664550782,0.0014482903534516283,0.05,2,1,10,200,0.8,"{'learning_rate': 0.05, 'max_depth': 2, 'min_samples_leaf': 1, 'min_samples_split': 10, 'n_estimators': 200, 'subsample': 0.8}",0.6303745950228337,0.6633231486850716,0.6002352493482115,0.6063504082104676,0.576116424372753,0.6152799651278675,0.029583301783561753,135
0.5964700222015381,0.01928091246344409,0.008333539962768555,0.0012802893052998462,0.05,2,1,10,200,0.9,"{'learning_rate': 0.05, 'max_depth': 2, 'min_samples_leaf': 1, 'min_samples_split': 10, 'n_estimators': 200, 'subsample': 0.9}",0.5946168655341529,0.6521045552784495,0.5906104392968166,0.6072598221751675,0.5612348481105304,0.6011653060790234,0.029599591197787895,349
0.5304819107055664,0.008007663494100238,0.008726215362548828,0.002771555135325647,0.05,2,1,10,200,1.0,"{'learning_rate': 0.05, 'max_depth': 2, 'min_samples_leaf': 1, 'min_samples_split': 10, 'n_estimators': 200, 'subsample': 1.0}",0.6150510838308825,0.6301076794234075,0.5597070056478355,0.6022513177899669,0.5474480001998644,0.5909130173783913,0.03197013521262703,487
0.8593090057373047,0.10011455060602142,0.009885072708129883,0.0023593119233972755,0.05,2,1,10,300,0.8,"{'learning_rate': 0.05, 'max_depth': 2, 'min_samples_leaf': 1, 'min_samples_split': 10, 'n_estimators': 300, 'subsample': 0.8}",0.6310199175399512,0.6549380011046334,0.5811624311127483,0.6016302798165357,0.5411338044859313,0.60197688681196,0.03945534090686402,338
0.9856110095977784,0.06577371340249853,0.010176324844360351,0.0022633673553423025,0.05,2,1,10,300,0.9,"{'learning_rate': 0.05, 'max_depth': 2, 'min_samples_leaf': 1, 'min_samples_split': 10, 'n_estimators': 300, 'subsample': 0.9}",0.6034075474003161,0.637132283400311,0.5884155511300861,0.6042136217919807,0.5452865175906275,0.5956911042626643,0.029809743907039794,416
0.8920022010803222,0.06413827658699073,0.010101556777954102,0.004005520697590848,0.05,2,1,10,300,1.0,"{'learning_rate': 0.05, 'max_depth': 2, 'min_samples_leaf': 1, 'min_samples_split': 10, 'n_estimators': 300, 'subsample': 1.0}",0.6183955675419888,0.6230077060131525,0.5298524579305706,0.5933944139718339,0.5214690259005778,0.5772238342716247,0.04337143791231607,678
0.3483494758605957,0.03709632786919399,0.010921287536621093,0.002637745599650937,0.05,2,2,2,100,0.8,"{'learning_rate': 0.05, 'max_depth': 2, 'min_samples_leaf': 2, 'min_samples_split': 2, 'n_estimators': 100, 'subsample': 0.8}",0.620082054751047,0.6688178441308854,0.6114310855577894,0.6027581071663727,0.5862874911587972,0.6178753165529783,0.02781316111265221,97
0.3137187957763672,0.006307991819714631,0.008917999267578126,0.001383831838574419,0.05,2,2,2,100,0.9,"{'learning_rate': 0.05, 'max_depth': 2, 'min_samples_leaf': 2, 'min_samples_split': 2, 'n_estimators': 100, 'subsample': 0.9}",0.609946785542439,0.6730492597910636,0.6155365621570397,0.5987811394711424,0.5820768716662464,0.6158781237255863,0.030785281377115958,129
0.26372385025024414,0.014833490034854412,0.008614730834960938,0.0019826935448805532,0.05,2,2,2,100,1.0,"{'learning_rate': 0.05, 'max_depth': 2, 'min_samples_leaf': 2, 'min_samples_split': 2, 'n_estimators': 100, 'subsample': 1.0}",0.6206688600867938,0.6719612424381209,0.6015164477842522,0.592140083820409,0.5825864385328079,0.6137746145324767,0.03169931286996018,155
0.6204232215881348,0.060307813018814625,0.01429734230041504,0.00359502137746802,0.05,2,2,2,200,0.8,"{'learning_rate': 0.05, 'max_depth': 2, 'min_samples_leaf': 2, 'min_samples_split': 2, 'n_estimators': 200, 'subsample': 0.8}",0.6479599654353265,0.6586134668844696,0.605551098289542,0.60588841986239,0.5764737644713134,0.6188973429886083,0.03022952485063634,73
0.6446995735168457,0.06377547928538761,0.010324239730834961,0.0016788381198315527,0.05,2,2,2,200,0.9,"{'learning_rate': 0.05, 'max_depth': 2, 'min_samples_leaf': 2, 'min_samples_split': 2, 'n_estimators': 200, 'subsample': 0.9}",0.637958799697242,0.6625421970666188,0.6011130063713745,0.6068208150217669,0.5717419720981345,0.6160353580510274,0.03134648876955239,124
0.6510235786437988,0.08289957419228004,0.010751914978027344,0.0031800395899832766,0.05,2,2,2,200,1.0,"{'learning_rate': 0.05, 'max_depth': 2, 'min_samples_leaf': 2, 'min_samples_split': 2, 'n_estimators': 200, 'subsample': 1.0}",0.6398696123950256,0.6589783671576203,0.5505233288603069,0.6048152139035674,0.588938815984045,0.608625067660113,0.0381825925998701,243
1.0735235691070557,0.06333131565678726,0.015041923522949219,0.007283755757251686,0.05,2,2,2,300,0.8,"{'learning_rate': 0.05, 'max_depth': 2, 'min_samples_leaf': 2, 'min_samples_split': 2, 'n_estimators': 300, 'subsample': 0.8}",0.6616294988684197,0.6305216896032511,0.596801438390332,0.5979916122450617,0.5539024652216873,0.6081693408657503,0.03615335432982239,251
1.068226957321167,0.19053015695299189,0.008995294570922852,0.0018145094537370002,0.05,2,2,2,300,0.9,"{'learning_rate': 0.05, 'max_depth': 2, 'min_samples_leaf': 2, 'min_samples_split': 2, 'n_estimators': 300, 'subsample': 0.9}",0.6475537825288842,0.6441300652018447,0.6000334328726434,0.5969850180719611,0.5638717007868889,0.6105147998924444,0.03152892336077521,211
1.0731857299804688,0.22462383380448114,0.010127115249633788,0.0020706617682540577,0.05,2,2,2,300,1.0,"{'learning_rate': 0.05, 'max_depth': 2, 'min_samples_leaf': 2, 'min_samples_split': 2, 'n_estimators': 300, 'subsample': 1.0}",0.6420901852158356,0.6525062366609597,0.5329029317685785,0.5927670622375565,0.5678963110090025,0.5976325453783866,0.04491200991634904,397
0.3297165870666504,0.03083186101422375,0.008234739303588867,0.0018171414443277206,0.05,2,2,5,100,0.8,"{'learning_rate': 0.05, 'max_depth': 2, 'min_samples_leaf': 2, 'min_samples_split': 5, 'n_estimators': 100, 'subsample': 0.8}",0.620082054751047,0.6688178441308854,0.6113074449887506,0.6029821389260396,0.5862874911587972,0.6178953947911039,0.027794759159479772,96
0.29136013984680176,0.011047391829080013,0.009985017776489257,0.0032838786133694443,0.05,2,2,5,100,0.9,"{'learning_rate': 0.05, 'max_depth': 2, 'min_samples_leaf': 2, 'min_samples_split': 5, 'n_estimators': 100, 'subsample': 0.9}",0.609946785542439,0.6730492597910636,0.6103080964181307,0.5993561057670316,0.5820768716662464,0.6149474238369823,0.03080881524062414,137
0.2675323963165283,0.015755906132021002,0.0068933963775634766,0.0002982086749046388,0.05,2,2,5,100,1.0,"{'learning_rate': 0.05, 'max_depth': 2, 'min_samples_leaf': 2, 'min_samples_split': 5, 'n_estimators': 100, 'subsample': 1.0}",0.6206688600867938,0.6719612424381209,0.6015164477842522,0.592140083820409,0.5740108327368195,0.612059493373279,0.033520083531193054,183
0.548501443862915,0.02833597570040141,0.009069156646728516,0.0017026070084897866,0.05,2,2,5,200,0.8,"{'learning_rate': 0.05, 'max_depth': 2, 'min_samples_leaf': 2, 'min_samples_split': 5, 'n_estimators': 200, 'subsample': 0.8}",0.6476426557211494,0.6596470867848326,0.6053422144253705,0.6042566109900334,0.5755376341642233,0.6184852404171218,0.03086791983291986,79
0.5944509983062745,0.028856039754394755,0.00744171142578125,0.0004477830068334064,0.05,2,2,5,200,0.9,"{'learning_rate': 0.05, 'max_depth': 2, 'min_samples_leaf': 2, 'min_samples_split': 5, 'n_estimators': 200, 'subsample': 0.9}",0.637958799697242,0.6625276670496179,0.593879994565028,0.6060322075496303,0.5717419720981345,0.6144281281919305,0.03219342585329438,147
0.5296952724456787,0.02806758522634952,0.0076202392578125,0.000517038503900896,0.05,2,2,5,200,1.0,"{'learning_rate': 0.05, 'max_depth': 2, 'min_samples_leaf': 2, 'min_samples_split': 5, 'n_estimators': 200, 'subsample': 1.0}",0.6398696123950256,0.6589783671576203,0.5505233288603069,0.6048152139035674,0.5702877950024767,0.6048948634637994,0.04074844228011606,309
1.2771344184875488,0.19480614815128655,0.013274908065795898,0.0030300907262238923,0.05,2,2,5,300,0.8,"{'learning_rate': 0.05, 'max_depth': 2, 'min_samples_leaf': 2, 'min_samples_split': 5, 'n_estimators': 300, 'subsample': 0.8}",0.6583350036379141,0.6319325886985565,0.5948032520247193,0.5960746413292068,0.5504648365099283,0.6063220644400651,0.03665778888232635,288
1.34193115234375,0.2589739350198628,0.011938667297363282,0.0020261075675061403,0.05,2,2,5,300,0.9,"{'learning_rate': 0.05, 'max_depth': 2, 'min_samples_leaf': 2, 'min_samples_split': 5, 'n_estimators': 300, 'subsample': 0.9}",0.6470376371696702,0.6441160141208218,0.5882816731040772,0.595128164167412,0.5629952636154191,0.60751175043548,0.032884751858273574,265
1.0378667831420898,0.15277730607575965,0.012378311157226563,0.0028668278796700614,0.05,2,2,5,300,1.0,"{'learning_rate': 0.05, 'max_depth': 2, 'min_samples_leaf': 2, 'min_samples_split': 5, 'n_estimators': 300, 'subsample': 1.0}",0.6420901852158356,0.6500897312451303,0.5329029317685785,0.5927670622375565,0.5599558729652305,0.5955611566864663,0.04547507511111197,418
0.334014892578125,0.01773205910813771,0.009383678436279297,0.0019627698974170617,0.05,2,2,10,100,0.8,"{'learning_rate': 0.05, 'max_depth': 2, 'min_samples_leaf': 2, 'min_samples_split': 10, 'n_estimators': 100, 'subsample': 0.8}",0.6185594829235426,0.6696369115913363,0.6119387341319609,0.6026265152928076,0.5862874911587972,0.6178098270196889,0.02809010154481367,99
0.2684628009796143,0.011939130546534425,0.007333517074584961,0.00070679658055651,0.05,2,2,10,100,0.9,"{'learning_rate': 0.05, 'max_depth': 2, 'min_samples_leaf': 2, 'min_samples_split': 10, 'n_estimators': 100, 'subsample': 0.9}",0.609946785542439,0.6758564770738154,0.6110673196102121,0.5991851839721263,0.5820768716662464,0.6156265275729679,0.031864054527056006,130
0.2313488483428955,0.01314210161666554,0.006102371215820313,0.001186378222546865,0.05,2,2,10,100,1.0,"{'learning_rate': 0.05, 'max_depth': 2, 'min_samples_leaf': 2, 'min_samples_split': 10, 'n_estimators': 100, 'subsample': 1.0}",0.6206688600867938,0.6719612424381209,0.6024444381373768,0.5909111500374806,0.5740108327368195,0.6119993046873183,0.03361465428087042,185
0.520197868347168,0.039673305620921515,0.008291530609130859,0.0010263830654186656,0.05,2,2,10,200,0.8,"{'learning_rate': 0.05, 'max_depth': 2, 'min_samples_leaf': 2, 'min_samples_split': 10, 'n_estimators': 200, 'subsample': 0.8}",0.6450175196787427,0.6659993804268138,0.603668934762664,0.6027573441245535,0.5811412526792122,0.6197168863343973,0.03103363865406307,68
0.5787981986999512,0.027280520538937068,0.009610509872436524,0.002828406302828588,0.05,2,2,10,200,0.9,"{'learning_rate': 0.05, 'max_depth': 2, 'min_samples_leaf': 2, 'min_samples_split': 10, 'n_estimators': 200, 'subsample': 0.9}",0.6377875172935674,0.6667582246002515,0.5922326975949745,0.6048931945823965,0.5680552368887073,0.6139453741919795,0.03468986001218962,152
0.5490974426269531,0.031093460963023175,0.011359596252441406,0.004187660846967999,0.05,2,2,10,200,1.0,"{'learning_rate': 0.05, 'max_depth': 2, 'min_samples_leaf': 2, 'min_samples_split': 10, 'n_estimators': 200, 'subsample': 1.0}",0.6398696123950256,0.6570067499580857,0.5533502425288227,0.6025587285885101,0.5702877950024767,0.6046146256945841,0.039492894985634755,313
0.867102575302124,0.06994314691929171,0.009405374526977539,0.0018800892548177294,0.05,2,2,10,300,0.8,"{'learning_rate': 0.05, 'max_depth': 2, 'min_samples_leaf': 2, 'min_samples_split': 10, 'n_estimators': 300, 'subsample': 0.8}",0.6555904376444911,0.6495458180981912,0.5892066208876918,0.5976513197366952,0.5548644393840596,0.6093717271502258,0.03811868482356176,234
0.9156153202056885,0.06896132189373128,0.010321331024169923,0.0021115755783405682,0.05,2,2,10,300,0.9,"{'learning_rate': 0.05, 'max_depth': 2, 'min_samples_leaf': 2, 'min_samples_split': 10, 'n_estimators': 300, 'subsample': 0.9}",0.6419461974953392,0.6527078484598126,0.5903244622921302,0.5955460235576412,0.5596236026129602,0.6080296268835766,0.034522264225206704,254
0.8540400981903076,0.10212898100748238,0.011435413360595703,0.0033339000869096803,0.05,2,2,10,300,1.0,"{'learning_rate': 0.05, 'max_depth': 2, 'min_samples_leaf': 2, 'min_samples_split': 10, 'n_estimators': 300, 'subsample': 1.0}",0.6420901852158356,0.6526651422610935,0.5402841864287586,0.600918031639021,0.5569788598552811,0.5985872810799979,0.04461583059647539,381
0.31719174385070803,0.020371552585396458,0.008757400512695312,0.0022334365188731563,0.05,2,4,2,100,0.8,"{'learning_rate': 0.05, 'max_depth': 2, 'min_samples_leaf': 4, 'min_samples_split': 2, 'n_estimators': 100, 'subsample': 0.8}",0.6203374920094764,0.645109262735236,0.6079546591353526,0.5987629853327997,0.5754417794678457,0.609521235736142,0.02307857239513991,232
0.4834263801574707,0.1533325653653335,0.010240745544433594,0.005717149611371225,0.05,2,4,2,100,0.9,"{'learning_rate': 0.05, 'max_depth': 2, 'min_samples_leaf': 4, 'min_samples_split': 2, 'n_estimators': 100, 'subsample': 0.9}",0.6256944490775747,0.64983721721612,0.6179109906193924,0.5959641400631142,0.5879647000394463,0.6154742994031295,0.022039162500861763,131
0.24648923873901368,0.029782269528236285,0.006623125076293946,0.0011616607632239562,0.05,2,4,2,100,1.0,"{'learning_rate': 0.05, 'max_depth': 2, 'min_samples_leaf': 4, 'min_samples_split': 2, 'n_estimators': 100, 'subsample': 1.0}",0.6183341405602525,0.6472524325362701,0.6200609052424205,0.5873802779457586,0.5828600518814699,0.6111775616332343,0.023663130797642446,198
0.5645739078521729,0.022275133596480114,0.012960290908813477,0.004201616721803087,0.05,2,4,2,200,0.8,"{'learning_rate': 0.05, 'max_depth': 2, 'min_samples_leaf': 4, 'min_samples_split': 2, 'n_estimators': 200, 'subsample': 0.8}",0.6444812214849382,0.6680546664888973,0.6147968874967679,0.6050689883590499,0.5609846007534585,0.6186772729166223,0.03642158145561619,76
0.6045938491821289,0.01659253938524879,0.00849909782409668,0.0015362923900041315,0.05,2,4,2,200,0.9,"{'learning_rate': 0.05, 'max_depth': 2, 'min_samples_leaf': 4, 'min_samples_split': 2, 'n_estimators': 200, 'subsample': 0.9}",0.6492133726138751,0.6693596611975021,0.6053137522127793,0.600828944842503,0.5662807854271208,0.6181993032587559,0.03672207508702673,83
0.5412101745605469,0.02671277848079616,0.009649991989135742,0.0035080480333121505,0.05,2,4,2,200,1.0,"{'learning_rate': 0.05, 'max_depth': 2, 'min_samples_leaf': 4, 'min_samples_split': 2, 'n_estimators': 200, 'subsample': 1.0}",0.6441334294731392,0.6459058397571926,0.5823135508979649,0.6001076356838326,0.5872964725136742,0.6119513856651607,0.02762292273515496,186
0.8780168533325196,0.043555605994988686,0.008430290222167968,0.0008081547431593876,0.05,2,4,2,300,0.8,"{'learning_rate': 0.05, 'max_depth': 2, 'min_samples_leaf': 4, 'min_samples_split': 2, 'n_estimators': 300, 'subsample': 0.8}",0.6589904353258891,0.665330905712012,0.6165783064333196,0.6066044202131254,0.5371095682409364,0.6169227271850565,0.046021234754362,112
0.9272812843322754,0.09277606020180085,0.010762929916381836,0.0038888703817817182,0.05,2,4,2,300,0.9,"{'learning_rate': 0.05, 'max_depth': 2, 'min_samples_leaf': 4, 'min_samples_split': 2, 'n_estimators': 300, 'subsample': 0.9}",0.6596294668166336,0.6602194801703747,0.6096918730706896,0.6057377528280219,0.5548210835096014,0.6180199312790643,0.03931019764563749,88
0.8547619342803955,0.11124505917310885,0.010261106491088866,0.0031314883689244045,0.05,2,4,2,300,1.0,"{'learning_rate': 0.05, 'max_depth': 2, 'min_samples_leaf': 4, 'min_samples_split': 2, 'n_estimators': 300, 'subsample': 1.0}",0.655143718146775,0.648551284184619,0.5705866453393277,0.6059293373676091,0.570376559474346,0.6101175089025354,0.03650777346717428,220
0.3022646427154541,0.02511286863192534,0.010620784759521485,0.003766233877787961,0.05,2,4,5,100,0.8,"{'learning_rate': 0.05, 'max_depth': 2, 'min_samples_leaf': 4, 'min_samples_split': 5, 'n_estimators': 100, 'subsample': 0.8}",0.6203374920094764,0.645109262735236,0.6079546591353526,0.5987629853327997,0.5754417794678457,0.609521235736142,0.02307857239513991,232
0.3411216735839844,0.0379882906531846,0.009833240509033203,0.0019830687866762282,0.05,2,4,5,100,0.9,"{'learning_rate': 0.05, 'max_depth': 2, 'min_samples_leaf': 4, 'min_samples_split': 5, 'n_estimators': 100, 'subsample': 0.9}",0.6256944490775747,0.64983721721612,0.6179109906193924,0.5959641400631142,0.5879647000394463,0.6154742994031295,0.022039162500861763,131
0.28142919540405276,0.014523784768759256,0.00825800895690918,0.0006188611286702108,0.05,2,4,5,100,1.0,"{'learning_rate': 0.05, 'max_depth': 2, 'min_samples_leaf': 4, 'min_samples_split': 5, 'n_estimators': 100, 'subsample': 1.0}",0.6183341405602525,0.6472524325362701,0.6200609052424205,0.5873802779457586,0.5828600518814699,0.6111775616332343,0.023663130797642446,198
0.5690481185913085,0.014822866041099472,0.011386346817016602,0.004862303607096859,0.05,2,4,5,200,0.8,"{'learning_rate': 0.05, 'max_depth': 2, 'min_samples_leaf': 4, 'min_samples_split': 5, 'n_estimators': 200, 'subsample': 0.8}",0.6444812214849382,0.6680546664888973,0.6147968874967679,0.6050689883590499,0.5609846007534585,0.6186772729166223,0.03642158145561619,76
0.6022302150726319,0.016293772880754575,0.008541154861450195,0.0009802936822668475,0.05,2,4,5,200,0.9,"{'learning_rate': 0.05, 'max_depth': 2, 'min_samples_leaf': 4, 'min_samples_split': 5, 'n_estimators': 200, 'subsample': 0.9}",0.6492133726138751,0.6693596611975021,0.6053137522127793,0.600828944842503,0.5662807854271208,0.6181993032587559,0.03672207508702673,83
0.5544482231140136,0.04527203743866709,0.009356546401977538,0.0013698792495735407,0.05,2,4,5,200,1.0,"{'learning_rate': 0.05, 'max_depth': 2, 'min_samples_leaf': 4, 'min_samples_split': 5, 'n_estimators': 200, 'subsample': 1.0}",0.6441334294731392,0.6459058397571926,0.5823135508979649,0.6001076356838326,0.5872964725136742,0.6119513856651607,0.02762292273515496,186
0.9229475021362304,0.05731412125600231,0.008578062057495117,0.0013451154324291847,0.05,2,4,5,300,0.8,"{'learning_rate': 0.05, 'max_depth': 2, 'min_samples_leaf': 4, 'min_samples_split': 5, 'n_estimators': 300, 'subsample': 0.8}",0.6589904353258891,0.665330905712012,0.6165783064333196,0.6066044202131254,0.5371095682409364,0.6169227271850565,0.046021234754362,112
0.8750232696533203,0.056578144259456155,0.010393953323364258,0.003960524038436243,0.05,2,4,5,300,0.9,"{'learning_rate': 0.05, 'max_depth': 2, 'min_samples_leaf': 4, 'min_samples_split': 5, 'n_estimators': 300, 'subsample': 0.9}",0.6596294668166336,0.6602194801703747,0.6096918730706896,0.6057377528280219,0.5548210835096014,0.6180199312790643,0.03931019764563749,88
0.952733039855957,0.10501067082024644,0.012538719177246093,0.003655674330821939,0.05,2,4,5,300,1.0,"{'learning_rate': 0.05, 'max_depth': 2, 'min_samples_leaf': 4, 'min_samples_split': 5, 'n_estimators': 300, 'subsample': 1.0}",0.655143718146775,0.648551284184619,0.5705866453393277,0.6059293373676091,0.570376559474346,0.6101175089025354,0.03650777346717428,220
0.44507579803466796,0.1093901538694145,0.008506536483764648,0.0022939700670758854,0.05,2,4,10,100,0.8,"{'learning_rate': 0.05, 'max_depth': 2, 'min_samples_leaf': 4, 'min_samples_split': 10, 'n_estimators': 100, 'subsample': 0.8}",0.6207636124644589,0.645109262735236,0.6079546591353526,0.5987572274564525,0.5754417794678457,0.6096053082518692,0.023119648506342953,231
0.26648836135864257,0.01605284917250058,0.00791945457458496,0.0009246842548384185,0.05,2,4,10,100,0.9,"{'learning_rate': 0.05, 'max_depth': 2, 'min_samples_leaf': 4, 'min_samples_split': 10, 'n_estimators': 100, 'subsample': 0.9}",0.6256944490775747,0.64983721721612,0.6179109906193924,0.5956418227488075,0.5879647000394463,0.6154098359402681,0.022096531192828325,133
0.23612442016601562,0.0065870372203433985,0.00940403938293457,0.002750613522979841,0.05,2,4,10,100,1.0,"{'learning_rate': 0.05, 'max_depth': 2, 'min_samples_leaf': 4, 'min_samples_split': 10, 'n_estimators': 100, 'subsample': 1.0}",0.6183341405602525,0.6472524325362701,0.6200609052424205,0.5873802779457586,0.5828600518814699,0.6111775616332343,0.023663130797642446,198
0.693217420578003,0.07689493795093665,0.00922551155090332,0.001055330808296864,0.05,2,4,10,200,0.8,"{'learning_rate': 0.05, 'max_depth': 2, 'min_samples_leaf': 4, 'min_samples_split': 10, 'n_estimators': 200, 'subsample': 0.8}",0.6450456292097657,0.6680232762071645,0.6108522593850942,0.6031082313578083,0.5609846007534585,0.6176027993826583,0.036760348476670854,101
0.6825309753417969,0.05522237261587659,0.010279464721679687,0.00358084265802425,0.05,2,4,10,200,0.9,"{'learning_rate': 0.05, 'max_depth': 2, 'min_samples_leaf': 4, 'min_samples_split': 10, 'n_estimators': 200, 'subsample': 0.9}",0.6492133726138751,0.6695982653921895,0.6053137522127793,0.6023276770581653,0.5656516604246357,0.618420945540329,0.03683118486089035,80
0.5452489852905273,0.024904588716919026,0.008565092086791992,0.0016657978816001981,0.05,2,4,10,200,1.0,"{'learning_rate': 0.05, 'max_depth': 2, 'min_samples_leaf': 4, 'min_samples_split': 10, 'n_estimators': 200, 'subsample': 1.0}",0.6443192213827745,0.6459058397571926,0.5824695713043513,0.6001076356838326,0.58819257530542,0.6121989686867143,0.027474381217065077,182
1.420713520050049,0.1322462578601135,0.012878227233886718,0.0027896935296172288,0.05,2,4,10,300,0.8,"{'learning_rate': 0.05, 'max_depth': 2, 'min_samples_leaf': 4, 'min_samples_split': 10, 'n_estimators': 300, 'subsample': 0.8}",0.6616975580764527,0.6678093877328544,0.620853460703193,0.6097311503240473,0.5392888827640578,0.619876087920121,0.04614067456859525,63
1.1357913494110108,0.2745385879813162,0.008915281295776368,0.001353744896159643,0.05,2,4,10,300,0.9,"{'learning_rate': 0.05, 'max_depth': 2, 'min_samples_leaf': 4, 'min_samples_split': 10, 'n_estimators': 300, 'subsample': 0.9}",0.6609534947920748,0.6582823761981959,0.6096632884224238,0.6047125467073062,0.5507998305570447,0.616882307335409,0.040554522092261125,114
0.9510740756988525,0.12216342507888221,0.009108924865722656,0.0011847718942297478,0.05,2,4,10,300,1.0,"{'learning_rate': 0.05, 'max_depth': 2, 'min_samples_leaf': 4, 'min_samples_split': 10, 'n_estimators': 300, 'subsample': 1.0}",0.6588583846671143,0.648551284184619,0.5695255816280009,0.6059293373676091,0.5711796336147206,0.6108088442924128,0.037501578106052605,206
0.33192243576049807,0.031231215898669465,0.009962177276611328,0.0025978644184084885,0.05,3,1,2,100,0.8,"{'learning_rate': 0.05, 'max_depth': 3, 'min_samples_leaf': 1, 'min_samples_split': 2, 'n_estimators': 100, 'subsample': 0.8}",0.6189721562518061,0.6371616343588705,0.5884764657838357,0.6004742806551633,0.5853672026135102,0.6060903479326372,0.01950694047608429,290
0.35699710845947263,0.07613945424755307,0.019456768035888673,0.02215265252549807,0.05,3,1,2,100,0.9,"{'learning_rate': 0.05, 'max_depth': 3, 'min_samples_leaf': 1, 'min_samples_split': 2, 'n_estimators': 100, 'subsample': 0.9}",0.6109057831972645,0.6427160409784813,0.6147772400025378,0.6088980816468195,0.5942351468867919,0.614306458542379,0.01581770333771576,149
0.36444501876831054,0.03296714593408532,0.01829104423522949,0.01094659581091301,0.05,3,1,2,100,1.0,"{'learning_rate': 0.05, 'max_depth': 3, 'min_samples_leaf': 1, 'min_samples_split': 2, 'n_estimators': 100, 'subsample': 1.0}",0.5494853272230824,0.6354384554841275,0.5902483682807769,0.6110443592034256,0.5846212580382191,0.5941675536459263,0.028604569691650653,439
0.6955920219421386,0.05836386128227931,0.010571575164794922,0.0032782420751124902,0.05,3,1,2,200,0.8,"{'learning_rate': 0.05, 'max_depth': 3, 'min_samples_leaf': 1, 'min_samples_split': 2, 'n_estimators': 200, 'subsample': 0.8}",0.6271815191579964,0.6037031628748826,0.5809133222642843,0.5942470397293207,0.5471958903948082,0.5906481868842584,0.026461058808429565,492
0.6773261547088623,0.04579385857920602,0.010782766342163085,0.0033627394617347203,0.05,3,1,2,200,0.9,"{'learning_rate': 0.05, 'max_depth': 3, 'min_samples_leaf': 1, 'min_samples_split': 2, 'n_estimators': 200, 'subsample': 0.9}",0.5988332719298854,0.6308609985312403,0.5964139121032141,0.5991693239379577,0.5664007831739304,0.5983356579352457,0.020407693317183208,384
0.5579548835754394,0.03381852365178939,0.00990748405456543,0.0019605985755364584,0.05,3,1,2,200,1.0,"{'learning_rate': 0.05, 'max_depth': 3, 'min_samples_leaf': 1, 'min_samples_split': 2, 'n_estimators': 200, 'subsample': 1.0}",0.5624896566939697,0.6032030579079704,0.5462619239492128,0.6017597682405702,0.5706357979104624,0.576870040940437,0.022340297091438584,693
1.0153613567352295,0.046129283395674785,0.009480953216552734,0.0007250353757525007,0.05,3,1,2,300,0.8,"{'learning_rate': 0.05, 'max_depth': 3, 'min_samples_leaf': 1, 'min_samples_split': 2, 'n_estimators': 300, 'subsample': 0.8}",0.6134139412941675,0.5857947052244105,0.5623427216629129,0.5822279981911773,0.525563346330683,0.5738685425406702,0.029127955456902374,727
0.9389039516448975,0.06918595287486182,0.009742021560668945,0.0011323227811693604,0.05,3,1,2,300,0.9,"{'learning_rate': 0.05, 'max_depth': 3, 'min_samples_leaf': 1, 'min_samples_split': 2, 'n_estimators': 300, 'subsample': 0.9}",0.5924213498715061,0.596820394668906,0.5793805438612862,0.5892184459919023,0.5566949508273573,0.5829071370441916,0.01430697151623833,593
0.9213619709014893,0.05043086367577706,0.008781671524047852,0.0017077649118450147,0.05,3,1,2,300,1.0,"{'learning_rate': 0.05, 'max_depth': 3, 'min_samples_leaf': 1, 'min_samples_split': 2, 'n_estimators': 300, 'subsample': 1.0}",0.5469457125100874,0.5713233057837849,0.5205265779217259,0.5957661475564191,0.5706787386494305,0.5610480964842897,0.02547368432433931,875
0.3105021953582764,0.009330269845997285,0.009615278244018555,0.0016501648331007875,0.05,3,1,5,100,0.8,"{'learning_rate': 0.05, 'max_depth': 3, 'min_samples_leaf': 1, 'min_samples_split': 5, 'n_estimators': 100, 'subsample': 0.8}",0.6309849077939063,0.6278947832621915,0.5781699710781536,0.6030568272884161,0.5823861063787781,0.6044985191602891,0.02205966307704471,314
0.29749259948730467,0.005961708642045298,0.008535242080688477,0.0015764937742918895,0.05,3,1,5,100,0.9,"{'learning_rate': 0.05, 'max_depth': 3, 'min_samples_leaf': 1, 'min_samples_split': 5, 'n_estimators': 100, 'subsample': 0.9}",0.5985871547078727,0.644219862460506,0.6066302826438026,0.6130104068486019,0.5931294119549204,0.6111154237231406,0.01788890974603429,202
0.27250142097473146,0.004082135201721314,0.009865283966064453,0.002813984453437858,0.05,3,1,5,100,1.0,"{'learning_rate': 0.05, 'max_depth': 3, 'min_samples_leaf': 1, 'min_samples_split': 5, 'n_estimators': 100, 'subsample': 1.0}",0.5588803903622955,0.6368687961082808,0.5948797715605163,0.6147350543518708,0.5835327743551989,0.5977793573476325,0.02660820264785088,394
0.8821489334106445,0.05958928014351797,0.01644110679626465,0.010401537558310504,0.05,3,1,5,200,0.8,"{'learning_rate': 0.05, 'max_depth': 3, 'min_samples_leaf': 1, 'min_samples_split': 5, 'n_estimators': 200, 'subsample': 0.8}",0.6291594754809461,0.6096552851469245,0.567563791278297,0.5969946491728332,0.5464340584880104,0.5899614519134022,0.02956378583015294,501
0.7099786281585694,0.13041245124152473,0.011960268020629883,0.004486411577483773,0.05,3,1,5,200,0.9,"{'learning_rate': 0.05, 'max_depth': 3, 'min_samples_leaf': 1, 'min_samples_split': 5, 'n_estimators': 200, 'subsample': 0.9}",0.598410271353017,0.6247631949880614,0.5914310725929182,0.6021777456496309,0.5642987339201202,0.5962162037007495,0.019477715388337424,409
0.5784815311431885,0.03157800328174158,0.008296442031860352,0.0006798077640399852,0.05,3,1,5,200,1.0,"{'learning_rate': 0.05, 'max_depth': 3, 'min_samples_leaf': 1, 'min_samples_split': 5, 'n_estimators': 200, 'subsample': 1.0}",0.5681512954079563,0.6190056067135359,0.5561925343443621,0.6099763928530864,0.5666322405254118,0.5839916139688704,0.0254017353266092,581
1.4916226387023925,0.3984181555688402,0.017567777633666994,0.01278110762008246,0.05,3,1,5,300,0.8,"{'learning_rate': 0.05, 'max_depth': 3, 'min_samples_leaf': 1, 'min_samples_split': 5, 'n_estimators': 300, 'subsample': 0.8}",0.6175091798645314,0.5671304953345366,0.54602219398756,0.591411390959498,0.5235323821532415,0.5691211284598735,0.0330276142185546,783
1.4895335674285888,0.31054607782919447,0.012350130081176757,0.0035271919895854733,0.05,3,1,5,300,0.9,"{'learning_rate': 0.05, 'max_depth': 3, 'min_samples_leaf': 1, 'min_samples_split': 5, 'n_estimators': 300, 'subsample': 0.9}",0.5843885675252891,0.6019483823384186,0.5814661926711477,0.5986503372427531,0.5497035315856675,0.5832314022726552,0.018529123063743824,589
1.1364455223083496,0.17965340957926287,0.009933185577392579,0.002130775113732942,0.05,3,1,5,300,1.0,"{'learning_rate': 0.05, 'max_depth': 3, 'min_samples_leaf': 1, 'min_samples_split': 5, 'n_estimators': 300, 'subsample': 1.0}",0.550562180639722,0.5954458732396026,0.544540491814157,0.6024626282003092,0.5685113483335358,0.5723045044454653,0.02325077397951931,753
0.31667866706848147,0.011442045226087107,0.008316946029663087,0.001667038161295593,0.05,3,1,10,100,0.8,"{'learning_rate': 0.05, 'max_depth': 3, 'min_samples_leaf': 1, 'min_samples_split': 10, 'n_estimators': 100, 'subsample': 0.8}",0.6256796012882864,0.641797934890745,0.5796749307406874,0.6010677174858565,0.5841495046785381,0.6064739378168227,0.023926707220748217,282
0.32474455833435056,0.011070236993557733,0.008048200607299804,0.001032087737013136,0.05,3,1,10,100,0.9,"{'learning_rate': 0.05, 'max_depth': 3, 'min_samples_leaf': 1, 'min_samples_split': 10, 'n_estimators': 100, 'subsample': 0.9}",0.5965036591677434,0.6517210549621442,0.6114199249671595,0.612641815828411,0.5868429369720558,0.6118258783795028,0.022142147274348975,189
0.3024745941162109,0.024634678856477632,0.00791792869567871,0.0006360279775088477,0.05,3,1,10,100,1.0,"{'learning_rate': 0.05, 'max_depth': 3, 'min_samples_leaf': 1, 'min_samples_split': 10, 'n_estimators': 100, 'subsample': 1.0}",0.5625414394797039,0.6346134039908569,0.5889495455488074,0.6197521797439416,0.5855274952239633,0.5982768127974547,0.025721971791132704,386
0.652247428894043,0.03184599288938439,0.009579992294311524,0.0010510893540331629,0.05,3,1,10,200,0.8,"{'learning_rate': 0.05, 'max_depth': 3, 'min_samples_leaf': 1, 'min_samples_split': 10, 'n_estimators': 200, 'subsample': 0.8}",0.6295989369760122,0.6320601565660304,0.5585115331010151,0.5932653849256946,0.550222130605803,0.5927316284349111,0.0343053604859658,468
0.8015940666198731,0.14986966642904073,0.008895063400268554,0.0008494403502227544,0.05,3,1,10,200,0.9,"{'learning_rate': 0.05, 'max_depth': 3, 'min_samples_leaf': 1, 'min_samples_split': 10, 'n_estimators': 200, 'subsample': 0.9}",0.5922186143495041,0.6405037067370776,0.5922517702255907,0.6096025563440515,0.5615640150851158,0.5992281325482679,0.02579802478727642,369
0.6603384017944336,0.10209935558142175,0.009301042556762696,0.0013005289084152174,0.05,3,1,10,200,1.0,"{'learning_rate': 0.05, 'max_depth': 3, 'min_samples_leaf': 1, 'min_samples_split': 10, 'n_estimators': 200, 'subsample': 1.0}",0.5763991630103,0.6050711170047495,0.5501031473151576,0.6138344839136636,0.567988116261642,0.5826792055011024,0.023615739147498614,602
1.0305449962615967,0.10903141410457431,0.011150646209716796,0.00269512425447377,0.05,3,1,10,300,0.8,"{'learning_rate': 0.05, 'max_depth': 3, 'min_samples_leaf': 1, 'min_samples_split': 10, 'n_estimators': 300, 'subsample': 0.8}",0.6245916894122105,0.6024985578880049,0.537581307043048,0.5866741147249573,0.527652090612073,0.5757995519360588,0.037391384004367374,705
1.0422214031219483,0.09328197526543792,0.015103483200073242,0.01296887390551588,0.05,3,1,10,300,0.9,"{'learning_rate': 0.05, 'max_depth': 3, 'min_samples_leaf': 1, 'min_samples_split': 10, 'n_estimators': 300, 'subsample': 0.9}",0.5873545836343328,0.6171665160630472,0.5864165875600085,0.605671607967881,0.5454833594043909,0.5884185309259321,0.02438312544167809,524
0.9914651393890381,0.10597400007280448,0.010542345046997071,0.0025563273023368124,0.05,3,1,10,300,1.0,"{'learning_rate': 0.05, 'max_depth': 3, 'min_samples_leaf': 1, 'min_samples_split': 10, 'n_estimators': 300, 'subsample': 1.0}",0.566016381704202,0.5842383578596925,0.529266265540846,0.6093774514103933,0.5611080496788443,0.5700013012387956,0.026485798548965184,774
0.3521470546722412,0.05812432315322843,0.007649040222167969,0.0006004706903416726,0.05,3,2,2,100,0.8,"{'learning_rate': 0.05, 'max_depth': 3, 'min_samples_leaf': 2, 'min_samples_split': 2, 'n_estimators': 100, 'subsample': 0.8}",0.6523388848502243,0.6440836988353629,0.5832476227738981,0.5999713031079261,0.5717068142936451,0.6102696647722113,0.0323621650121111,218
0.3444952964782715,0.006497334236958919,0.0093353271484375,0.0036152446958728573,0.05,3,2,2,100,0.9,"{'learning_rate': 0.05, 'max_depth': 3, 'min_samples_leaf': 2, 'min_samples_split': 2, 'n_estimators': 100, 'subsample': 0.9}",0.61633177572653,0.655900824315472,0.6109508508523548,0.6119576822987498,0.5943557460344531,0.6178993758455119,0.020417912147976388,95
0.2933046340942383,0.020828887172550863,0.007160043716430664,0.0014607254934939544,0.05,3,2,2,100,1.0,"{'learning_rate': 0.05, 'max_depth': 3, 'min_samples_leaf': 2, 'min_samples_split': 2, 'n_estimators': 100, 'subsample': 1.0}",0.5696248931344466,0.6662766337237743,0.5911652045993303,0.6159274252655318,0.598828519035125,0.6083645351516417,0.03255309787515082,248
0.6187220573425293,0.023662815098940804,0.011210775375366211,0.002362423388272029,0.05,3,2,2,200,0.8,"{'learning_rate': 0.05, 'max_depth': 3, 'min_samples_leaf': 2, 'min_samples_split': 2, 'n_estimators': 200, 'subsample': 0.8}",0.6497941795376243,0.6235698457922545,0.595031414750867,0.5875238573571554,0.5345894436422447,0.5981017482160291,0.03866746178629435,389
0.6613338470458985,0.021549256664477347,0.00836801528930664,0.0006856555723542362,0.05,3,2,2,200,0.9,"{'learning_rate': 0.05, 'max_depth': 3, 'min_samples_leaf': 2, 'min_samples_split': 2, 'n_estimators': 200, 'subsample': 0.9}",0.6163275728534345,0.6426230707458336,0.596482617060408,0.5985932800059826,0.5500471274491573,0.6008147336229632,0.030297317243190524,352
0.6158353805541992,0.041068525690190406,0.010503244400024415,0.002780473162121522,0.05,3,2,2,200,1.0,"{'learning_rate': 0.05, 'max_depth': 3, 'min_samples_leaf': 2, 'min_samples_split': 2, 'n_estimators': 200, 'subsample': 1.0}",0.572149890558564,0.6313354480032742,0.5723418358872059,0.6010124494338558,0.5916527319580678,0.5936984711681935,0.021884554137956088,446
1.0751344680786132,0.07680120842737816,0.010099315643310547,0.0023354031090036627,0.05,3,2,2,300,0.8,"{'learning_rate': 0.05, 'max_depth': 3, 'min_samples_leaf': 2, 'min_samples_split': 2, 'n_estimators': 300, 'subsample': 0.8}",0.6425227794904815,0.5920049309983044,0.5765055051201183,0.5772466966501204,0.5100380345449833,0.5796635893608016,0.0423488352780322,646
1.3275700569152833,0.20665814542581537,0.011295032501220704,0.004823507881827022,0.05,3,2,2,300,0.9,"{'learning_rate': 0.05, 'max_depth': 3, 'min_samples_leaf': 2, 'min_samples_split': 2, 'n_estimators': 300, 'subsample': 0.9}",0.6168151048576151,0.6130948932339392,0.5938601369689642,0.5860344669325847,0.523992385643522,0.586759397527325,0.033429171940219694,549
1.1061656951904297,0.08230023133228295,0.011942625045776367,0.004442029680828332,0.05,3,2,2,300,1.0,"{'learning_rate': 0.05, 'max_depth': 3, 'min_samples_leaf': 2, 'min_samples_split': 2, 'n_estimators': 300, 'subsample': 1.0}",0.5701620999252797,0.623317809866581,0.5728027843625445,0.589858080774168,0.5855946963026831,0.5883470942462512,0.019000680587493456,526
0.3897117614746094,0.0747998956510234,0.010699653625488281,0.002755244433996185,0.05,3,2,5,100,0.8,"{'learning_rate': 0.05, 'max_depth': 3, 'min_samples_leaf': 2, 'min_samples_split': 5, 'n_estimators': 100, 'subsample': 0.8}",0.6560614785111734,0.6389035937081157,0.574724152289953,0.5996205136660637,0.5694869917421967,0.6077593459835005,0.03442498478165666,258
0.4029961585998535,0.0695171489985924,0.010647726058959962,0.00481500939163571,0.05,3,2,5,100,0.9,"{'learning_rate': 0.05, 'max_depth': 3, 'min_samples_leaf': 2, 'min_samples_split': 5, 'n_estimators': 100, 'subsample': 0.9}",0.6197093112291976,0.6562543467504266,0.6117807763495687,0.6098055425030313,0.5971529110175144,0.6189405775699477,0.02001160840553338,72
0.28612380027770995,0.00675079675754233,0.008060979843139648,0.0018572834147089913,0.05,3,2,5,100,1.0,"{'learning_rate': 0.05, 'max_depth': 3, 'min_samples_leaf': 2, 'min_samples_split': 5, 'n_estimators': 100, 'subsample': 1.0}",0.5679566160450802,0.6685383014314634,0.5861625872778995,0.6187178933260533,0.5928589686269234,0.6068468733414839,0.034878952668047414,275
0.5521064281463623,0.014196378593550905,0.009172534942626953,0.0020852838442138068,0.05,3,2,5,200,0.8,"{'learning_rate': 0.05, 'max_depth': 3, 'min_samples_leaf': 2, 'min_samples_split': 5, 'n_estimators': 200, 'subsample': 0.8}",0.6589293114090382,0.6273281230124549,0.5737146015490888,0.596056282958347,0.539953029841687,0.5991962697541232,0.041299815592827284,370
0.6170255661010742,0.04961361470926621,0.009188079833984375,0.0016175990774314076,0.05,3,2,5,200,0.9,"{'learning_rate': 0.05, 'max_depth': 3, 'min_samples_leaf': 2, 'min_samples_split': 5, 'n_estimators': 200, 'subsample': 0.9}",0.6221703098717515,0.6416905408567828,0.6008794670516997,0.5939488796740264,0.556475622388283,0.6030329639685087,0.0286893375683405,325
0.6005007743835449,0.04628147112721693,0.009926366806030273,0.0014332094769213498,0.05,3,2,5,200,1.0,"{'learning_rate': 0.05, 'max_depth': 3, 'min_samples_leaf': 2, 'min_samples_split': 5, 'n_estimators': 200, 'subsample': 1.0}",0.5862421102055122,0.6354632519598152,0.5646089221889905,0.6063076378200798,0.5742280259669746,0.5933699896282745,0.025233493268153873,449
1.1807099819183349,0.24446505587219983,0.02381143569946289,0.020417839992994975,0.05,3,2,5,300,0.8,"{'learning_rate': 0.05, 'max_depth': 3, 'min_samples_leaf': 2, 'min_samples_split': 5, 'n_estimators': 300, 'subsample': 0.8}",0.65525898473511,0.596325470566198,0.553965522693694,0.5779030190181286,0.5132678234673398,0.5793441640960941,0.04703968514252636,652
1.6020019054412842,0.1854267623229812,0.013376283645629882,0.0033243911155265387,0.05,3,2,5,300,0.9,"{'learning_rate': 0.05, 'max_depth': 3, 'min_samples_leaf': 2, 'min_samples_split': 5, 'n_estimators': 300, 'subsample': 0.9}",0.6188328870963197,0.6217672226531994,0.6007386967258579,0.5811619957293575,0.5243753614602202,0.5893752327329909,0.035604952613511584,509
0.9310423851013183,0.047961804506334506,0.01020512580871582,0.0026044350650460983,0.05,3,2,5,300,1.0,"{'learning_rate': 0.05, 'max_depth': 3, 'min_samples_leaf': 2, 'min_samples_split': 5, 'n_estimators': 300, 'subsample': 1.0}",0.5746914421671514,0.6316165566439429,0.5462527481287417,0.5987938287648904,0.5560498703038328,0.5814808892017118,0.030812913730683532,621
0.3481911182403564,0.0364351471600842,0.008414030075073242,0.0014859079602614937,0.05,3,2,10,100,0.8,"{'learning_rate': 0.05, 'max_depth': 3, 'min_samples_leaf': 2, 'min_samples_split': 10, 'n_estimators': 100, 'subsample': 0.8}",0.6554793760637485,0.6569693384966625,0.5745423683431906,0.5993289852973412,0.5718299986341953,0.6116300133670277,0.037654404496256066,193
0.3356334686279297,0.04843982640036369,0.026437044143676758,0.027574159805013744,0.05,3,2,10,100,0.9,"{'learning_rate': 0.05, 'max_depth': 3, 'min_samples_leaf': 2, 'min_samples_split': 10, 'n_estimators': 100, 'subsample': 0.9}",0.6150134205789441,0.6595494973707438,0.6025757532658523,0.610970135123521,0.6011291099394492,0.617847583255702,0.021480770717144264,98
0.33585495948791505,0.05221002768148805,0.008977746963500977,0.002079769461710015,0.05,3,2,10,100,1.0,"{'learning_rate': 0.05, 'max_depth': 3, 'min_samples_leaf': 2, 'min_samples_split': 10, 'n_estimators': 100, 'subsample': 1.0}",0.5698418799039546,0.6892557650047535,0.5840405329246963,0.6134892277381714,0.5956437983903446,0.6104542407923841,0.041917271829997375,212
0.5798064231872558,0.02040304755263403,0.009768867492675781,0.002660050255348881,0.05,3,2,10,200,0.8,"{'learning_rate': 0.05, 'max_depth': 3, 'min_samples_leaf': 2, 'min_samples_split': 10, 'n_estimators': 200, 'subsample': 0.8}",0.6608076345705288,0.6477278681795924,0.5716409247372721,0.5902329936132735,0.541012878157595,0.6022844598516522,0.04545005202577575,332
0.6086164474487304,0.021402937997640297,0.009053468704223633,0.002235035022218498,0.05,3,2,10,200,0.9,"{'learning_rate': 0.05, 'max_depth': 3, 'min_samples_leaf': 2, 'min_samples_split': 10, 'n_estimators': 200, 'subsample': 0.9}",0.6202890739796965,0.6476049131198753,0.5800770042996543,0.5960712528111761,0.5630174983429574,0.6014119485106719,0.029826070891364066,343
0.5657405376434326,0.020512925374280285,0.012462377548217773,0.0038936683587779725,0.05,3,2,10,200,1.0,"{'learning_rate': 0.05, 'max_depth': 3, 'min_samples_leaf': 2, 'min_samples_split': 10, 'n_estimators': 200, 'subsample': 1.0}",0.5840773319012477,0.6665357426470228,0.5502023477623095,0.6056876766252266,0.5749607450303249,0.5962927687932262,0.03937242363910811,406
0.9684371471405029,0.0779958000439843,0.01124114990234375,0.003312314286345676,0.05,3,2,10,300,0.8,"{'learning_rate': 0.05, 'max_depth': 3, 'min_samples_leaf': 2, 'min_samples_split': 10, 'n_estimators': 300, 'subsample': 0.8}",0.6586754732192186,0.6135256869114989,0.5577251495223665,0.575289503598196,0.5206498536805674,0.5851731333863694,0.04737255076999839,565
1.251218605041504,0.119028871585466,0.014534473419189453,0.004417140775663932,0.05,3,2,10,300,0.9,"{'learning_rate': 0.05, 'max_depth': 3, 'min_samples_leaf': 2, 'min_samples_split': 10, 'n_estimators': 300, 'subsample': 0.9}",0.620046851029668,0.6135759102607743,0.5756235599782781,0.5804184189259076,0.5409401518718453,0.5861209784132947,0.028596364038134942,557
1.0177455425262452,0.18404700291338444,0.008911657333374023,0.0020206437057783844,0.05,3,2,10,300,1.0,"{'learning_rate': 0.05, 'max_depth': 3, 'min_samples_leaf': 2, 'min_samples_split': 10, 'n_estimators': 300, 'subsample': 1.0}",0.5775561684633916,0.6576832981485532,0.5357967776007387,0.594767130196554,0.5647182609872683,0.5861043270793012,0.04064450179380886,558
0.33760814666748046,0.03828379801489423,0.011167097091674804,0.006439822894250767,0.05,3,4,2,100,0.8,"{'learning_rate': 0.05, 'max_depth': 3, 'min_samples_leaf': 4, 'min_samples_split': 2, 'n_estimators': 100, 'subsample': 0.8}",0.6623183614620615,0.6578282376521059,0.5914005354725895,0.5968483789823729,0.5763574661517985,0.6169505959441857,0.03587177899940191,106
0.3072197914123535,0.011056964190370774,0.008736324310302735,0.0016941561774468088,0.05,3,4,2,100,0.9,"{'learning_rate': 0.05, 'max_depth': 3, 'min_samples_leaf': 4, 'min_samples_split': 2, 'n_estimators': 100, 'subsample': 0.9}",0.6660860450660673,0.6481646404776125,0.5987289816209203,0.6074864870400964,0.5850028553170856,0.6210938019043564,0.03080595031961373,50
0.2899190902709961,0.01398888698175394,0.008245325088500977,0.0014513311221418378,0.05,3,4,2,100,1.0,"{'learning_rate': 0.05, 'max_depth': 3, 'min_samples_leaf': 4, 'min_samples_split': 2, 'n_estimators': 100, 'subsample': 1.0}",0.6520469221473484,0.6661722908378513,0.6113706977672619,0.5940164882904484,0.6052580734262842,0.6257728944938388,0.028139602850920032,28
0.6734341621398926,0.017011723463512714,0.009584522247314453,0.0018549588617090072,0.05,3,4,2,200,0.8,"{'learning_rate': 0.05, 'max_depth': 3, 'min_samples_leaf': 4, 'min_samples_split': 2, 'n_estimators': 200, 'subsample': 0.8}",0.6739100745083565,0.6645624358068596,0.5917005469200216,0.5803026066408303,0.5394240243648767,0.609979937648189,0.0514962688057235,225
0.6244917869567871,0.03988252253516731,0.008634710311889648,0.0020840394829812967,0.05,3,4,2,200,0.9,"{'learning_rate': 0.05, 'max_depth': 3, 'min_samples_leaf': 4, 'min_samples_split': 2, 'n_estimators': 200, 'subsample': 0.9}",0.6796123066057413,0.6694077266162165,0.5880486486678911,0.6066807011909379,0.546401414290317,0.6180301594742208,0.05018046149834254,86
0.5909171581268311,0.03979233762703117,0.011995649337768555,0.0024338124666478654,0.05,3,4,2,200,1.0,"{'learning_rate': 0.05, 'max_depth': 3, 'min_samples_leaf': 4, 'min_samples_split': 2, 'n_estimators': 200, 'subsample': 1.0}",0.6582302683806727,0.671801545805979,0.5903473370800871,0.5825967610487046,0.5711784849559741,0.6148308794542835,0.041648955727005145,139
0.992860221862793,0.15911309256411735,0.010164976119995117,0.0023748713795247577,0.05,3,4,2,300,0.8,"{'learning_rate': 0.05, 'max_depth': 3, 'min_samples_leaf': 4, 'min_samples_split': 2, 'n_estimators': 300, 'subsample': 0.8}",0.6725417527804465,0.6357356054390728,0.5883747282098932,0.5689026534083694,0.5293649008745077,0.5989839281424579,0.05025074431321397,378
1.3901457786560059,0.2717954422576872,0.012608528137207031,0.006203175886797544,0.05,3,4,2,300,0.9,"{'learning_rate': 0.05, 'max_depth': 3, 'min_samples_leaf': 4, 'min_samples_split': 2, 'n_estimators': 300, 'subsample': 0.9}",0.6710946961218015,0.6570914262064611,0.586327804555645,0.600980483902748,0.5214109865813241,0.607381079473596,0.05367608107720682,266
1.160492467880249,0.26294040370600497,0.0096527099609375,0.0013562765854805133,0.05,3,4,2,300,1.0,"{'learning_rate': 0.05, 'max_depth': 3, 'min_samples_leaf': 4, 'min_samples_split': 2, 'n_estimators': 300, 'subsample': 1.0}",0.662106168409882,0.66982201210668,0.5710174520380932,0.5636113538608696,0.5441109930310497,0.6021335958893149,0.0529097932830321,334
0.325041389465332,0.023337442140163405,0.008591699600219726,0.0014422313092876309,0.05,3,4,5,100,0.8,"{'learning_rate': 0.05, 'max_depth': 3, 'min_samples_leaf': 4, 'min_samples_split': 5, 'n_estimators': 100, 'subsample': 0.8}",0.6623183614620615,0.6578282376521059,0.5914005354725895,0.5968483789823729,0.5763574661517985,0.6169505959441857,0.03587177899940191,106
0.3239577293395996,0.010065102483883299,0.00928049087524414,0.0014892309184093735,0.05,3,4,5,100,0.9,"{'learning_rate': 0.05, 'max_depth': 3, 'min_samples_leaf': 4, 'min_samples_split': 5, 'n_estimators': 100, 'subsample': 0.9}",0.6660860450660673,0.6481646404776125,0.5987289816209203,0.6074864870400964,0.5850028553170856,0.6210938019043564,0.03080595031961373,50
0.2994264602661133,0.009360913339794417,0.009099435806274415,0.0018679903287450717,0.05,3,4,5,100,1.0,"{'learning_rate': 0.05, 'max_depth': 3, 'min_samples_leaf': 4, 'min_samples_split': 5, 'n_estimators': 100, 'subsample': 1.0}",0.6520469221473484,0.6661722908378513,0.6113706977672619,0.5940164882904484,0.6052580734262842,0.6257728944938388,0.028139602850920032,28
1.011480951309204,0.2260645460623912,0.014439201354980469,0.010325584282775229,0.05,3,4,5,200,0.8,"{'learning_rate': 0.05, 'max_depth': 3, 'min_samples_leaf': 4, 'min_samples_split': 5, 'n_estimators': 200, 'subsample': 0.8}",0.6739100745083565,0.6645624358068596,0.5917005469200216,0.5803026066408303,0.5394240243648767,0.609979937648189,0.0514962688057235,225
0.759673023223877,0.16950994333506425,0.009023237228393554,0.0015577695568577607,0.05,3,4,5,200,0.9,"{'learning_rate': 0.05, 'max_depth': 3, 'min_samples_leaf': 4, 'min_samples_split': 5, 'n_estimators': 200, 'subsample': 0.9}",0.6796123066057413,0.6694077266162165,0.5880486486678911,0.6066807011909379,0.546401414290317,0.6180301594742208,0.05018046149834254,86
0.561415147781372,0.029839215277951504,0.007782173156738281,0.0003660098842718956,0.05,3,4,5,200,1.0,"{'learning_rate': 0.05, 'max_depth': 3, 'min_samples_leaf': 4, 'min_samples_split': 5, 'n_estimators': 200, 'subsample': 1.0}",0.6582302683806727,0.671801545805979,0.5903473370800871,0.5825967610487046,0.5711784849559741,0.6148308794542835,0.041648955727005145,139
1.0063634395599366,0.1535983563313483,0.010460186004638671,0.0015990878131957756,0.05,3,4,5,300,0.8,"{'learning_rate': 0.05, 'max_depth': 3, 'min_samples_leaf': 4, 'min_samples_split': 5, 'n_estimators': 300, 'subsample': 0.8}",0.6725417527804465,0.6357356054390728,0.5883747282098932,0.5689026534083694,0.5293649008745077,0.5989839281424579,0.05025074431321397,378
1.0578514099121095,0.12031835137143121,0.011334228515625,0.001928289650752174,0.05,3,4,5,300,0.9,"{'learning_rate': 0.05, 'max_depth': 3, 'min_samples_leaf': 4, 'min_samples_split': 5, 'n_estimators': 300, 'subsample': 0.9}",0.6710946961218015,0.6570914262064611,0.586327804555645,0.600980483902748,0.5214109865813241,0.607381079473596,0.05367608107720682,266
0.8543899536132813,0.07133209002592952,0.009404897689819336,0.0015187025667181948,0.05,3,4,5,300,1.0,"{'learning_rate': 0.05, 'max_depth': 3, 'min_samples_leaf': 4, 'min_samples_split': 5, 'n_estimators': 300, 'subsample': 1.0}",0.662106168409882,0.66982201210668,0.5710174520380932,0.5636113538608696,0.5441109930310497,0.6021335958893149,0.0529097932830321,334
0.3337822437286377,0.02742870363129475,0.040050840377807616,0.06270453751651885,0.05,3,4,10,100,0.8,"{'learning_rate': 0.05, 'max_depth': 3, 'min_samples_leaf': 4, 'min_samples_split': 10, 'n_estimators': 100, 'subsample': 0.8}",0.6642985596575125,0.6526167769861946,0.5900018933878819,0.5913143707004038,0.5772570131103005,0.6150977227684586,0.03593263022741803,136
0.5363937854766846,0.17643350311399236,0.008243751525878907,0.0019255193894416943,0.05,3,4,10,100,0.9,"{'learning_rate': 0.05, 'max_depth': 3, 'min_samples_leaf': 4, 'min_samples_split': 10, 'n_estimators': 100, 'subsample': 0.9}",0.6652980548065257,0.6558199901966033,0.6003676461099109,0.6072891461244825,0.5861891570263931,0.622992798852783,0.031560638365438765,43
0.2909846305847168,0.010142987638409314,0.0073016643524169925,0.0015775793827163464,0.05,3,4,10,100,1.0,"{'learning_rate': 0.05, 'max_depth': 3, 'min_samples_leaf': 4, 'min_samples_split': 10, 'n_estimators': 100, 'subsample': 1.0}",0.6528723652674564,0.6579311571402182,0.615651349570772,0.5966128123721393,0.6074719788955376,0.6261079326492247,0.02472105779502939,27
0.6292742252349853,0.03754730824664621,0.00922098159790039,0.001161494340329018,0.05,3,4,10,200,0.8,"{'learning_rate': 0.05, 'max_depth': 3, 'min_samples_leaf': 4, 'min_samples_split': 10, 'n_estimators': 200, 'subsample': 0.8}",0.6703268032872762,0.6526275466095746,0.594934251647149,0.5780807404351511,0.5434658259339464,0.6078870335826194,0.047131136232133906,256
0.6333903312683106,0.030070563591041932,0.010263729095458984,0.0027433755298795185,0.05,3,4,10,200,0.9,"{'learning_rate': 0.05, 'max_depth': 3, 'min_samples_leaf': 4, 'min_samples_split': 10, 'n_estimators': 200, 'subsample': 0.9}",0.6846878370978622,0.6602128156883202,0.5853543866603885,0.6008290237841355,0.5485866879643078,0.6159341502390028,0.04977275787263876,125
0.6092487812042237,0.04288954003675978,0.00945749282836914,0.002489542246794064,0.05,3,4,10,200,1.0,"{'learning_rate': 0.05, 'max_depth': 3, 'min_samples_leaf': 4, 'min_samples_split': 10, 'n_estimators': 200, 'subsample': 1.0}",0.6611622839373488,0.6656634434492055,0.5950179576230983,0.5837092224138223,0.5596001788555046,0.6130306172557959,0.04272208698277606,171
1.0082574367523194,0.12451322017468144,0.009231376647949218,0.002178022067767643,0.05,3,4,10,300,0.8,"{'learning_rate': 0.05, 'max_depth': 3, 'min_samples_leaf': 4, 'min_samples_split': 10, 'n_estimators': 300, 'subsample': 0.8}",0.6685309738376837,0.6318309749290905,0.5775161421169674,0.5674894227866929,0.5289948703660248,0.5948724768072917,0.04936078970195535,427
1.0901707649230956,0.14737578756551695,0.01132826805114746,0.00378936444778298,0.05,3,4,10,300,0.9,"{'learning_rate': 0.05, 'max_depth': 3, 'min_samples_leaf': 4, 'min_samples_split': 10, 'n_estimators': 300, 'subsample': 0.9}",0.6780962180612939,0.6506934967137253,0.585167164985396,0.5991731431251175,0.5296896496923202,0.6085639345155707,0.051896795777499394,244
0.9897700309753418,0.030046873061929644,0.008819580078125,0.0008763359944394479,0.05,3,4,10,300,1.0,"{'learning_rate': 0.05, 'max_depth': 3, 'min_samples_leaf': 4, 'min_samples_split': 10, 'n_estimators': 300, 'subsample': 1.0}",0.6683755641056726,0.6581433744567936,0.5747128264955295,0.5797811792899108,0.5426552319634359,0.6047336352622684,0.04955905068083966,312
0.3765068531036377,0.03808406331060444,0.007650899887084961,0.0005075204684318196,0.05,4,1,2,100,0.8,"{'learning_rate': 0.05, 'max_depth': 4, 'min_samples_leaf': 1, 'min_samples_split': 2, 'n_estimators': 100, 'subsample': 0.8}",0.6135918801406137,0.6298616848081038,0.5714484840204476,0.6005497508158693,0.609859403794446,0.6050622407158961,0.019292626331731455,304
0.3514063358306885,0.023973609681041317,0.009236764907836915,0.0029963341200229887,0.05,4,1,2,100,0.9,"{'learning_rate': 0.05, 'max_depth': 4, 'min_samples_leaf': 1, 'min_samples_split': 2, 'n_estimators': 100, 'subsample': 0.9}",0.5710749684579841,0.646568012022529,0.6380424733307097,0.5930061592072049,0.5800871570812229,0.6057557540199301,0.030764455369819005,293
0.39148578643798826,0.05617734819873875,0.011476516723632812,0.0032855527047298736,0.05,4,1,2,100,1.0,"{'learning_rate': 0.05, 'max_depth': 4, 'min_samples_leaf': 1, 'min_samples_split': 2, 'n_estimators': 100, 'subsample': 1.0}",0.526412959345812,0.6442914618526057,0.6222574550488673,0.5946330933342079,0.6329736903669969,0.6041137319896979,0.042198659788426636,319
0.7905459880828858,0.1013386781693128,0.009904146194458008,0.001602147597443139,0.05,4,1,2,200,0.8,"{'learning_rate': 0.05, 'max_depth': 4, 'min_samples_leaf': 1, 'min_samples_split': 2, 'n_estimators': 200, 'subsample': 0.8}",0.5986299661311553,0.6065693668534777,0.5514313811512017,0.595271686132002,0.576846391367777,0.5857497583271227,0.019733443270694612,561
0.7295986175537109,0.017303867097748584,0.009976387023925781,0.003221875705039702,0.05,4,1,2,200,0.9,"{'learning_rate': 0.05, 'max_depth': 4, 'min_samples_leaf': 1, 'min_samples_split': 2, 'n_estimators': 200, 'subsample': 0.9}",0.5644227056339384,0.6312477063053926,0.599616387663177,0.5826256909440101,0.5748127629595818,0.59054505070122,0.023373460915633356,494
0.6460000991821289,0.034109590389090116,0.009658145904541015,0.0018498465259740465,0.05,4,1,2,200,1.0,"{'learning_rate': 0.05, 'max_depth': 4, 'min_samples_leaf': 1, 'min_samples_split': 2, 'n_estimators': 200, 'subsample': 1.0}",0.5147721427767598,0.6301082130716029,0.5737527246408289,0.5877789874426013,0.6267992757940462,0.5866422687451678,0.04203479752453211,550
0.999739408493042,0.030173030279752718,0.01076502799987793,0.002902537876541546,0.05,4,1,2,300,0.8,"{'learning_rate': 0.05, 'max_depth': 4, 'min_samples_leaf': 1, 'min_samples_split': 2, 'n_estimators': 300, 'subsample': 0.8}",0.5914835517571373,0.5784336584862618,0.5352815855515674,0.5894521146942725,0.5664322922364533,0.5722166405451384,0.02051625561164159,754
1.064507246017456,0.06942266562077883,0.010883712768554687,0.0018594359024569171,0.05,4,1,2,300,0.9,"{'learning_rate': 0.05, 'max_depth': 4, 'min_samples_leaf': 1, 'min_samples_split': 2, 'n_estimators': 300, 'subsample': 0.9}",0.5529010035029344,0.6073923957912026,0.5750247565734863,0.5814304837525093,0.5692856069557954,0.5772068493151856,0.0178173401708248,679
0.9561769008636475,0.06131486428291744,0.01038966178894043,0.001766138338151373,0.05,4,1,2,300,1.0,"{'learning_rate': 0.05, 'max_depth': 4, 'min_samples_leaf': 1, 'min_samples_split': 2, 'n_estimators': 300, 'subsample': 1.0}",0.5023073825685563,0.6137655511106153,0.5600930741012298,0.5795421818648199,0.6160619004727765,0.5743540180235996,0.04174643851792752,720
0.36082868576049804,0.026995219463986628,0.00901947021484375,0.0011376162286333687,0.05,4,1,5,100,0.8,"{'learning_rate': 0.05, 'max_depth': 4, 'min_samples_leaf': 1, 'min_samples_split': 5, 'n_estimators': 100, 'subsample': 0.8}",0.6279327250890088,0.6274864605485071,0.5760344934483013,0.5945125967028266,0.6020949271593544,0.6056122405895996,0.019935406899450905,295
0.3275918960571289,0.012039603246945486,0.006992769241333008,0.0005499946609076086,0.05,4,1,5,100,0.9,"{'learning_rate': 0.05, 'max_depth': 4, 'min_samples_leaf': 1, 'min_samples_split': 5, 'n_estimators': 100, 'subsample': 0.9}",0.560694552102097,0.6490673585302367,0.6334263856711296,0.5926993347488737,0.6055604906165197,0.6082896243337712,0.031017661348511753,249
0.32635159492492677,0.01865483988160079,0.009580659866333007,0.0018175661975034837,0.05,4,1,5,100,1.0,"{'learning_rate': 0.05, 'max_depth': 4, 'min_samples_leaf': 1, 'min_samples_split': 5, 'n_estimators': 100, 'subsample': 1.0}",0.5330346511673758,0.6239550295252179,0.5957585293558025,0.5918540868638749,0.6088430236907345,0.5906890641206011,0.030942782005241518,491
0.6671935081481933,0.014779894827638003,0.010766983032226562,0.0023401467205949053,0.05,4,1,5,200,0.8,"{'learning_rate': 0.05, 'max_depth': 4, 'min_samples_leaf': 1, 'min_samples_split': 5, 'n_estimators': 200, 'subsample': 0.8}",0.6159660507376046,0.6069822954139508,0.5464720506743512,0.5852568566261493,0.5796858717424103,0.5868726250388933,0.02423754443409201,548
0.6513740062713623,0.029575732958111934,0.009360837936401366,0.001521887740622791,0.05,4,1,5,200,0.9,"{'learning_rate': 0.05, 'max_depth': 4, 'min_samples_leaf': 1, 'min_samples_split': 5, 'n_estimators': 200, 'subsample': 0.9}",0.5405559656565351,0.6354010821262166,0.5956386251619221,0.585642785457801,0.6027777786437392,0.5920032474092428,0.030659278624350646,475
0.6133755207061767,0.020319155282599883,0.009351348876953125,0.0023716873568241275,0.05,4,1,5,200,1.0,"{'learning_rate': 0.05, 'max_depth': 4, 'min_samples_leaf': 1, 'min_samples_split': 5, 'n_estimators': 200, 'subsample': 1.0}",0.5113169337505576,0.6091642851167576,0.5411884893325385,0.578591727412374,0.6127820954657881,0.5706087062156031,0.0392681028219397,769
1.1605443477630615,0.1711785525276014,0.013182973861694336,0.0033276703803356783,0.05,4,1,5,300,0.8,"{'learning_rate': 0.05, 'max_depth': 4, 'min_samples_leaf': 1, 'min_samples_split': 5, 'n_estimators': 300, 'subsample': 0.8}",0.6073101912435748,0.5799280937483655,0.5291276981973561,0.581328284298438,0.5719504316830819,0.5739289398341632,0.025361836836274704,726
1.1612514972686767,0.20504065040103317,0.011303472518920898,0.0027643363922627306,0.05,4,1,5,300,0.9,"{'learning_rate': 0.05, 'max_depth': 4, 'min_samples_leaf': 1, 'min_samples_split': 5, 'n_estimators': 300, 'subsample': 0.9}",0.5322997397800069,0.6120454656248766,0.5838470806353068,0.5854922434370566,0.5989425894705933,0.5825254237895681,0.027107653269228236,607
1.0195245742797852,0.1303377720565667,0.010064411163330077,0.002009643015977368,0.05,4,1,5,300,1.0,"{'learning_rate': 0.05, 'max_depth': 4, 'min_samples_leaf': 1, 'min_samples_split': 5, 'n_estimators': 300, 'subsample': 1.0}",0.4969101462718618,0.5793710542236463,0.5243648238286149,0.5722641647058276,0.6235171303032501,0.5592854638666401,0.04428931233243817,888
0.37285590171813965,0.0733996654534705,0.009643077850341797,0.002222531687357837,0.05,4,1,10,100,0.8,"{'learning_rate': 0.05, 'max_depth': 4, 'min_samples_leaf': 1, 'min_samples_split': 10, 'n_estimators': 100, 'subsample': 0.8}",0.6215194414640268,0.6477625504201339,0.5709037838646835,0.5968014457392612,0.5807297098066704,0.6035433862589551,0.027963312677670438,322
0.3236552238464355,0.020279340425373365,0.00893855094909668,0.0018961168931569724,0.05,4,1,10,100,0.9,"{'learning_rate': 0.05, 'max_depth': 4, 'min_samples_leaf': 1, 'min_samples_split': 10, 'n_estimators': 100, 'subsample': 0.9}",0.5653117556829432,0.6828590434595886,0.6310327898521018,0.5918508367933215,0.608445662655783,0.6159000176887476,0.039763336602942304,128
0.3051177501678467,0.022203562134945697,0.008884382247924805,0.0018673857156575014,0.05,4,1,10,100,1.0,"{'learning_rate': 0.05, 'max_depth': 4, 'min_samples_leaf': 1, 'min_samples_split': 10, 'n_estimators': 100, 'subsample': 1.0}",0.5063875514573584,0.6331988122316503,0.6026220437534977,0.5950620075375294,0.6136639250498949,0.5901868680059861,0.043822198915287734,500
0.6421501636505127,0.053642526992539935,0.008490800857543945,0.0006603864117555786,0.05,4,1,10,200,0.8,"{'learning_rate': 0.05, 'max_depth': 4, 'min_samples_leaf': 1, 'min_samples_split': 10, 'n_estimators': 200, 'subsample': 0.8}",0.6090279724046912,0.6177539629722493,0.554075758512034,0.5872120398613841,0.5507126790049524,0.5837564825510622,0.02749274843667269,583
0.6597733974456788,0.03574601825068469,0.011938333511352539,0.002523916379760101,0.05,4,1,10,200,0.9,"{'learning_rate': 0.05, 'max_depth': 4, 'min_samples_leaf': 1, 'min_samples_split': 10, 'n_estimators': 200, 'subsample': 0.9}",0.5564904032980427,0.663927884186654,0.5825310106994175,0.578911395238679,0.5849649259848462,0.5933651238815278,0.03670340519574745,450
0.611487865447998,0.05337426225156865,0.011943483352661132,0.005201431389187287,0.05,4,1,10,200,1.0,"{'learning_rate': 0.05, 'max_depth': 4, 'min_samples_leaf': 1, 'min_samples_split': 10, 'n_estimators': 200, 'subsample': 1.0}",0.5090101365351749,0.6227404369109076,0.557469799050162,0.5821646080206677,0.605228607481903,0.5753227175997631,0.0397635484508893,710
0.9583932876586914,0.03654206309568812,0.008719348907470703,0.001065068621506875,0.05,4,1,10,300,0.8,"{'learning_rate': 0.05, 'max_depth': 4, 'min_samples_leaf': 1, 'min_samples_split': 10, 'n_estimators': 300, 'subsample': 0.8}",0.6005206078529811,0.5833913663337764,0.534619738458725,0.5790606773824514,0.5384509041309007,0.5672086588317671,0.026080960488176028,807
1.0739385604858398,0.09228504693870755,0.012346172332763672,0.0024647283679492395,0.05,4,1,10,300,0.9,"{'learning_rate': 0.05, 'max_depth': 4, 'min_samples_leaf': 1, 'min_samples_split': 10, 'n_estimators': 300, 'subsample': 0.9}",0.5489788358522261,0.6358896043266407,0.5621387753546723,0.5759928632968714,0.5741896108865316,0.5794379379433884,0.029843666129121964,651
0.9500201225280762,0.08852315548617322,0.010485124588012696,0.0022310564329761783,0.05,4,1,10,300,1.0,"{'learning_rate': 0.05, 'max_depth': 4, 'min_samples_leaf': 1, 'min_samples_split': 10, 'n_estimators': 300, 'subsample': 1.0}",0.5001832476741215,0.5983657651678067,0.544092472881902,0.5765012344053038,0.592517798426512,0.5623321037111292,0.03634702086154666,855
0.33066978454589846,0.055963754281994876,0.008120250701904298,0.0012061749165336766,0.05,4,2,2,100,0.8,"{'learning_rate': 0.05, 'max_depth': 4, 'min_samples_leaf': 2, 'min_samples_split': 2, 'n_estimators': 100, 'subsample': 0.8}",0.6794774710862307,0.6490092010286359,0.5986166102268506,0.6113540864491724,0.5764593085402487,0.6229833354662276,0.03677606518029091,44
0.30817856788635256,0.015318061257699423,0.008458757400512695,0.001805691673969326,0.05,4,2,2,100,0.9,"{'learning_rate': 0.05, 'max_depth': 4, 'min_samples_leaf': 2, 'min_samples_split': 2, 'n_estimators': 100, 'subsample': 0.9}",0.6007402827798629,0.6516128452500508,0.6195036662478901,0.616140591182736,0.5887948937463983,0.6153584558413876,0.021220221823686925,134
0.2676099300384521,0.009202733093459441,0.008275079727172851,0.0007954876447431601,0.05,4,2,2,100,1.0,"{'learning_rate': 0.05, 'max_depth': 4, 'min_samples_leaf': 2, 'min_samples_split': 2, 'n_estimators': 100, 'subsample': 1.0}",0.5200423043108031,0.6353467942193771,0.6197548085137605,0.6068116189058632,0.5908240606657091,0.5945559173231028,0.04003819989647232,432
0.5852826118469239,0.02547060196899837,0.00914459228515625,0.002022435817128704,0.05,4,2,2,200,0.8,"{'learning_rate': 0.05, 'max_depth': 4, 'min_samples_leaf': 2, 'min_samples_split': 2, 'n_estimators': 200, 'subsample': 0.8}",0.6710935679581609,0.6148053323752627,0.576734850130586,0.6037395906098031,0.548578870915182,0.6029904423977989,0.041056458190700314,326
0.6521047115325928,0.03596246664393059,0.009151887893676759,0.0019651461674969487,0.05,4,2,2,200,0.9,"{'learning_rate': 0.05, 'max_depth': 4, 'min_samples_leaf': 2, 'min_samples_split': 2, 'n_estimators': 200, 'subsample': 0.9}",0.5849640661976521,0.6327217219124108,0.5825315953838597,0.6049741233399936,0.5718285841472374,0.5954040181962307,0.021515998143255128,420
0.6265002727508545,0.048345405789507946,0.009172153472900391,0.0024773597249203865,0.05,4,2,2,200,1.0,"{'learning_rate': 0.05, 'max_depth': 4, 'min_samples_leaf': 2, 'min_samples_split': 2, 'n_estimators': 200, 'subsample': 1.0}",0.5129589229015873,0.615680294361851,0.5880741395016111,0.5969100506994081,0.572723676148913,0.5772694167226741,0.035026833802744774,677
0.981581735610962,0.061373738173433494,0.0100006103515625,0.001501070064027614,0.05,4,2,2,300,0.8,"{'learning_rate': 0.05, 'max_depth': 4, 'min_samples_leaf': 2, 'min_samples_split': 2, 'n_estimators': 300, 'subsample': 0.8}",0.6604816015948074,0.5951976608607332,0.5582591916799979,0.6000497844873793,0.5389623769835707,0.5905901231212977,0.04172827976209404,493
1.0620078086853026,0.07158708881217478,0.009993982315063477,0.002564203433884364,0.05,4,2,2,300,0.9,"{'learning_rate': 0.05, 'max_depth': 4, 'min_samples_leaf': 2, 'min_samples_split': 2, 'n_estimators': 300, 'subsample': 0.9}",0.5811871945828571,0.6143544082197754,0.566040635142314,0.6018794957364684,0.5562275177322409,0.5839378502827312,0.021646286448005658,582
0.9523951530456543,0.05790330544342637,0.008722639083862305,0.0011509754295569248,0.05,4,2,2,300,1.0,"{'learning_rate': 0.05, 'max_depth': 4, 'min_samples_leaf': 2, 'min_samples_split': 2, 'n_estimators': 300, 'subsample': 1.0}",0.514640837305546,0.591344569304273,0.5719152126589742,0.5954151724501988,0.5651410048076069,0.5676913593053198,0.028867931301748705,800
0.3111717224121094,0.010117619847171999,0.008515882492065429,0.0015698064811116579,0.05,4,2,5,100,0.8,"{'learning_rate': 0.05, 'max_depth': 4, 'min_samples_leaf': 2, 'min_samples_split': 5, 'n_estimators': 100, 'subsample': 0.8}",0.678274403833498,0.6537838398946956,0.5821161129421855,0.6111015348274893,0.576605353911634,0.6203762490819005,0.03983469104560006,59
0.31537647247314454,0.007781164640286578,0.007759809494018555,0.0008525251921328556,0.05,4,2,5,100,0.9,"{'learning_rate': 0.05, 'max_depth': 4, 'min_samples_leaf': 2, 'min_samples_split': 5, 'n_estimators': 100, 'subsample': 0.9}",0.5979193133277473,0.6552605578301067,0.6199473692747803,0.6163844306420916,0.5769603728729882,0.6132944087895428,0.025967377649685736,166
0.2742959499359131,0.0045632763378938256,0.008382225036621093,0.0023686278685307953,0.05,4,2,5,100,1.0,"{'learning_rate': 0.05, 'max_depth': 4, 'min_samples_leaf': 2, 'min_samples_split': 5, 'n_estimators': 100, 'subsample': 1.0}",0.5247260452140995,0.6401414438147827,0.621983201417911,0.607314664282218,0.580667975710001,0.5949666660878024,0.040153017696252596,426
0.6473936080932617,0.04254414021614219,0.010302066802978516,0.0032452237849781873,0.05,4,2,5,200,0.8,"{'learning_rate': 0.05, 'max_depth': 4, 'min_samples_leaf': 2, 'min_samples_split': 5, 'n_estimators': 200, 'subsample': 0.8}",0.6661791000912293,0.623120803931176,0.5684808484919586,0.6029039568761247,0.5303343730803167,0.598203816494161,0.04637521523144307,387
0.6389613151550293,0.020446737762780276,0.0118377685546875,0.00712352677142938,0.05,4,2,5,200,0.9,"{'learning_rate': 0.05, 'max_depth': 4, 'min_samples_leaf': 2, 'min_samples_split': 5, 'n_estimators': 200, 'subsample': 0.9}",0.5954011988910399,0.635699566971356,0.5848574026015159,0.6024506760878001,0.5508665503839012,0.5938550789871225,0.02740878590068231,443
0.6040398120880127,0.01298163382621892,0.009112024307250976,0.0018775850570555918,0.05,4,2,5,200,1.0,"{'learning_rate': 0.05, 'max_depth': 4, 'min_samples_leaf': 2, 'min_samples_split': 5, 'n_estimators': 200, 'subsample': 1.0}",0.5130838826543787,0.6308930097632999,0.5801738120885067,0.5927763276102664,0.5621778410168168,0.5758209746266536,0.03863013861402459,704
0.974234676361084,0.05201464158397095,0.011973905563354491,0.003706011163387023,0.05,4,2,5,300,0.8,"{'learning_rate': 0.05, 'max_depth': 4, 'min_samples_leaf': 2, 'min_samples_split': 5, 'n_estimators': 300, 'subsample': 0.8}",0.6577916044672547,0.6022460291014389,0.5579911229942918,0.599083406685565,0.5203633597668004,0.5874951046030701,0.0461966070342838,540
1.0192070007324219,0.09354845931690645,0.011419296264648438,0.0035658429410201317,0.05,4,2,5,300,0.9,"{'learning_rate': 0.05, 'max_depth': 4, 'min_samples_leaf': 2, 'min_samples_split': 5, 'n_estimators': 300, 'subsample': 0.9}",0.5881042499933533,0.6221964996559111,0.5698886170158861,0.6012198262068905,0.5347961004643139,0.5832410586672709,0.029629764656767265,588
0.9679261207580566,0.0891025862541202,0.010244369506835938,0.0018864943434887499,0.05,4,2,5,300,1.0,"{'learning_rate': 0.05, 'max_depth': 4, 'min_samples_leaf': 2, 'min_samples_split': 5, 'n_estimators': 300, 'subsample': 1.0}",0.5097899721975363,0.609597914923051,0.5669759301980757,0.5872618713157569,0.5545868789137371,0.5656425135096314,0.033594598889602416,828
0.3257175922393799,0.03126001007901629,0.007604455947875977,0.002206127695002848,0.05,4,2,10,100,0.8,"{'learning_rate': 0.05, 'max_depth': 4, 'min_samples_leaf': 2, 'min_samples_split': 10, 'n_estimators': 100, 'subsample': 0.8}",0.6595850745551586,0.651444290529116,0.6248718420598158,0.6117505052746716,0.5676963709934466,0.6230696166824418,0.032668233552077715,41
0.27466702461242676,0.007089332100463466,0.007648372650146484,0.0007168120554885742,0.05,4,2,10,100,0.9,"{'learning_rate': 0.05, 'max_depth': 4, 'min_samples_leaf': 2, 'min_samples_split': 10, 'n_estimators': 100, 'subsample': 0.9}",0.5842003428604509,0.6705199512386086,0.6336723638214443,0.6157667387750425,0.594796305385717,0.6197911404162527,0.03057365881966617,67
0.24753880500793457,0.004508753589614513,0.0064866065979003905,0.001202955492784282,0.05,4,2,10,100,1.0,"{'learning_rate': 0.05, 'max_depth': 4, 'min_samples_leaf': 2, 'min_samples_split': 10, 'n_estimators': 100, 'subsample': 1.0}",0.5319465559620893,0.6395868887431365,0.6068103903728176,0.5983602165345261,0.5871118917362582,0.5927631886697655,0.035076229717850814,465
0.5946799278259277,0.03509741148721381,0.008781337738037109,0.0013211664127809912,0.05,4,2,10,200,0.8,"{'learning_rate': 0.05, 'max_depth': 4, 'min_samples_leaf': 2, 'min_samples_split': 10, 'n_estimators': 200, 'subsample': 0.8}",0.6492357348525662,0.6211652895925643,0.6152907297010665,0.5972705996574021,0.5331081359472212,0.6032140979501641,0.03882332407025387,323
0.6767035007476807,0.035809202014090026,0.009330511093139648,0.0022848478090569395,0.05,4,2,10,200,0.9,"{'learning_rate': 0.05, 'max_depth': 4, 'min_samples_leaf': 2, 'min_samples_split': 10, 'n_estimators': 200, 'subsample': 0.9}",0.576408723670465,0.6365344471300873,0.596895316589585,0.6049932745935529,0.5633295735661896,0.595632267109976,0.025200082214340738,417
0.6178800582885742,0.02332554242034082,0.008735466003417968,0.0013036906011630305,0.05,4,2,10,200,1.0,"{'learning_rate': 0.05, 'max_depth': 4, 'min_samples_leaf': 2, 'min_samples_split': 10, 'n_estimators': 200, 'subsample': 1.0}",0.5203692579368895,0.6404090340849652,0.5577444627242749,0.5850004161772113,0.569941868080799,0.574693007800828,0.039206466523128286,717
0.9715551853179931,0.06947432051450594,0.011512947082519532,0.0029010087200457627,0.05,4,2,10,300,0.8,"{'learning_rate': 0.05, 'max_depth': 4, 'min_samples_leaf': 2, 'min_samples_split': 10, 'n_estimators': 300, 'subsample': 0.8}",0.6459965447000351,0.5919391613136521,0.5908530461796517,0.5807998081322747,0.5195082293118674,0.5858193579274962,0.040265234327363106,560
1.0424565315246581,0.0654538310735592,0.009954118728637695,0.0019023240760664903,0.05,4,2,10,300,0.9,"{'learning_rate': 0.05, 'max_depth': 4, 'min_samples_leaf': 2, 'min_samples_split': 10, 'n_estimators': 300, 'subsample': 0.9}",0.5683795097775795,0.6045203626129254,0.5811712710453358,0.5985568192832831,0.5501488862007109,0.580555369783967,0.01985728184080682,628
0.9514654636383056,0.05825531331238008,0.01085057258605957,0.0027140939999064904,0.05,4,2,10,300,1.0,"{'learning_rate': 0.05, 'max_depth': 4, 'min_samples_leaf': 2, 'min_samples_split': 10, 'n_estimators': 300, 'subsample': 1.0}",0.4950282713442751,0.6066285130121096,0.5416186005724213,0.5782226760895466,0.5568734285002391,0.5556742979037184,0.03736763967720891,911
0.3106074810028076,0.02398716691957089,0.009806203842163085,0.0036810928862451753,0.05,4,4,2,100,0.8,"{'learning_rate': 0.05, 'max_depth': 4, 'min_samples_leaf': 4, 'min_samples_split': 2, 'n_estimators': 100, 'subsample': 0.8}",0.6784632666819208,0.6836822594738756,0.5890522219791137,0.5905308840087446,0.568196819213805,0.621985090271492,0.04891511853648699,46
0.29309520721435545,0.0073137661588707605,0.007046413421630859,0.0006914794068690741,0.05,4,4,2,100,0.9,"{'learning_rate': 0.05, 'max_depth': 4, 'min_samples_leaf': 4, 'min_samples_split': 2, 'n_estimators': 100, 'subsample': 0.9}",0.6810554557467934,0.6776224398344652,0.6081928879664094,0.6097343246817677,0.5799518754805619,0.6313113967419997,0.0406374704662782,14
0.27017669677734374,0.0035583174324339308,0.008335447311401368,0.0023994363766076656,0.05,4,4,2,100,1.0,"{'learning_rate': 0.05, 'max_depth': 4, 'min_samples_leaf': 4, 'min_samples_split': 2, 'n_estimators': 100, 'subsample': 1.0}",0.6719623143306074,0.6773041062854532,0.6095070491330681,0.6068306653012837,0.5948622627276736,0.6320932795556173,0.035122770064990566,4
0.6353361129760742,0.04819724303864832,0.01046757698059082,0.0015356444949447064,0.05,4,4,2,200,0.8,"{'learning_rate': 0.05, 'max_depth': 4, 'min_samples_leaf': 4, 'min_samples_split': 2, 'n_estimators': 200, 'subsample': 0.8}",0.6865851940410976,0.6757874069214627,0.5927975166202959,0.5793131696210577,0.5467450448308582,0.6162456664069544,0.05520331413604261,120
0.7467999935150147,0.05750375584173215,0.009452533721923829,0.0020980718969978145,0.05,4,4,2,200,0.9,"{'learning_rate': 0.05, 'max_depth': 4, 'min_samples_leaf': 4, 'min_samples_split': 2, 'n_estimators': 200, 'subsample': 0.9}",0.6792961818641345,0.6721858966275778,0.5893396293516531,0.6083947638263021,0.5498199307085843,0.6198072804756503,0.04947565309746332,65
0.6568999290466309,0.04834472358530215,0.00897073745727539,0.001278294315580473,0.05,4,4,2,200,1.0,"{'learning_rate': 0.05, 'max_depth': 4, 'min_samples_leaf': 4, 'min_samples_split': 2, 'n_estimators': 200, 'subsample': 1.0}",0.6801312520593846,0.673076354987423,0.5638251368831461,0.5863515035827467,0.5761650046579577,0.6159098504341316,0.05011699051140318,126
1.4085718154907227,0.3784293895834573,0.03872361183166504,0.039981398039849174,0.05,4,4,2,300,0.8,"{'learning_rate': 0.05, 'max_depth': 4, 'min_samples_leaf': 4, 'min_samples_split': 2, 'n_estimators': 300, 'subsample': 0.8}",0.6815235224701891,0.6526937544517033,0.5711401730085919,0.576560364610405,0.5247512261181001,0.6013338081317978,0.05737334807278034,344
1.340709924697876,0.3987355932969373,0.012160682678222656,0.005961132852464342,0.05,4,4,2,300,0.9,"{'learning_rate': 0.05, 'max_depth': 4, 'min_samples_leaf': 4, 'min_samples_split': 2, 'n_estimators': 300, 'subsample': 0.9}",0.6685869852212462,0.656694010069964,0.5797095332241735,0.6028440882134809,0.5371173725540296,0.6089903978565788,0.04876118490297466,239
1.0783672332763672,0.2278998128032015,0.011536169052124023,0.0018453616221120767,0.05,4,4,2,300,1.0,"{'learning_rate': 0.05, 'max_depth': 4, 'min_samples_leaf': 4, 'min_samples_split': 2, 'n_estimators': 300, 'subsample': 1.0}",0.6754254970342772,0.6732986486819845,0.538812791744872,0.5815111993223308,0.5667743338777822,0.6071644941322493,0.056559177353348526,271
0.46276111602783204,0.08550304508075479,0.013797235488891602,0.007645148747643478,0.05,4,4,5,100,0.8,"{'learning_rate': 0.05, 'max_depth': 4, 'min_samples_leaf': 4, 'min_samples_split': 5, 'n_estimators': 100, 'subsample': 0.8}",0.6784632666819208,0.6836822594738756,0.5890522219791137,0.5905308840087446,0.568196819213805,0.621985090271492,0.04891511853648699,46
0.44753599166870117,0.10559372373606282,0.013799142837524415,0.008345898837822156,0.05,4,4,5,100,0.9,"{'learning_rate': 0.05, 'max_depth': 4, 'min_samples_leaf': 4, 'min_samples_split': 5, 'n_estimators': 100, 'subsample': 0.9}",0.6810554557467934,0.6776224398344652,0.6081928879664094,0.6097343246817677,0.5799518754805619,0.6313113967419997,0.0406374704662782,14
0.46731019020080566,0.06729806463404008,0.009149169921875,0.0021361792592313935,0.05,4,4,5,100,1.0,"{'learning_rate': 0.05, 'max_depth': 4, 'min_samples_leaf': 4, 'min_samples_split': 5, 'n_estimators': 100, 'subsample': 1.0}",0.6719623143306074,0.6773041062854532,0.6095070491330681,0.6068306653012837,0.5948622627276736,0.6320932795556173,0.035122770064990566,4
0.6819289684295654,0.033765969706863894,0.011392593383789062,0.004070355937316292,0.05,4,4,5,200,0.8,"{'learning_rate': 0.05, 'max_depth': 4, 'min_samples_leaf': 4, 'min_samples_split': 5, 'n_estimators': 200, 'subsample': 0.8}",0.6865851940410976,0.6757874069214627,0.5927975166202959,0.5793131696210577,0.5467450448308582,0.6162456664069544,0.05520331413604261,120
0.9338600635528564,0.12525415365283618,0.011487865447998047,0.0012272500016462834,0.05,4,4,5,200,0.9,"{'learning_rate': 0.05, 'max_depth': 4, 'min_samples_leaf': 4, 'min_samples_split': 5, 'n_estimators': 200, 'subsample': 0.9}",0.6792961818641345,0.6721858966275778,0.5893396293516531,0.6083947638263021,0.5498199307085843,0.6198072804756503,0.04947565309746332,65
0.711910629272461,0.05926045759217167,0.013446903228759766,0.0074625824637487475,0.05,4,4,5,200,1.0,"{'learning_rate': 0.05, 'max_depth': 4, 'min_samples_leaf': 4, 'min_samples_split': 5, 'n_estimators': 200, 'subsample': 1.0}",0.6801312520593846,0.673076354987423,0.5638251368831461,0.5863515035827467,0.5761650046579577,0.6159098504341316,0.05011699051140318,126
1.0557076930999756,0.08063695409367683,0.012267303466796876,0.004182581824353481,0.05,4,4,5,300,0.8,"{'learning_rate': 0.05, 'max_depth': 4, 'min_samples_leaf': 4, 'min_samples_split': 5, 'n_estimators': 300, 'subsample': 0.8}",0.6815235224701891,0.6526937544517033,0.5711401730085919,0.576560364610405,0.5247512261181001,0.6013338081317978,0.05737334807278034,344
1.0416834831237793,0.06614373113172455,0.011501741409301759,0.003280878513672408,0.05,4,4,5,300,0.9,"{'learning_rate': 0.05, 'max_depth': 4, 'min_samples_leaf': 4, 'min_samples_split': 5, 'n_estimators': 300, 'subsample': 0.9}",0.6685869852212462,0.656694010069964,0.5797095332241735,0.6028440882134809,0.5371173725540296,0.6089903978565788,0.04876118490297466,239
0.9220792293548584,0.04541392226308691,0.009114933013916016,0.0008036700858562952,0.05,4,4,5,300,1.0,"{'learning_rate': 0.05, 'max_depth': 4, 'min_samples_leaf': 4, 'min_samples_split': 5, 'n_estimators': 300, 'subsample': 1.0}",0.6754254970342772,0.6732986486819845,0.538812791744872,0.5815111993223308,0.5667743338777822,0.6071644941322493,0.056559177353348526,271
0.3334054946899414,0.026924602223868638,0.008414316177368163,0.0016082038178199662,0.05,4,4,10,100,0.8,"{'learning_rate': 0.05, 'max_depth': 4, 'min_samples_leaf': 4, 'min_samples_split': 10, 'n_estimators': 100, 'subsample': 0.8}",0.6725644267712771,0.6754659189407846,0.5905722525247694,0.5982390834880519,0.5668358898465322,0.6207355143142831,0.04472747396516382,54
0.34583077430725095,0.021927999503629655,0.009177398681640626,0.0019177456450799693,0.05,4,4,10,100,0.9,"{'learning_rate': 0.05, 'max_depth': 4, 'min_samples_leaf': 4, 'min_samples_split': 10, 'n_estimators': 100, 'subsample': 0.9}",0.6816543989436918,0.6754463057305191,0.6060316333116826,0.6160967032199604,0.5780610321857409,0.631458014678319,0.04046814856512481,11
0.2850682258605957,0.04051234582397873,0.007589578628540039,0.0014315919769085016,0.05,4,4,10,100,1.0,"{'learning_rate': 0.05, 'max_depth': 4, 'min_samples_leaf': 4, 'min_samples_split': 10, 'n_estimators': 100, 'subsample': 1.0}",0.6459592871370736,0.6647794166594228,0.6082019081310253,0.5991429058369235,0.5940668658703052,0.62243007672695,0.027915211534193497,45
0.5976787090301514,0.047099176942444726,0.00881056785583496,0.0016434721223617726,0.05,4,4,10,200,0.8,"{'learning_rate': 0.05, 'max_depth': 4, 'min_samples_leaf': 4, 'min_samples_split': 10, 'n_estimators': 200, 'subsample': 0.8}",0.6786790091919201,0.6655269611961754,0.5979634883087057,0.5895220700314437,0.5407029692687042,0.61447889959939,0.05111956320788404,146
0.6674970149993896,0.015715177226549793,0.009716224670410157,0.002645802210725053,0.05,4,4,10,200,0.9,"{'learning_rate': 0.05, 'max_depth': 4, 'min_samples_leaf': 4, 'min_samples_split': 10, 'n_estimators': 200, 'subsample': 0.9}",0.6829322701583405,0.6705362755039566,0.5939780272875239,0.6045726986808422,0.5443984734679467,0.619283549019722,0.05126900576932645,70
0.619278860092163,0.025843374467916676,0.011259841918945312,0.0031114322625291507,0.05,4,4,10,200,1.0,"{'learning_rate': 0.05, 'max_depth': 4, 'min_samples_leaf': 4, 'min_samples_split': 10, 'n_estimators': 200, 'subsample': 1.0}",0.6621846771007991,0.6565134156280801,0.5869083291471419,0.5894712752404292,0.5714507622911711,0.6133056918815243,0.038138688740936184,165
0.961376953125,0.025701838024927894,0.010544347763061523,0.002045651429085031,0.05,4,4,10,300,0.8,"{'learning_rate': 0.05, 'max_depth': 4, 'min_samples_leaf': 4, 'min_samples_split': 10, 'n_estimators': 300, 'subsample': 0.8}",0.6770213175190669,0.6425676373221519,0.5797852085553337,0.5816174795478446,0.5216730232312086,0.6005329332351211,0.05408241331793869,355
1.0217539310455321,0.058158193496829165,0.009904289245605468,0.0021632434428838485,0.05,4,4,10,300,0.9,"{'learning_rate': 0.05, 'max_depth': 4, 'min_samples_leaf': 4, 'min_samples_split': 10, 'n_estimators': 300, 'subsample': 0.9}",0.6728600234158817,0.6564475999602639,0.5876963422102406,0.5959649064093786,0.5273290250414311,0.6080595794074392,0.052189774916230974,252
0.9531016826629639,0.06868837305149461,0.010200834274291993,0.0024484694027202187,0.05,4,4,10,300,1.0,"{'learning_rate': 0.05, 'max_depth': 4, 'min_samples_leaf': 4, 'min_samples_split': 10, 'n_estimators': 300, 'subsample': 1.0}",0.652023199728164,0.6465814034308293,0.5814619929809166,0.5924464020192057,0.5661296581627161,0.6077285312643663,0.03500144020148367,259
0.3646265983581543,0.02820773807970915,0.008298015594482422,0.0018288632133430635,0.05,5,1,2,100,0.8,"{'learning_rate': 0.05, 'max_depth': 5, 'min_samples_leaf': 1, 'min_samples_split': 2, 'n_estimators': 100, 'subsample': 0.8}",0.5476313665893591,0.6400408602811221,0.5968329818878965,0.6151007490450175,0.5816458204030179,0.5962503556412826,0.03114605473374563,408
0.31488957405090334,0.01515280586536912,0.011176013946533203,0.004722996144019333,0.05,5,1,2,100,0.9,"{'learning_rate': 0.05, 'max_depth': 5, 'min_samples_leaf': 1, 'min_samples_split': 2, 'n_estimators': 100, 'subsample': 0.9}",0.5268479086514013,0.6660539958043741,0.5945533936649575,0.6026536829533641,0.5760431567773282,0.5932304275702851,0.044935200382269995,454
0.28659701347351074,0.006479497838765726,0.006318521499633789,0.0013849277451011826,0.05,5,1,2,100,1.0,"{'learning_rate': 0.05, 'max_depth': 5, 'min_samples_leaf': 1, 'min_samples_split': 2, 'n_estimators': 100, 'subsample': 1.0}",0.4161734300850932,0.6274488496328703,0.6217584120091912,0.5898358703959259,0.6133232615830069,0.5737079647412175,0.07980418395746189,732
0.6431746006011962,0.03889300542871342,0.009806394577026367,0.0019552221962001364,0.05,5,1,2,200,0.8,"{'learning_rate': 0.05, 'max_depth': 5, 'min_samples_leaf': 1, 'min_samples_split': 2, 'n_estimators': 200, 'subsample': 0.8}",0.5454209868665567,0.6186856701669371,0.5760376161419292,0.6093198967920752,0.5640295974105101,0.5826987534756016,0.027518297427510156,601
0.7279764175415039,0.04740938143183909,0.00917515754699707,0.0016505334242988673,0.05,5,1,2,200,0.9,"{'learning_rate': 0.05, 'max_depth': 5, 'min_samples_leaf': 1, 'min_samples_split': 2, 'n_estimators': 200, 'subsample': 0.9}",0.518653563870819,0.6509383980310205,0.5869685950333093,0.5908675350051033,0.5650094196572719,0.5824875023195049,0.04279272212619493,608
0.7017001152038574,0.06444458799533419,0.015461063385009766,0.0038980036503285208,0.05,5,1,2,200,1.0,"{'learning_rate': 0.05, 'max_depth': 5, 'min_samples_leaf': 1, 'min_samples_split': 2, 'n_estimators': 200, 'subsample': 1.0}",0.40302247864536145,0.5870225555793381,0.6005449614231299,0.5897436718262314,0.6144452814212469,0.5589557897790616,0.07856153947741258,890
1.0545519828796386,0.0423903543954296,0.011414146423339844,0.0029651621678422916,0.05,5,1,2,300,0.8,"{'learning_rate': 0.05, 'max_depth': 5, 'min_samples_leaf': 1, 'min_samples_split': 2, 'n_estimators': 300, 'subsample': 0.8}",0.541970417005597,0.6034858868369894,0.5572501461139344,0.6080858606797669,0.5532715727804287,0.5728127766833433,0.02742384149539637,747
1.160588550567627,0.19445654485500216,0.0099029541015625,0.0021187246431926096,0.05,5,1,2,300,0.9,"{'learning_rate': 0.05, 'max_depth': 5, 'min_samples_leaf': 1, 'min_samples_split': 2, 'n_estimators': 300, 'subsample': 0.9}",0.514434421083658,0.6376758340981366,0.5814090657822213,0.5895794035675215,0.5565114664694785,0.5759220382002032,0.04046642994347373,702
1.2389931678771973,0.12979833086395548,0.011675739288330078,0.0035910510985060692,0.05,5,1,2,300,1.0,"{'learning_rate': 0.05, 'max_depth': 5, 'min_samples_leaf': 1, 'min_samples_split': 2, 'n_estimators': 300, 'subsample': 1.0}",0.40548752433461643,0.5636403655056357,0.5803803333771844,0.5831442072519779,0.6094695803592816,0.5484244021657391,0.0729597653093385,970
0.3679800033569336,0.054353750981062834,0.010098886489868165,0.0013135903370089647,0.05,5,1,5,100,0.8,"{'learning_rate': 0.05, 'max_depth': 5, 'min_samples_leaf': 1, 'min_samples_split': 5, 'n_estimators': 100, 'subsample': 0.8}",0.5539419777683015,0.6366121156025516,0.6049373375421231,0.6105349611781734,0.6031489995004595,0.6018350783183217,0.026796379477469483,339
0.36232447624206543,0.020987565278361753,0.010525655746459962,0.0019471491151771042,0.05,5,1,5,100,0.9,"{'learning_rate': 0.05, 'max_depth': 5, 'min_samples_leaf': 1, 'min_samples_split': 5, 'n_estimators': 100, 'subsample': 0.9}",0.5318075278849493,0.6576297383594474,0.6132122255533297,0.6117445242809567,0.6113884741957708,0.6051564980548908,0.040695569131677316,299
0.30834088325500486,0.013128573390706595,0.010664558410644532,0.003236295986863316,0.05,5,1,5,100,1.0,"{'learning_rate': 0.05, 'max_depth': 5, 'min_samples_leaf': 1, 'min_samples_split': 5, 'n_estimators': 100, 'subsample': 1.0}",0.47705978218488476,0.6185825354091339,0.63517248754613,0.601116109048713,0.6190602975704892,0.5901982423518702,0.05758624842228085,499
0.7554510593414306,0.07230370731124199,0.013696241378784179,0.004464436447786085,0.05,5,1,5,200,0.8,"{'learning_rate': 0.05, 'max_depth': 5, 'min_samples_leaf': 1, 'min_samples_split': 5, 'n_estimators': 200, 'subsample': 0.8}",0.5439794377394588,0.6099539252635594,0.5878192322344198,0.6018475106291072,0.5822308407082073,0.5851661893149505,0.02282411771684077,566
0.785114049911499,0.05709555704892493,0.01050877571105957,0.0014251812255110484,0.05,5,1,5,200,0.9,"{'learning_rate': 0.05, 'max_depth': 5, 'min_samples_leaf': 1, 'min_samples_split': 5, 'n_estimators': 200, 'subsample': 0.9}",0.5228858446486286,0.649672244276351,0.5888547545697516,0.6036963064882793,0.6055338305727973,0.5941285961111615,0.04101234045269735,440
0.7662157535552978,0.06450102319231801,0.014079999923706055,0.0028355760458088674,0.05,5,1,5,200,1.0,"{'learning_rate': 0.05, 'max_depth': 5, 'min_samples_leaf': 1, 'min_samples_split': 5, 'n_estimators': 200, 'subsample': 1.0}",0.4739768749135794,0.604242999520638,0.6143991695136592,0.6014516864212809,0.6265030518273993,0.5841147564393114,0.0557673408347258,577
1.160429048538208,0.19222223349299392,0.013165092468261719,0.003650369747425835,0.05,5,1,5,300,0.8,"{'learning_rate': 0.05, 'max_depth': 5, 'min_samples_leaf': 1, 'min_samples_split': 5, 'n_estimators': 300, 'subsample': 0.8}",0.5375673260556788,0.5866029217113178,0.5814825671084943,0.5961597264677865,0.5708027984956515,0.5745230679677857,0.020209254073418215,719
1.4228516101837159,0.15606226449946559,0.01705136299133301,0.004440052320184742,0.05,5,1,5,300,0.9,"{'learning_rate': 0.05, 'max_depth': 5, 'min_samples_leaf': 1, 'min_samples_split': 5, 'n_estimators': 300, 'subsample': 0.9}",0.5159917060234485,0.6351610267671484,0.5847078827609449,0.6057216775159434,0.6013134618434661,0.5885791509821903,0.03977392091307192,516
1.2605523109436034,0.23792382970704568,0.012552165985107422,0.0027406746472150197,0.05,5,1,5,300,1.0,"{'learning_rate': 0.05, 'max_depth': 5, 'min_samples_leaf': 1, 'min_samples_split': 5, 'n_estimators': 300, 'subsample': 1.0}",0.47208613316478776,0.5872839296888084,0.6072351804415141,0.5912482843612615,0.6252585542383777,0.5766224163789498,0.05395930618152037,697
0.44485158920288087,0.1060369454881746,0.009774017333984374,0.003491603542135291,0.05,5,1,10,100,0.8,"{'learning_rate': 0.05, 'max_depth': 5, 'min_samples_leaf': 1, 'min_samples_split': 10, 'n_estimators': 100, 'subsample': 0.8}",0.5721123796966636,0.6572123135367447,0.6174940461470086,0.6063627684363746,0.618265707378152,0.6142894430389887,0.02724037376168027,150
0.34536495208740237,0.009194520800125918,0.011532783508300781,0.0048751403583039,0.05,5,1,10,100,0.9,"{'learning_rate': 0.05, 'max_depth': 5, 'min_samples_leaf': 1, 'min_samples_split': 10, 'n_estimators': 100, 'subsample': 0.9}",0.58864162920328,0.6665641375409288,0.6135540362066132,0.6099177115045629,0.6111348554440885,0.6179624739798946,0.02589441075240049,92
0.32669978141784667,0.017412191600288753,0.008244657516479492,0.0016681367323773926,0.05,5,1,10,100,1.0,"{'learning_rate': 0.05, 'max_depth': 5, 'min_samples_leaf': 1, 'min_samples_split': 10, 'n_estimators': 100, 'subsample': 1.0}",0.5113410325527916,0.6396876066244735,0.585956776296384,0.6094427692241786,0.5955578939562143,0.5883972157308084,0.042587570823216125,525
0.7515363693237305,0.11802966525969157,0.009287405014038085,0.002149602072061854,0.05,5,1,10,200,0.8,"{'learning_rate': 0.05, 'max_depth': 5, 'min_samples_leaf': 1, 'min_samples_split': 10, 'n_estimators': 200, 'subsample': 0.8}",0.5548426602814187,0.628967501505006,0.5978873944243299,0.6030445597201053,0.5893126537904014,0.5948109539442522,0.023965067470257582,428
0.6948696613311768,0.05873070339764302,0.010878372192382812,0.0014380658428014123,0.05,5,1,10,200,0.9,"{'learning_rate': 0.05, 'max_depth': 5, 'min_samples_leaf': 1, 'min_samples_split': 10, 'n_estimators': 200, 'subsample': 0.9}",0.5727437855932132,0.6441833893451898,0.5867721226236631,0.5998770354326626,0.5918873130541352,0.5990927292097729,0.02421472678364636,377
0.7279312133789062,0.11062157700401008,0.01225137710571289,0.003360312516275675,0.05,5,1,10,200,1.0,"{'learning_rate': 0.05, 'max_depth': 5, 'min_samples_leaf': 1, 'min_samples_split': 10, 'n_estimators': 200, 'subsample': 1.0}",0.49763957615549115,0.6188459466997818,0.5820350197171597,0.5959706898632806,0.584678908635597,0.5758340282142621,0.041198463107815546,703
1.1811696529388427,0.24988239371188117,0.009592628479003907,0.0013166285330594783,0.05,5,1,10,300,0.8,"{'learning_rate': 0.05, 'max_depth': 5, 'min_samples_leaf': 1, 'min_samples_split': 10, 'n_estimators': 300, 'subsample': 0.8}",0.5437539851787323,0.6051407786252774,0.5873205181842873,0.5919423606820142,0.5824015663947083,0.5821118418130039,0.020618004012934888,611
1.3189802169799805,0.24457454610425458,0.010540962219238281,0.002222823346890568,0.05,5,1,10,300,0.9,"{'learning_rate': 0.05, 'max_depth': 5, 'min_samples_leaf': 1, 'min_samples_split': 10, 'n_estimators': 300, 'subsample': 0.9}",0.5662304837003724,0.6250679634240983,0.5728493640728252,0.5960566181561744,0.5813610776679092,0.588313101404276,0.020909240754876664,527
1.012290096282959,0.06160991996850868,0.013505983352661132,0.0030551353271611546,0.05,5,1,10,300,1.0,"{'learning_rate': 0.05, 'max_depth': 5, 'min_samples_leaf': 1, 'min_samples_split': 10, 'n_estimators': 300, 'subsample': 1.0}",0.4891204798448874,0.6055391023539831,0.5617689290584824,0.5796990970293161,0.5732667020627414,0.561878862069882,0.03910819485643197,861
0.37845497131347655,0.0616212848638115,0.00793156623840332,0.000829735179532914,0.05,5,2,2,100,0.8,"{'learning_rate': 0.05, 'max_depth': 5, 'min_samples_leaf': 2, 'min_samples_split': 2, 'n_estimators': 100, 'subsample': 0.8}",0.6001938011746444,0.6582436468773487,0.5774748054684793,0.6145195434060362,0.5732958572069,0.6047455308266818,0.030695512434395184,311
0.3462854862213135,0.013690083475533332,0.011280155181884766,0.0024749349657002054,0.05,5,2,2,100,0.9,"{'learning_rate': 0.05, 'max_depth': 5, 'min_samples_leaf': 2, 'min_samples_split': 2, 'n_estimators': 100, 'subsample': 0.9}",0.5751088684738402,0.672768497375956,0.6270012215650913,0.6209537925384612,0.5717217238054173,0.6135108207517532,0.03733604034807709,162
0.2971005439758301,0.005482306122218794,0.007469940185546875,0.0007595119585072815,0.05,5,2,2,100,1.0,"{'learning_rate': 0.05, 'max_depth': 5, 'min_samples_leaf': 2, 'min_samples_split': 2, 'n_estimators': 100, 'subsample': 1.0}",0.4519822827891178,0.6327984360371401,0.6478056396320431,0.6238291451709538,0.5680278861136611,0.5848886779485831,0.07171979524603103,572
0.7354775428771972,0.05979152743857335,0.011165142059326172,0.002348842985097768,0.05,5,2,2,200,0.8,"{'learning_rate': 0.05, 'max_depth': 5, 'min_samples_leaf': 2, 'min_samples_split': 2, 'n_estimators': 200, 'subsample': 0.8}",0.5907308713235535,0.6305804453404473,0.5641533572683735,0.6019599741008397,0.5495178536633409,0.5873885003393109,0.02850649454964082,541
0.7719243049621582,0.039656790621713685,0.011226224899291991,0.002749912807005013,0.05,5,2,2,200,0.9,"{'learning_rate': 0.05, 'max_depth': 5, 'min_samples_leaf': 2, 'min_samples_split': 2, 'n_estimators': 200, 'subsample': 0.9}",0.5683805558086276,0.6580825326922488,0.6068987135511813,0.6122614235013317,0.5562743509982184,0.6003795153103215,0.03600699051887256,359
0.7122309684753418,0.06792985096004554,0.008196449279785157,0.0007454436120952612,0.05,5,2,2,200,1.0,"{'learning_rate': 0.05, 'max_depth': 5, 'min_samples_leaf': 2, 'min_samples_split': 2, 'n_estimators': 200, 'subsample': 1.0}",0.4675186591362436,0.6011483200566281,0.6262174666609208,0.6102944789514351,0.564124284726861,0.5738606419064178,0.05695031678515233,728
1.1526320457458497,0.19142357997223483,0.013546180725097657,0.004216804207333784,0.05,5,2,2,300,0.8,"{'learning_rate': 0.05, 'max_depth': 5, 'min_samples_leaf': 2, 'min_samples_split': 2, 'n_estimators': 300, 'subsample': 0.8}",0.5867876071118311,0.6166870773023103,0.5481898279285289,0.5935224647487682,0.5414166231355854,0.5773207200454047,0.028423728173040643,675
1.2595177173614502,0.26538485213674046,0.014534711837768555,0.007684751918153421,0.05,5,2,2,300,0.9,"{'learning_rate': 0.05, 'max_depth': 5, 'min_samples_leaf': 2, 'min_samples_split': 2, 'n_estimators': 300, 'subsample': 0.9}",0.562452328675082,0.6405253628212608,0.600563609564517,0.609894832574217,0.5502960104203592,0.5927464288110872,0.03273460898285424,466
1.1392500877380372,0.12498027056844724,0.014150285720825195,0.005376546945799144,0.05,5,2,2,300,1.0,"{'learning_rate': 0.05, 'max_depth': 5, 'min_samples_leaf': 2, 'min_samples_split': 2, 'n_estimators': 300, 'subsample': 1.0}",0.46980552677162235,0.5857648828447148,0.6246631915267122,0.6014801096524518,0.5638832470906016,0.5691193915772206,0.05347908585310592,784
0.3986813068389893,0.08165071932949712,0.008621025085449218,0.001568400871385193,0.05,5,2,5,100,0.8,"{'learning_rate': 0.05, 'max_depth': 5, 'min_samples_leaf': 2, 'min_samples_split': 5, 'n_estimators': 100, 'subsample': 0.8}",0.6242994430528626,0.6526902991894721,0.584243019021137,0.603604884856858,0.6006446554478717,0.6130964603136404,0.02354076219100625,169
0.3794361114501953,0.01720301259742371,0.009002113342285156,0.0016835277805538535,0.05,5,2,5,100,0.9,"{'learning_rate': 0.05, 'max_depth': 5, 'min_samples_leaf': 2, 'min_samples_split': 5, 'n_estimators': 100, 'subsample': 0.9}",0.5803479152069062,0.6715526415713413,0.6034097330276742,0.6045997745603928,0.5780234435042697,0.6075867015741169,0.033864282037021624,262
0.3579555511474609,0.008699456849202961,0.008740663528442383,0.0010429369744884157,0.05,5,2,5,100,1.0,"{'learning_rate': 0.05, 'max_depth': 5, 'min_samples_leaf': 2, 'min_samples_split': 5, 'n_estimators': 100, 'subsample': 1.0}",0.4893223785306079,0.6230985131265534,0.6386846869134428,0.6259309548306231,0.5725084433806302,0.5899089953563715,0.05513372912213697,502
0.7118520259857177,0.040860153393500395,0.009836196899414062,0.0017917059677940066,0.05,5,2,5,200,0.8,"{'learning_rate': 0.05, 'max_depth': 5, 'min_samples_leaf': 2, 'min_samples_split': 5, 'n_estimators': 200, 'subsample': 0.8}",0.613724642757185,0.6255554412442077,0.571373011693043,0.5851193255839875,0.5690877029743118,0.592972024850547,0.022763977071233624,457
0.8913957595825195,0.11733742311433067,0.010042285919189453,0.0024687503622166686,0.05,5,2,5,200,0.9,"{'learning_rate': 0.05, 'max_depth': 5, 'min_samples_leaf': 2, 'min_samples_split': 5, 'n_estimators': 200, 'subsample': 0.9}",0.5694573118378978,0.6521164839796867,0.5820532524209624,0.6029098862893456,0.5660921815298314,0.5945258232115448,0.03155770582695949,433
0.7610343933105469,0.07240924544652977,0.00966033935546875,0.0018666428366150049,0.05,5,2,5,200,1.0,"{'learning_rate': 0.05, 'max_depth': 5, 'min_samples_leaf': 2, 'min_samples_split': 5, 'n_estimators': 200, 'subsample': 1.0}",0.48492824512579635,0.5894762325500554,0.6144444080824369,0.6127973015401234,0.5716734380116748,0.5746639250620174,0.04757621454149796,718
1.1953360557556152,0.06381152905188257,0.011768436431884766,0.0036044231011658303,0.05,5,2,5,300,0.8,"{'learning_rate': 0.05, 'max_depth': 5, 'min_samples_leaf': 2, 'min_samples_split': 5, 'n_estimators': 300, 'subsample': 0.8}",0.6102077209736532,0.6125277956032935,0.5630424235796208,0.5799844268967487,0.5544311463847867,0.5840387026876205,0.023792159263116532,579
1.3086419105529785,0.2207463287987131,0.011835527420043946,0.004470546914840904,0.05,5,2,5,300,0.9,"{'learning_rate': 0.05, 'max_depth': 5, 'min_samples_leaf': 2, 'min_samples_split': 5, 'n_estimators': 300, 'subsample': 0.9}",0.5634409701618617,0.6394167633691561,0.5802781884580502,0.6019772079927821,0.5621781651151889,0.5894582590194077,0.028837311867416723,508
1.1023930072784425,0.18131537577491402,0.010461235046386718,0.002066811328429615,0.05,5,2,5,300,1.0,"{'learning_rate': 0.05, 'max_depth': 5, 'min_samples_leaf': 2, 'min_samples_split': 5, 'n_estimators': 300, 'subsample': 1.0}",0.4900922330836278,0.5700120516757197,0.6052149626372809,0.6126325492277394,0.5662336716014285,0.5688370936451592,0.043474826462356585,792
0.36978769302368164,0.03529998441967734,0.008049392700195312,0.0008988857332524756,0.05,5,2,10,100,0.8,"{'learning_rate': 0.05, 'max_depth': 5, 'min_samples_leaf': 2, 'min_samples_split': 10, 'n_estimators': 100, 'subsample': 0.8}",0.6319637707185677,0.6814283648063464,0.5949037372183028,0.6059310433527669,0.5818591559808415,0.619217214415365,0.035202255539876916,71
0.3548189640045166,0.012972688785084611,0.010784912109375,0.006498563058971034,0.05,5,2,10,100,0.9,"{'learning_rate': 0.05, 'max_depth': 5, 'min_samples_leaf': 2, 'min_samples_split': 10, 'n_estimators': 100, 'subsample': 0.9}",0.6002592653072454,0.6786805386159129,0.5916605140745501,0.6208116565926115,0.5890710210016461,0.6160965991183932,0.033218388031554,123
0.31060447692871096,0.005653547268143137,0.00731191635131836,0.0008267249348951027,0.05,5,2,10,100,1.0,"{'learning_rate': 0.05, 'max_depth': 5, 'min_samples_leaf': 2, 'min_samples_split': 10, 'n_estimators': 100, 'subsample': 1.0}",0.5110501951235655,0.6309852328571919,0.6152027161906571,0.6374738244772621,0.5483991010872511,0.5886222139471855,0.05004586942911896,515
0.6868893146514893,0.046716495175520296,0.010065937042236328,0.0018082199750208959,0.05,5,2,10,200,0.8,"{'learning_rate': 0.05, 'max_depth': 5, 'min_samples_leaf': 2, 'min_samples_split': 10, 'n_estimators': 200, 'subsample': 0.8}",0.6214520150845835,0.6562167742768086,0.5692190392105594,0.5866756924303802,0.545571641070139,0.5958270324144941,0.039040741140657455,413
0.7976965427398681,0.08884370739647207,0.009583330154418946,0.001782022450831812,0.05,5,2,10,200,0.9,"{'learning_rate': 0.05, 'max_depth': 5, 'min_samples_leaf': 2, 'min_samples_split': 10, 'n_estimators': 200, 'subsample': 0.9}",0.5899314879143547,0.6494899042387101,0.5541537464144185,0.6167950380743652,0.5659785909639596,0.5952697535211616,0.0345836896324642,424
0.7048908233642578,0.05044490211382611,0.011000919342041015,0.0026816227183108564,0.05,5,2,10,200,1.0,"{'learning_rate': 0.05, 'max_depth': 5, 'min_samples_leaf': 2, 'min_samples_split': 10, 'n_estimators': 200, 'subsample': 1.0}",0.5177422702767642,0.6029749895995027,0.5920723588696606,0.6282129653336972,0.5396512037930623,0.5761307575745374,0.04105429844230415,701
1.1600941181182862,0.1693572990915557,0.01456623077392578,0.005500269147604401,0.05,5,2,10,300,0.8,"{'learning_rate': 0.05, 'max_depth': 5, 'min_samples_leaf': 2, 'min_samples_split': 10, 'n_estimators': 300, 'subsample': 0.8}",0.6172982965395435,0.6324433977969182,0.5601159691659794,0.5736660080851858,0.5312582216864461,0.5829563786548146,0.03717264346918888,591
1.4630906105041503,0.1231438423627604,0.010358953475952148,0.001221287023326577,0.05,5,2,10,300,0.9,"{'learning_rate': 0.05, 'max_depth': 5, 'min_samples_leaf': 2, 'min_samples_split': 10, 'n_estimators': 300, 'subsample': 0.9}",0.5908772433183619,0.6324442552757619,0.5453388621657136,0.610404884195822,0.5553876766971769,0.5868905843305672,0.03275036332269998,547
1.1671934127807617,0.1295394304981892,0.011186933517456055,0.0014054576097457558,0.05,5,2,10,300,1.0,"{'learning_rate': 0.05, 'max_depth': 5, 'min_samples_leaf': 2, 'min_samples_split': 10, 'n_estimators': 300, 'subsample': 1.0}",0.5220247561974798,0.5763985201210675,0.5721173678029583,0.6297789062357276,0.5302910919575687,0.5661221284629604,0.038528363304031574,822
0.474202823638916,0.037564992710640344,0.011692667007446289,0.002473539306338866,0.05,5,4,2,100,0.8,"{'learning_rate': 0.05, 'max_depth': 5, 'min_samples_leaf': 4, 'min_samples_split': 2, 'n_estimators': 100, 'subsample': 0.8}",0.6851571257316489,0.67946657565079,0.5789100061210495,0.5913269740439007,0.5646933575673104,0.61991080782294,0.05167405458960524,61
0.36319665908813475,0.030203568946928657,0.00766754150390625,0.0004960017854128713,0.05,5,4,2,100,0.9,"{'learning_rate': 0.05, 'max_depth': 5, 'min_samples_leaf': 4, 'min_samples_split': 2, 'n_estimators': 100, 'subsample': 0.9}",0.688170185051314,0.6924152328269336,0.6011490068328944,0.6159854226082945,0.5592721084265442,0.6313983911491962,0.05157688835386776,12
0.325670051574707,0.027277751090180862,0.008942270278930664,0.0018949793075304809,0.05,5,4,2,100,1.0,"{'learning_rate': 0.05, 'max_depth': 5, 'min_samples_leaf': 4, 'min_samples_split': 2, 'n_estimators': 100, 'subsample': 1.0}",0.6864110435175619,0.6745230826927039,0.6216986343662965,0.6108406169606846,0.5492728612899991,0.6285492477654492,0.04920742396652503,23
0.9385363578796386,0.15705602119612855,0.009310150146484375,0.0009554442741891574,0.05,5,4,2,200,0.8,"{'learning_rate': 0.05, 'max_depth': 5, 'min_samples_leaf': 4, 'min_samples_split': 2, 'n_estimators': 200, 'subsample': 0.8}",0.6741588353208887,0.6417952377661962,0.5676378870537174,0.5809075784178787,0.5279755366015306,0.5984950150320424,0.05260114086475602,382
0.9956008434295655,0.12075333679477132,0.01595172882080078,0.010597520104229924,0.05,5,4,2,200,0.9,"{'learning_rate': 0.05, 'max_depth': 5, 'min_samples_leaf': 4, 'min_samples_split': 2, 'n_estimators': 200, 'subsample': 0.9}",0.6756443513244904,0.685771040062017,0.574439471902151,0.6085872104465817,0.5235119852977572,0.6135908118065995,0.06120896265384072,159
0.9303618431091308,0.1532230868981768,0.018508434295654297,0.008842349303624503,0.05,5,4,2,200,1.0,"{'learning_rate': 0.05, 'max_depth': 5, 'min_samples_leaf': 4, 'min_samples_split': 2, 'n_estimators': 200, 'subsample': 1.0}",0.6918434249391878,0.6603535417149005,0.6024839975594671,0.6077185023270271,0.5275062938634788,0.6179811520808122,0.056182272119917,90
1.3438142776489257,0.23573999737079782,0.009024572372436524,0.00048687596680737196,0.05,5,4,2,300,0.8,"{'learning_rate': 0.05, 'max_depth': 5, 'min_samples_leaf': 4, 'min_samples_split': 2, 'n_estimators': 300, 'subsample': 0.8}",0.6639409791215376,0.6222148408806124,0.5610186039604022,0.5788530252355786,0.512831236698712,0.5877717371793685,0.051767621121080444,534
1.0820502758026123,0.07245501197762304,0.013357400894165039,0.003891338407112006,0.05,5,4,2,300,0.9,"{'learning_rate': 0.05, 'max_depth': 5, 'min_samples_leaf': 4, 'min_samples_split': 2, 'n_estimators': 300, 'subsample': 0.9}",0.6648358205343825,0.6693063256914182,0.573670901458815,0.6033180074772996,0.5138306815622589,0.6049923473448349,0.058329777624794486,305
0.9928938388824463,0.06640059865449008,0.009326362609863281,0.0010987258538942603,0.05,5,4,2,300,1.0,"{'learning_rate': 0.05, 'max_depth': 5, 'min_samples_leaf': 4, 'min_samples_split': 2, 'n_estimators': 300, 'subsample': 1.0}",0.694340266810834,0.653121595415673,0.5941917771369513,0.6046825150799231,0.5155831484430968,0.6123838605772957,0.06022799358195008,178
0.37828726768493653,0.03226025819206762,0.010695171356201173,0.003074401220542131,0.05,5,4,5,100,0.8,"{'learning_rate': 0.05, 'max_depth': 5, 'min_samples_leaf': 4, 'min_samples_split': 5, 'n_estimators': 100, 'subsample': 0.8}",0.6851571257316489,0.67946657565079,0.5789100061210495,0.5913269740439007,0.5646933575673104,0.61991080782294,0.05167405458960524,61
0.41097021102905273,0.026255261647219384,0.011091041564941406,0.0023701770134750407,0.05,5,4,5,100,0.9,"{'learning_rate': 0.05, 'max_depth': 5, 'min_samples_leaf': 4, 'min_samples_split': 5, 'n_estimators': 100, 'subsample': 0.9}",0.688170185051314,0.6924152328269336,0.6011490068328944,0.6159854226082945,0.5592721084265442,0.6313983911491962,0.05157688835386776,12
0.30398001670837405,0.007768547791471814,0.008073186874389649,0.001817870749044043,0.05,5,4,5,100,1.0,"{'learning_rate': 0.05, 'max_depth': 5, 'min_samples_leaf': 4, 'min_samples_split': 5, 'n_estimators': 100, 'subsample': 1.0}",0.6864110435175619,0.6745230826927039,0.6216986343662965,0.6108406169606846,0.5492728612899991,0.6285492477654492,0.04920742396652503,23
0.6177722454071045,0.011258587185094955,0.010933494567871094,0.0035910353420989024,0.05,5,4,5,200,0.8,"{'learning_rate': 0.05, 'max_depth': 5, 'min_samples_leaf': 4, 'min_samples_split': 5, 'n_estimators': 200, 'subsample': 0.8}",0.6741588353208887,0.6417952377661962,0.5676378870537174,0.5809075784178787,0.5279755366015306,0.5984950150320424,0.05260114086475602,382
0.7650916576385498,0.07622224524525442,0.013624811172485351,0.0032698311731706974,0.05,5,4,5,200,0.9,"{'learning_rate': 0.05, 'max_depth': 5, 'min_samples_leaf': 4, 'min_samples_split': 5, 'n_estimators': 200, 'subsample': 0.9}",0.6756443513244904,0.685771040062017,0.574439471902151,0.6085872104465817,0.5235119852977572,0.6135908118065995,0.06120896265384072,159
0.7295836448669434,0.09945569002768989,0.01104598045349121,0.004077520257496949,0.05,5,4,5,200,1.0,"{'learning_rate': 0.05, 'max_depth': 5, 'min_samples_leaf': 4, 'min_samples_split': 5, 'n_estimators': 200, 'subsample': 1.0}",0.6918434249391878,0.6603535417149005,0.6024839975594671,0.6077185023270271,0.5275062938634788,0.6179811520808122,0.056182272119917,90
1.0186397552490234,0.07646808443928116,0.009982585906982422,0.00138743479108624,0.05,5,4,5,300,0.8,"{'learning_rate': 0.05, 'max_depth': 5, 'min_samples_leaf': 4, 'min_samples_split': 5, 'n_estimators': 300, 'subsample': 0.8}",0.6639409791215376,0.6222148408806124,0.5610186039604022,0.5788530252355786,0.512831236698712,0.5877717371793685,0.051767621121080444,534
1.072996187210083,0.0727509443941272,0.012294244766235352,0.004497733243419479,0.05,5,4,5,300,0.9,"{'learning_rate': 0.05, 'max_depth': 5, 'min_samples_leaf': 4, 'min_samples_split': 5, 'n_estimators': 300, 'subsample': 0.9}",0.6648358205343825,0.6693063256914182,0.573670901458815,0.6033180074772996,0.5138306815622589,0.6049923473448349,0.058329777624794486,305
1.0143311023712158,0.07821879359055273,0.010172510147094726,0.0011294864987157717,0.05,5,4,5,300,1.0,"{'learning_rate': 0.05, 'max_depth': 5, 'min_samples_leaf': 4, 'min_samples_split': 5, 'n_estimators': 300, 'subsample': 1.0}",0.694340266810834,0.653121595415673,0.5941917771369513,0.6046825150799231,0.5155831484430968,0.6123838605772957,0.06022799358195008,178
0.36811318397521975,0.04906409709478244,0.012496089935302735,0.0025117070517747388,0.05,5,4,10,100,0.8,"{'learning_rate': 0.05, 'max_depth': 5, 'min_samples_leaf': 4, 'min_samples_split': 10, 'n_estimators': 100, 'subsample': 0.8}",0.6740574227064888,0.6744944784383624,0.5773524248326869,0.6005601222776746,0.5778848114281224,0.6208698519366671,0.04440379159471392,53
0.3203441143035889,0.018807666028710684,0.009341192245483399,0.004236355673794578,0.05,5,4,10,100,0.9,"{'learning_rate': 0.05, 'max_depth': 5, 'min_samples_leaf': 4, 'min_samples_split': 10, 'n_estimators': 100, 'subsample': 0.9}",0.6783722022942233,0.6823812673242968,0.5912216121530628,0.6027260962370031,0.5606157928511477,0.6230633941719468,0.04879524979212495,42
0.3128517150878906,0.05192955331145471,0.010117053985595703,0.002200773729535673,0.05,5,4,10,100,1.0,"{'learning_rate': 0.05, 'max_depth': 5, 'min_samples_leaf': 4, 'min_samples_split': 10, 'n_estimators': 100, 'subsample': 1.0}",0.6659510668581644,0.69521033127106,0.6275610303522992,0.6086762800305276,0.5439434364545688,0.628268428993324,0.05176148482702851,25
0.6360811233520508,0.014490760275759232,0.009771776199340821,0.0023276145969270633,0.05,5,4,10,200,0.8,"{'learning_rate': 0.05, 'max_depth': 5, 'min_samples_leaf': 4, 'min_samples_split': 10, 'n_estimators': 200, 'subsample': 0.8}",0.6706824119572528,0.646322916863815,0.5770634950779754,0.5934495278019561,0.5381729399369171,0.6051382583275833,0.04775224558858208,300
0.7342922687530518,0.04472369011805089,0.00957193374633789,0.0018468753655742516,0.05,5,4,10,200,0.9,"{'learning_rate': 0.05, 'max_depth': 5, 'min_samples_leaf': 4, 'min_samples_split': 10, 'n_estimators': 200, 'subsample': 0.9}",0.6714403775269084,0.6708600332196631,0.576620990928369,0.6024797280783774,0.5283703771153846,0.6099543013737405,0.055340692552567544,227
0.6391440391540527,0.05389271610518136,0.00929398536682129,0.0016447075417238002,0.05,5,4,10,200,1.0,"{'learning_rate': 0.05, 'max_depth': 5, 'min_samples_leaf': 4, 'min_samples_split': 10, 'n_estimators': 200, 'subsample': 1.0}",0.6671565714943832,0.6860478830515042,0.5999808068390355,0.60597369116366,0.5288389347268083,0.6175995774550783,0.0556149264224106,102
1.1561451435089112,0.1638950613692849,0.015088510513305665,0.012086061546414097,0.05,5,4,10,300,0.8,"{'learning_rate': 0.05, 'max_depth': 5, 'min_samples_leaf': 4, 'min_samples_split': 10, 'n_estimators': 300, 'subsample': 0.8}",0.6663326840556216,0.6249546418473135,0.572273021185403,0.590004998274912,0.5259648082814173,0.5959060307289336,0.047515999891121596,411
1.4762566089630127,0.232728405339219,0.008951950073242187,0.0003837345186394838,0.05,5,4,10,300,0.9,"{'learning_rate': 0.05, 'max_depth': 5, 'min_samples_leaf': 4, 'min_samples_split': 10, 'n_estimators': 300, 'subsample': 0.9}",0.6573966667582679,0.6511482533319104,0.5805019517896984,0.5971896981400789,0.5134751811733758,0.5999423502386663,0.05250737188228963,362
0.9271802425384521,0.05290997381138506,0.010609245300292969,0.0020399978321128764,0.05,5,4,10,300,1.0,"{'learning_rate': 0.05, 'max_depth': 5, 'min_samples_leaf': 4, 'min_samples_split': 10, 'n_estimators': 300, 'subsample': 1.0}",0.6601718121228101,0.6736845117718528,0.5946874693274162,0.60327705832296,0.5201095140457924,0.6103860731181663,0.0546482451950989,215
0.29831523895263673,0.03200336166993957,0.007922077178955078,0.0009951691976569084,0.1,2,1,2,100,0.8,"{'learning_rate': 0.1, 'max_depth': 2, 'min_samples_leaf': 1, 'min_samples_split': 2, 'n_estimators': 100, 'subsample': 0.8}",0.6367082436531277,0.6432636895290171,0.6042512006826547,0.6003034252187243,0.5687039706308319,0.6106461059428712,0.027019068649417922,209
0.27500476837158205,0.005739767561776655,0.01088542938232422,0.005540560965657236,0.1,2,1,2,100,0.9,"{'learning_rate': 0.1, 'max_depth': 2, 'min_samples_leaf': 1, 'min_samples_split': 2, 'n_estimators': 100, 'subsample': 0.9}",0.6156149285069374,0.6342635048851077,0.5871937482624043,0.604201043659859,0.5556030604860955,0.5993752571600808,0.026715536044812666,366
0.23197636604309083,0.010705975010338152,0.006138849258422852,0.0011544169634989034,0.1,2,1,2,100,1.0,"{'learning_rate': 0.1, 'max_depth': 2, 'min_samples_leaf': 1, 'min_samples_split': 2, 'n_estimators': 100, 'subsample': 1.0}",0.615877242953057,0.6406804646314503,0.5582271960266719,0.6009555563341769,0.5568661068204892,0.594521313353169,0.03275154955135281,434
0.5365869522094726,0.012576366646388924,0.00981154441833496,0.003668247735870383,0.1,2,1,2,200,0.8,"{'learning_rate': 0.1, 'max_depth': 2, 'min_samples_leaf': 1, 'min_samples_split': 2, 'n_estimators': 200, 'subsample': 0.8}",0.6409540462662071,0.5985098946153868,0.6099151340378786,0.5874831017853676,0.5096339969223869,0.5892992347254454,0.043652994326744805,510
0.5616552829742432,0.015107709657755425,0.008479595184326172,0.0011456324774534153,0.1,2,1,2,200,0.9,"{'learning_rate': 0.1, 'max_depth': 2, 'min_samples_leaf': 1, 'min_samples_split': 2, 'n_estimators': 200, 'subsample': 0.9}",0.599010012705081,0.5963620575191705,0.5612190772997212,0.5930861541520558,0.500073760021132,0.5699502123394321,0.037513412732835386,775
0.510434341430664,0.017721456023027146,0.009953975677490234,0.001618658686451672,0.1,2,1,2,200,1.0,"{'learning_rate': 0.1, 'max_depth': 2, 'min_samples_leaf': 1, 'min_samples_split': 2, 'n_estimators': 200, 'subsample': 1.0}",0.6150393716927198,0.6268178854764237,0.5105739688098467,0.5771638867651852,0.5260926888363385,0.5711375603161027,0.046391752123288395,765
0.8667104721069336,0.060598845510838675,0.013366270065307616,0.005968008164585588,0.1,2,1,2,300,0.8,"{'learning_rate': 0.1, 'max_depth': 2, 'min_samples_leaf': 1, 'min_samples_split': 2, 'n_estimators': 300, 'subsample': 0.8}",0.6329075967705662,0.5611506087750366,0.5850178901616253,0.5740883624446258,0.4825782452965697,0.5671485406896848,0.04874389866090053,809
0.9241788864135743,0.05746732677378037,0.00895538330078125,0.001907708715781594,0.1,2,1,2,300,0.9,"{'learning_rate': 0.1, 'max_depth': 2, 'min_samples_leaf': 1, 'min_samples_split': 2, 'n_estimators': 300, 'subsample': 0.9}",0.571467044523307,0.5671746880272546,0.5596788412228244,0.5788391709125282,0.4698285966229713,0.549397668261777,0.040266168324204196,958
0.8059099197387696,0.04203864526969861,0.0074612140655517575,0.000248432644497623,0.1,2,1,2,300,1.0,"{'learning_rate': 0.1, 'max_depth': 2, 'min_samples_leaf': 1, 'min_samples_split': 2, 'n_estimators': 300, 'subsample': 1.0}",0.6096770903409718,0.5961261578387713,0.4922530407532979,0.5651946100768105,0.5026278782525877,0.5531757554524879,0.047850299542510626,929
0.27808380126953125,0.04299695848178624,0.008001470565795898,0.0016201199980662934,0.1,2,1,5,100,0.8,"{'learning_rate': 0.1, 'max_depth': 2, 'min_samples_leaf': 1, 'min_samples_split': 5, 'n_estimators': 100, 'subsample': 0.8}",0.636695233253973,0.6450441534778797,0.599352477725503,0.5947202936154917,0.5800021858057621,0.611162868775722,0.025221716304534795,201
0.2297187328338623,0.011542950775247576,0.0070648193359375,0.0015133822164794823,0.1,2,1,5,100,0.9,"{'learning_rate': 0.1, 'max_depth': 2, 'min_samples_leaf': 1, 'min_samples_split': 5, 'n_estimators': 100, 'subsample': 0.9}",0.6192965867421868,0.6377924733971101,0.5855518536564746,0.6006390143922351,0.5586954718175582,0.6003950800011129,0.027258283822959795,358
0.210420560836792,0.012031936862829207,0.008407163619995116,0.0033685339210205475,0.1,2,1,5,100,1.0,"{'learning_rate': 0.1, 'max_depth': 2, 'min_samples_leaf': 1, 'min_samples_split': 5, 'n_estimators': 100, 'subsample': 1.0}",0.612245255913757,0.6259213766965063,0.5713310289534319,0.6026392774223814,0.5517676006375967,0.5927809079247346,0.02726363014976326,464
0.5097202301025391,0.02988076527640726,0.007867193222045899,0.0010972426646209204,0.1,2,1,5,200,0.8,"{'learning_rate': 0.1, 'max_depth': 2, 'min_samples_leaf': 1, 'min_samples_split': 5, 'n_estimators': 200, 'subsample': 0.8}",0.6414578025463076,0.6043261407553518,0.5958682924004775,0.585160178840643,0.5172659189364881,0.5888156666958535,0.040482682217624764,514
0.5944357872009277,0.032775538342742654,0.008777236938476563,0.0021753754312331943,0.1,2,1,5,200,0.9,"{'learning_rate': 0.1, 'max_depth': 2, 'min_samples_leaf': 1, 'min_samples_split': 5, 'n_estimators': 200, 'subsample': 0.9}",0.6006451049481336,0.6186348321691932,0.5328506789887135,0.5877898073067087,0.5070550246535868,0.5693950896132671,0.04233499496042922,780
0.531550121307373,0.020526753087478426,0.00973825454711914,0.004343660442350088,0.1,2,1,5,200,1.0,"{'learning_rate': 0.1, 'max_depth': 2, 'min_samples_leaf': 1, 'min_samples_split': 5, 'n_estimators': 200, 'subsample': 1.0}",0.5993047468895283,0.5943895209179093,0.5265068877057151,0.5812882590459162,0.5260788423696681,0.5655136513857475,0.03256109334264092,833
0.873563289642334,0.0647637999217186,0.010459518432617188,0.0028009977658127083,0.1,2,1,5,300,0.8,"{'learning_rate': 0.1, 'max_depth': 2, 'min_samples_leaf': 1, 'min_samples_split': 5, 'n_estimators': 300, 'subsample': 0.8}",0.6401453869360392,0.5648453754060165,0.567556833761649,0.5802065118163036,0.48387278146436263,0.5673253778768741,0.049878286183496684,805
0.8840437412261963,0.06881354185245317,0.008793306350708009,0.001516281967947609,0.1,2,1,5,300,0.9,"{'learning_rate': 0.1, 'max_depth': 2, 'min_samples_leaf': 1, 'min_samples_split': 5, 'n_estimators': 300, 'subsample': 0.9}",0.5754329020585663,0.5920799490241702,0.5322565205653498,0.5706124542136477,0.4713912676442358,0.548354618701194,0.04318114253384881,972
0.806977367401123,0.04762222667579757,0.008766984939575196,0.0011404201364751184,0.1,2,1,5,300,1.0,"{'learning_rate': 0.1, 'max_depth': 2, 'min_samples_leaf': 1, 'min_samples_split': 5, 'n_estimators': 300, 'subsample': 1.0}",0.5898804690388689,0.5791029049861128,0.4942352199515663,0.5658788204053007,0.5023261637163284,0.5462847156196354,0.040007640511712995,993
0.3076256275177002,0.04284130638125062,0.008347654342651367,0.0026988833556754743,0.1,2,1,10,100,0.8,"{'learning_rate': 0.1, 'max_depth': 2, 'min_samples_leaf': 1, 'min_samples_split': 10, 'n_estimators': 100, 'subsample': 0.8}",0.6395942350198952,0.6480474561529042,0.5923524568240929,0.6049962983873347,0.5752723268440851,0.6120525546456623,0.02773029699102031,184
0.23759427070617675,0.012276019975569067,0.007771110534667969,0.0023305263670010587,0.1,2,1,10,100,0.9,"{'learning_rate': 0.1, 'max_depth': 2, 'min_samples_leaf': 1, 'min_samples_split': 10, 'n_estimators': 100, 'subsample': 0.9}",0.6192965867421868,0.6426224659148623,0.5903666481818377,0.603110237102702,0.5591912143942421,0.6029174304671662,0.027979663624185382,328
0.2199918270111084,0.010687696232590676,0.006563329696655273,0.0006630833742209983,0.1,2,1,10,100,1.0,"{'learning_rate': 0.1, 'max_depth': 2, 'min_samples_leaf': 1, 'min_samples_split': 10, 'n_estimators': 100, 'subsample': 1.0}",0.612245255913757,0.6259213766965063,0.5521506050955222,0.6000420050536186,0.5517676006375967,0.5884253686794002,0.030880201801802034,523
0.5171712875366211,0.013831334368648656,0.009601593017578125,0.002866329965256623,0.1,2,1,10,200,0.8,"{'learning_rate': 0.1, 'max_depth': 2, 'min_samples_leaf': 1, 'min_samples_split': 10, 'n_estimators': 200, 'subsample': 0.8}",0.646438670510649,0.6123102320132962,0.5821535533430202,0.5865017610579111,0.5105843673244902,0.5875977168498733,0.04479924614079587,537
0.8978465080261231,0.2302017899624007,0.014477157592773437,0.009384067230906774,0.1,2,1,10,200,0.9,"{'learning_rate': 0.1, 'max_depth': 2, 'min_samples_leaf': 1, 'min_samples_split': 10, 'n_estimators': 200, 'subsample': 0.9}",0.6054526900837449,0.6126566202229785,0.5407023657838403,0.5910317525433546,0.5188647903846724,0.5737416438037182,0.037207463335638076,731
0.6573024749755859,0.20142963508362338,0.007544660568237304,0.00018729254308178143,0.1,2,1,10,200,1.0,"{'learning_rate': 0.1, 'max_depth': 2, 'min_samples_leaf': 1, 'min_samples_split': 10, 'n_estimators': 200, 'subsample': 1.0}",0.6048625732920732,0.6004858734120471,0.49607663900299404,0.5810188274181608,0.5078535251163618,0.5580594876483274,0.04664798070091747,893
0.8489659786224365,0.047109169418369574,0.010000801086425782,0.0026358716622817764,0.1,2,1,10,300,0.8,"{'learning_rate': 0.1, 'max_depth': 2, 'min_samples_leaf': 1, 'min_samples_split': 10, 'n_estimators': 300, 'subsample': 0.8}",0.6381749595729982,0.5832799488263066,0.55318527913815,0.5808643904232837,0.4795765130199727,0.5670162181961423,0.05168528649219763,811
0.910232400894165,0.05528085011040577,0.009061098098754883,0.0021426410578939503,0.1,2,1,10,300,0.9,"{'learning_rate': 0.1, 'max_depth': 2, 'min_samples_leaf': 1, 'min_samples_split': 10, 'n_estimators': 300, 'subsample': 0.9}",0.5761306411361264,0.5861738021922327,0.5335084598194539,0.5786292995937405,0.48187581680346225,0.5512636039090032,0.03928328633397087,943
0.8158376693725586,0.06869591114799471,0.009357166290283204,0.001587548226638435,0.1,2,1,10,300,1.0,"{'learning_rate': 0.1, 'max_depth': 2, 'min_samples_leaf': 1, 'min_samples_split': 10, 'n_estimators': 300, 'subsample': 1.0}",0.5858692574581484,0.5737131700677816,0.4642238130288793,0.5635940346425422,0.4881892211696881,0.535117899273408,0.049202556567433234,1062
0.3098587512969971,0.031371742268678955,0.008574867248535156,0.0021222410642234807,0.1,2,2,2,100,0.8,"{'learning_rate': 0.1, 'max_depth': 2, 'min_samples_leaf': 2, 'min_samples_split': 2, 'n_estimators': 100, 'subsample': 0.8}",0.6517539168809457,0.6427776793585162,0.6095931857193896,0.5971651565419251,0.5873748962930859,0.6177329669587726,0.025280688168260363,100
0.38341665267944336,0.06063508062277628,0.012950611114501954,0.007167595220876369,0.1,2,2,2,100,0.9,"{'learning_rate': 0.1, 'max_depth': 2, 'min_samples_leaf': 2, 'min_samples_split': 2, 'n_estimators': 100, 'subsample': 0.9}",0.6456347411666344,0.6528142647362617,0.5903262728304354,0.601055182552718,0.5743492815493784,0.6128359485670856,0.03098619708030374,176
0.22262115478515626,0.01735802133945259,0.00663599967956543,0.0004148305856265111,0.1,2,2,2,100,1.0,"{'learning_rate': 0.1, 'max_depth': 2, 'min_samples_leaf': 2, 'min_samples_split': 2, 'n_estimators': 100, 'subsample': 1.0}",0.6383004616289136,0.6614864455553642,0.5685923045856343,0.6068424919894265,0.5785369355161638,0.6107517278551005,0.035109646120615276,207
0.5512836933135986,0.028260768542778997,0.009952974319458009,0.002369583461437728,0.1,2,2,2,200,0.8,"{'learning_rate': 0.1, 'max_depth': 2, 'min_samples_leaf': 2, 'min_samples_split': 2, 'n_estimators': 200, 'subsample': 0.8}",0.6531034641904698,0.6025956643895244,0.6142973144971879,0.5891848712406134,0.5394476190244298,0.5997257866684451,0.03691696214917947,363
0.5853034019470215,0.011563806253980301,0.010820150375366211,0.0020861346869649276,0.1,2,2,2,200,0.9,"{'learning_rate': 0.1, 'max_depth': 2, 'min_samples_leaf': 2, 'min_samples_split': 2, 'n_estimators': 200, 'subsample': 0.9}",0.6458368633907217,0.6339045690233043,0.5697637924618714,0.5902269262801696,0.5377460727557646,0.5954956447823662,0.040085868931769825,419
0.5398960113525391,0.022731611039963736,0.008411264419555664,0.001288524458122542,0.1,2,2,2,200,1.0,"{'learning_rate': 0.1, 'max_depth': 2, 'min_samples_leaf': 2, 'min_samples_split': 2, 'n_estimators': 200, 'subsample': 1.0}",0.6379571402896127,0.6424196887995921,0.5273517881852603,0.5886550928599987,0.5557826426351069,0.5904332705539141,0.045042662500291326,496
0.8952601909637451,0.04854677052750812,0.01142416000366211,0.004173662270044372,0.1,2,2,2,300,0.8,"{'learning_rate': 0.1, 'max_depth': 2, 'min_samples_leaf': 2, 'min_samples_split': 2, 'n_estimators': 300, 'subsample': 0.8}",0.6469465610074518,0.5675143757885631,0.5876715945279747,0.576295215788569,0.5065754733035182,0.5770006440832154,0.044847501763985095,688
0.9277748584747314,0.07618117043289772,0.01074371337890625,0.0016669329178786174,0.1,2,2,2,300,0.9,"{'learning_rate': 0.1, 'max_depth': 2, 'min_samples_leaf': 2, 'min_samples_split': 2, 'n_estimators': 300, 'subsample': 0.9}",0.6242076940905638,0.5949419835259135,0.5529372249083677,0.5704048005498055,0.5097142309686973,0.5704411868086696,0.038691806669709006,771
0.7958076953887939,0.05623769206160714,0.008712387084960938,0.0010659539823744812,0.1,2,2,2,300,1.0,"{'learning_rate': 0.1, 'max_depth': 2, 'min_samples_leaf': 2, 'min_samples_split': 2, 'n_estimators': 300, 'subsample': 1.0}",0.6308194192201847,0.6136424109380968,0.48640386031513194,0.5782059348985535,0.535704210443356,0.5689551671630646,0.052592882650734155,787
0.2973329544067383,0.028211353922989967,0.008918428421020507,0.0016621212665284147,0.1,2,2,5,100,0.8,"{'learning_rate': 0.1, 'max_depth': 2, 'min_samples_leaf': 2, 'min_samples_split': 5, 'n_estimators': 100, 'subsample': 0.8}",0.6526086483991977,0.6427776793585162,0.6048976790220174,0.6027647606499922,0.5873748962930859,0.618084732744562,0.025113089616150684,85
0.2844661235809326,0.01914662289616915,0.00884995460510254,0.001524619473811259,0.1,2,2,5,100,0.9,"{'learning_rate': 0.1, 'max_depth': 2, 'min_samples_leaf': 2, 'min_samples_split': 5, 'n_estimators': 100, 'subsample': 0.9}",0.6487789383525123,0.6528142647362617,0.5883015999496666,0.6035837224070533,0.5701153270021513,0.6127187704895289,0.032871522881729606,177
0.23886771202087403,0.022014526545429656,0.007476139068603516,0.0020354460826757085,0.1,2,2,5,100,1.0,"{'learning_rate': 0.1, 'max_depth': 2, 'min_samples_leaf': 2, 'min_samples_split': 5, 'n_estimators': 100, 'subsample': 1.0}",0.6383004616289136,0.6614864455553642,0.5685923045856343,0.6068424919894265,0.5698023007642199,0.6090048009047118,0.03684356176689419,237
0.5317886352539063,0.01259186830548601,0.007863950729370118,0.0005245787935356672,0.1,2,2,5,200,0.8,"{'learning_rate': 0.1, 'max_depth': 2, 'min_samples_leaf': 2, 'min_samples_split': 5, 'n_estimators': 200, 'subsample': 0.8}",0.6513593787565397,0.6051011838558528,0.5895950470493356,0.5862544122231601,0.5382830334295083,0.5941186110628792,0.036323662744112195,441
0.5391828060150147,0.007995737538584648,0.008546257019042968,0.0010025246568182305,0.1,2,2,5,200,0.9,"{'learning_rate': 0.1, 'max_depth': 2, 'min_samples_leaf': 2, 'min_samples_split': 5, 'n_estimators': 200, 'subsample': 0.9}",0.6406212584861464,0.6349654120784025,0.5801432545846352,0.5944189177344494,0.5253780230747884,0.5951053731916843,0.04182525094442272,425
0.4883746147155762,0.010474348508577352,0.008592891693115234,0.001049888414392383,0.1,2,2,5,200,1.0,"{'learning_rate': 0.1, 'max_depth': 2, 'min_samples_leaf': 2, 'min_samples_split': 5, 'n_estimators': 200, 'subsample': 1.0}",0.6379571402896127,0.6278309362445382,0.5273517881852603,0.5861071340628762,0.5447737426757313,0.5848041482916038,0.0437754494377101,574
0.8569157123565674,0.03366407761687893,0.010199832916259765,0.0029578534720553114,0.1,2,2,5,300,0.8,"{'learning_rate': 0.1, 'max_depth': 2, 'min_samples_leaf': 2, 'min_samples_split': 5, 'n_estimators': 300, 'subsample': 0.8}",0.6486465670304675,0.5646671855164371,0.5683002400384016,0.5825745725013844,0.5047524816087857,0.5737882093390952,0.0459569722234643,730
0.8978660583496094,0.035230076699802895,0.010916614532470703,0.002747365069196651,0.1,2,2,5,300,0.9,"{'learning_rate': 0.1, 'max_depth': 2, 'min_samples_leaf': 2, 'min_samples_split': 5, 'n_estimators': 300, 'subsample': 0.9}",0.6260721802239242,0.6005931200106776,0.5635485995771436,0.5877731367335788,0.49201583648181113,0.5740005746054271,0.04569253794129224,724
0.7631321907043457,0.037859886727659574,0.010295820236206055,0.002297637580129454,0.1,2,2,5,300,1.0,"{'learning_rate': 0.1, 'max_depth': 2, 'min_samples_leaf': 2, 'min_samples_split': 5, 'n_estimators': 300, 'subsample': 1.0}",0.6308194192201847,0.6024777075825037,0.4937013566823807,0.5771979652636989,0.5238576392491934,0.5656108175995923,0.050318763428922296,830
0.2710146427154541,0.031461063020575816,0.007428884506225586,0.0007043821166704356,0.1,2,2,10,100,0.8,"{'learning_rate': 0.1, 'max_depth': 2, 'min_samples_leaf': 2, 'min_samples_split': 10, 'n_estimators': 100, 'subsample': 0.8}",0.6551857835841646,0.6504594744473118,0.6078940644812508,0.59582012177459,0.5838464861191515,0.6186411860812937,0.028965095633959964,78
0.24906644821166993,0.010380329589656352,0.006173849105834961,0.0008097110693808794,0.1,2,2,10,100,0.9,"{'learning_rate': 0.1, 'max_depth': 2, 'min_samples_leaf': 2, 'min_samples_split': 10, 'n_estimators': 100, 'subsample': 0.9}",0.6490885527207402,0.6565998769366201,0.5891208097636076,0.6028160396694542,0.5754942896337065,0.6146239137448257,0.0324676901289671,143
0.2135599136352539,0.007269035940396269,0.007149648666381836,0.0008344037224185279,0.1,2,2,10,100,1.0,"{'learning_rate': 0.1, 'max_depth': 2, 'min_samples_leaf': 2, 'min_samples_split': 10, 'n_estimators': 100, 'subsample': 1.0}",0.6383004616289136,0.6614864455553642,0.5515880808696085,0.6062307752128326,0.5698023007642199,0.6054816128061878,0.04096756147493011,296
0.5111135005950928,0.03129448876434533,0.010996437072753907,0.00599362581522382,0.1,2,2,10,200,0.8,"{'learning_rate': 0.1, 'max_depth': 2, 'min_samples_leaf': 2, 'min_samples_split': 10, 'n_estimators': 200, 'subsample': 0.8}",0.6570521110169985,0.6029584437392245,0.5907299140685649,0.5955667326877248,0.5367626045707927,0.5966139612166611,0.038238530307926066,402
0.5514716148376465,0.006192728674921036,0.008715057373046875,0.0015785545697859034,0.1,2,2,10,200,0.9,"{'learning_rate': 0.1, 'max_depth': 2, 'min_samples_leaf': 2, 'min_samples_split': 10, 'n_estimators': 200, 'subsample': 0.9}",0.642069443087973,0.632085413511737,0.5773741636046895,0.603032752123598,0.5338576210855186,0.5976838786827032,0.039162303452852584,396
0.4846804618835449,0.004078919085023648,0.00814971923828125,0.001759807683504485,0.1,2,2,10,200,1.0,"{'learning_rate': 0.1, 'max_depth': 2, 'min_samples_leaf': 2, 'min_samples_split': 10, 'n_estimators': 200, 'subsample': 1.0}",0.6379571402896127,0.6297341076572724,0.5266142463602431,0.596982123741095,0.5439836485215146,0.5870542533139476,0.04476451254775995,546
0.8755269527435303,0.03513775746144859,0.007554006576538086,0.0004064884322767279,0.1,2,2,10,300,0.8,"{'learning_rate': 0.1, 'max_depth': 2, 'min_samples_leaf': 2, 'min_samples_split': 10, 'n_estimators': 300, 'subsample': 0.8}",0.6577952304466468,0.5763142868675613,0.5612024995558802,0.5905171187876594,0.5055490786088623,0.578275642853322,0.04910745530003524,663
0.9140134811401367,0.0681548492004166,0.012953615188598633,0.0055202330932169995,0.1,2,2,10,300,0.9,"{'learning_rate': 0.1, 'max_depth': 2, 'min_samples_leaf': 2, 'min_samples_split': 10, 'n_estimators': 300, 'subsample': 0.9}",0.6245896385600107,0.6019816455331619,0.5575840807498149,0.5889095576519918,0.5099569849821126,0.5766043814954184,0.039753377437132725,698
0.8132764816284179,0.06286874938322264,0.009935426712036132,0.002181842007238531,0.1,2,2,10,300,1.0,"{'learning_rate': 0.1, 'max_depth': 2, 'min_samples_leaf': 2, 'min_samples_split': 10, 'n_estimators': 300, 'subsample': 1.0}",0.6308194192201847,0.608930225182632,0.4820660471563325,0.5833486740179972,0.5265277471636627,0.5663384225481618,0.05467711105625367,820
0.2862969398498535,0.028522932721582683,0.007003879547119141,0.0004364639944625092,0.1,2,4,2,100,0.8,"{'learning_rate': 0.1, 'max_depth': 2, 'min_samples_leaf': 4, 'min_samples_split': 2, 'n_estimators': 100, 'subsample': 0.8}",0.6451755455692259,0.6568265996767775,0.6252166340461259,0.5918751030145281,0.565520646554653,0.616922905772262,0.03384933395819646,110
0.24091701507568358,0.010729879268579184,0.006687164306640625,0.000958264782749079,0.1,2,4,2,100,0.9,"{'learning_rate': 0.1, 'max_depth': 2, 'min_samples_leaf': 4, 'min_samples_split': 2, 'n_estimators': 100, 'subsample': 0.9}",0.660851134000781,0.6513959213743186,0.6054401720195074,0.6028066704409576,0.581975345782359,0.6204938487235847,0.030353823798005313,57
0.21121487617492676,0.017604701322630686,0.0064661502838134766,0.0014878002557594254,0.1,2,4,2,100,1.0,"{'learning_rate': 0.1, 'max_depth': 2, 'min_samples_leaf': 4, 'min_samples_split': 2, 'n_estimators': 100, 'subsample': 1.0}",0.6388349408363907,0.6489766550280283,0.6000421963172877,0.6027402413865438,0.5764433255956105,0.6134074718327722,0.02672261766798938,163
0.5655612945556641,0.03392428341837502,0.010982942581176759,0.002601443707321385,0.1,2,4,2,200,0.8,"{'learning_rate': 0.1, 'max_depth': 2, 'min_samples_leaf': 4, 'min_samples_split': 2, 'n_estimators': 200, 'subsample': 0.8}",0.6557027905820616,0.6451700281351717,0.630024745139273,0.5959835686202473,0.5215713643805282,0.6096904993714564,0.04846085297816923,228
0.5919677257537842,0.02362126468172435,0.008356046676635743,0.001693325015493345,0.1,2,4,2,200,0.9,"{'learning_rate': 0.1, 'max_depth': 2, 'min_samples_leaf': 4, 'min_samples_split': 2, 'n_estimators': 200, 'subsample': 0.9}",0.6677981637067121,0.6621611351076998,0.5885684916013103,0.6016499813928167,0.5488975304127358,0.6138150604442549,0.04527953724425851,153
0.4957630157470703,0.01796993046826442,0.009068632125854492,0.0020615634442996134,0.1,2,4,2,200,1.0,"{'learning_rate': 0.1, 'max_depth': 2, 'min_samples_leaf': 4, 'min_samples_split': 2, 'n_estimators': 200, 'subsample': 1.0}",0.6510673962604081,0.6449531355592961,0.5704765143713023,0.6022944486462488,0.5416716676867641,0.6020926325048038,0.0421565246483404,336
0.8231526374816894,0.04283354975500245,0.007979249954223633,0.0006171460125880584,0.1,2,4,2,300,0.8,"{'learning_rate': 0.1, 'max_depth': 2, 'min_samples_leaf': 4, 'min_samples_split': 2, 'n_estimators': 300, 'subsample': 0.8}",0.6580212394738284,0.6240120811087821,0.6138010367060307,0.5839442180943231,0.4987663240673077,0.5957089798900543,0.05393976991227071,414
0.9336612224578857,0.06126983638520939,0.007877540588378907,0.00028526180311182024,0.1,2,4,2,300,0.9,"{'learning_rate': 0.1, 'max_depth': 2, 'min_samples_leaf': 4, 'min_samples_split': 2, 'n_estimators': 300, 'subsample': 0.9}",0.6571352566501787,0.6495279040509119,0.5835032590801841,0.5898616350408291,0.5261371537419003,0.6012330417128008,0.04804268484420731,347
0.8203915596008301,0.054471857244142344,0.007750177383422851,0.00037810043478521714,0.1,2,4,2,300,1.0,"{'learning_rate': 0.1, 'max_depth': 2, 'min_samples_leaf': 4, 'min_samples_split': 2, 'n_estimators': 300, 'subsample': 1.0}",0.6386464114337638,0.6206455125955862,0.5476666063817872,0.5805808701654103,0.5150183688677263,0.5805115538888547,0.04551603886310949,629
0.2999275207519531,0.03704476700036421,0.009584951400756835,0.00466227811097832,0.1,2,4,5,100,0.8,"{'learning_rate': 0.1, 'max_depth': 2, 'min_samples_leaf': 4, 'min_samples_split': 5, 'n_estimators': 100, 'subsample': 0.8}",0.6451755455692259,0.6568265996767775,0.6252166340461259,0.5918751030145281,0.565520646554653,0.616922905772262,0.03384933395819646,110
0.23894596099853516,0.008427755876361815,0.006704950332641601,0.000570232661204515,0.1,2,4,5,100,0.9,"{'learning_rate': 0.1, 'max_depth': 2, 'min_samples_leaf': 4, 'min_samples_split': 5, 'n_estimators': 100, 'subsample': 0.9}",0.660851134000781,0.6513959213743186,0.6054401720195074,0.6028066704409576,0.581975345782359,0.6204938487235847,0.030353823798005313,57
0.21819109916687013,0.005074104762470677,0.007432699203491211,0.0028541746710298156,0.1,2,4,5,100,1.0,"{'learning_rate': 0.1, 'max_depth': 2, 'min_samples_leaf': 4, 'min_samples_split': 5, 'n_estimators': 100, 'subsample': 1.0}",0.6388349408363907,0.6489766550280283,0.6000421963172877,0.6027402413865438,0.5764433255956105,0.6134074718327722,0.02672261766798938,163
0.497491455078125,0.022402787285983966,0.009166622161865234,0.001933211967560145,0.1,2,4,5,200,0.8,"{'learning_rate': 0.1, 'max_depth': 2, 'min_samples_leaf': 4, 'min_samples_split': 5, 'n_estimators': 200, 'subsample': 0.8}",0.6557027905820616,0.6451700281351717,0.630024745139273,0.5959835686202473,0.5215713643805282,0.6096904993714564,0.04846085297816923,228
0.5428176403045655,0.009100355617416676,0.010869646072387695,0.002171462920731537,0.1,2,4,5,200,0.9,"{'learning_rate': 0.1, 'max_depth': 2, 'min_samples_leaf': 4, 'min_samples_split': 5, 'n_estimators': 200, 'subsample': 0.9}",0.6677981637067121,0.6621611351076998,0.5885684916013103,0.6016499813928167,0.5488975304127358,0.6138150604442549,0.04527953724425851,153
0.494080924987793,0.005410013774127518,0.007919740676879884,0.0007504302763741981,0.1,2,4,5,200,1.0,"{'learning_rate': 0.1, 'max_depth': 2, 'min_samples_leaf': 4, 'min_samples_split': 5, 'n_estimators': 200, 'subsample': 1.0}",0.6510673962604081,0.6449531355592961,0.5704765143713023,0.6022944486462488,0.5416716676867641,0.6020926325048038,0.0421565246483404,336
0.8263011455535889,0.02460633209084767,0.009816884994506836,0.0020922025545879472,0.1,2,4,5,300,0.8,"{'learning_rate': 0.1, 'max_depth': 2, 'min_samples_leaf': 4, 'min_samples_split': 5, 'n_estimators': 300, 'subsample': 0.8}",0.6580212394738284,0.6240120811087821,0.6138010367060307,0.5839442180943231,0.4987663240673077,0.5957089798900543,0.05393976991227071,414
0.8856855869293213,0.045140983936321745,0.007953691482543945,0.00027949155859062974,0.1,2,4,5,300,0.9,"{'learning_rate': 0.1, 'max_depth': 2, 'min_samples_leaf': 4, 'min_samples_split': 5, 'n_estimators': 300, 'subsample': 0.9}",0.6571352566501787,0.6495279040509119,0.5835032590801841,0.5898616350408291,0.5261371537419003,0.6012330417128008,0.04804268484420731,347
0.863494873046875,0.1019192067931132,0.010509920120239259,0.0029024091673747177,0.1,2,4,5,300,1.0,"{'learning_rate': 0.1, 'max_depth': 2, 'min_samples_leaf': 4, 'min_samples_split': 5, 'n_estimators': 300, 'subsample': 1.0}",0.6386464114337638,0.6206455125955862,0.5476666063817872,0.5805808701654103,0.5150183688677263,0.5805115538888547,0.04551603886310949,629
0.28487563133239746,0.02409081652476379,0.0076659202575683595,0.0020320458402614105,0.1,2,4,10,100,0.8,"{'learning_rate': 0.1, 'max_depth': 2, 'min_samples_leaf': 4, 'min_samples_split': 10, 'n_estimators': 100, 'subsample': 0.8}",0.6451755455692259,0.6569036075346166,0.6252166340461259,0.5918049141028958,0.5618870541560501,0.6161975510817829,0.03499337614199883,122
0.24491410255432128,0.01034972512853461,0.006974649429321289,0.0016350306538111695,0.1,2,4,10,100,0.9,"{'learning_rate': 0.1, 'max_depth': 2, 'min_samples_leaf': 4, 'min_samples_split': 10, 'n_estimators': 100, 'subsample': 0.9}",0.6617214410203754,0.6491206080406322,0.6054401720195074,0.6044042139703131,0.581975345782359,0.6205323561666375,0.029961184553046274,56
0.22595973014831544,0.005460878251169433,0.007447576522827149,0.0018676178752190776,0.1,2,4,10,100,1.0,"{'learning_rate': 0.1, 'max_depth': 2, 'min_samples_leaf': 4, 'min_samples_split': 10, 'n_estimators': 100, 'subsample': 1.0}",0.6388349408363907,0.6489766550280283,0.5979169766282579,0.6027402413865438,0.575854588933306,0.6128646805625053,0.0271079845153686,174
0.5468601703643798,0.03894360754441878,0.009070205688476562,0.001762358640156073,0.1,2,4,10,200,0.8,"{'learning_rate': 0.1, 'max_depth': 2, 'min_samples_leaf': 4, 'min_samples_split': 10, 'n_estimators': 200, 'subsample': 0.8}",0.655765544666516,0.6341151054308127,0.630024745139273,0.5942871732768403,0.5177270461369732,0.606383922930083,0.04852385944629167,285
0.5606785297393799,0.009645769652720397,0.00727548599243164,6.091146303310248e-05,0.1,2,4,10,200,0.9,"{'learning_rate': 0.1, 'max_depth': 2, 'min_samples_leaf': 4, 'min_samples_split': 10, 'n_estimators': 200, 'subsample': 0.9}",0.6718041961335327,0.6627364463738203,0.5885922227147851,0.6045153514542208,0.5411257244290668,0.6137547882210852,0.04850245230152788,158
0.48872690200805663,0.013432852722554189,0.00915064811706543,0.0007219531353325064,0.1,2,4,10,200,1.0,"{'learning_rate': 0.1, 'max_depth': 2, 'min_samples_leaf': 4, 'min_samples_split': 10, 'n_estimators': 200, 'subsample': 1.0}",0.6495939026323676,0.6449531355592961,0.5725680833356157,0.6021032798870221,0.5424640862112043,0.6023364975251011,0.04128040378962831,331
0.8446898937225342,0.03457231763098334,0.009017086029052735,0.0022647230488364195,0.1,2,4,10,300,0.8,"{'learning_rate': 0.1, 'max_depth': 2, 'min_samples_leaf': 4, 'min_samples_split': 10, 'n_estimators': 300, 'subsample': 0.8}",0.6560524668369134,0.6107993681362234,0.6138010367060307,0.5806722816166572,0.4953729175961479,0.5913396141783945,0.05365510164403587,482
0.8689958095550537,0.045230841465131524,0.008360767364501953,0.0013595049569549715,0.1,2,4,10,300,0.9,"{'learning_rate': 0.1, 'max_depth': 2, 'min_samples_leaf': 4, 'min_samples_split': 10, 'n_estimators': 300, 'subsample': 0.9}",0.6596495565744772,0.6462968179862383,0.583528640104171,0.5937163898601576,0.5181901239284987,0.6002763056907086,0.05040779405419541,361
0.8589256763458252,0.08040782357784221,0.010564899444580078,0.002556382666720426,0.1,2,4,10,300,1.0,"{'learning_rate': 0.1, 'max_depth': 2, 'min_samples_leaf': 4, 'min_samples_split': 10, 'n_estimators': 300, 'subsample': 1.0}",0.6370438335911708,0.6193350322600949,0.5488890563370803,0.5840027122221855,0.5124240589754987,0.5803389386772061,0.045499647564839964,636
0.3201112747192383,0.03796172924129355,0.007605743408203125,0.001882365021929392,0.1,3,1,2,100,0.8,"{'learning_rate': 0.1, 'max_depth': 3, 'min_samples_leaf': 1, 'min_samples_split': 2, 'n_estimators': 100, 'subsample': 0.8}",0.6048665759324321,0.5923958808200693,0.5894874749076635,0.5801129543455161,0.5573521513573236,0.5848430074726009,0.015859891802655682,573
0.26108241081237793,0.002119948339454493,0.009354782104492188,0.005708841696110819,0.1,3,1,2,100,0.9,"{'learning_rate': 0.1, 'max_depth': 3, 'min_samples_leaf': 1, 'min_samples_split': 2, 'n_estimators': 100, 'subsample': 0.9}",0.61979818193219,0.6371237931522193,0.5619465971702953,0.574313353259382,0.5715529930154716,0.5929469837059117,0.029794349550478105,458
0.23327326774597168,0.003539006071838897,0.006441688537597657,0.0005756671686633628,0.1,3,1,2,100,1.0,"{'learning_rate': 0.1, 'max_depth': 3, 'min_samples_leaf': 1, 'min_samples_split': 2, 'n_estimators': 100, 'subsample': 1.0}",0.561256591297641,0.6278258854171186,0.5546528939837309,0.5966239744596793,0.5718794128775965,0.5824477516071533,0.0268083923110358,609
0.5429426670074463,0.033076281230919415,0.013723945617675782,0.0036967919897674525,0.1,3,1,2,200,0.8,"{'learning_rate': 0.1, 'max_depth': 3, 'min_samples_leaf': 1, 'min_samples_split': 2, 'n_estimators': 200, 'subsample': 0.8}",0.5752566180462308,0.5641216234319099,0.5726388533660742,0.5688056296701842,0.5352303008170456,0.563210605066289,0.014484681393639632,849
1.2370423793792724,0.22735835869738924,0.02002878189086914,0.01129967650437367,0.1,3,1,2,200,0.9,"{'learning_rate': 0.1, 'max_depth': 3, 'min_samples_leaf': 1, 'min_samples_split': 2, 'n_estimators': 200, 'subsample': 0.9}",0.5891191832262621,0.5885160628421562,0.5192720007648107,0.5666109613589325,0.5434742095778218,0.5613984835539967,0.026932843783741306,868
0.7634638786315918,0.18962310214679776,0.010163831710815429,0.004339463531975199,0.1,3,1,2,200,1.0,"{'learning_rate': 0.1, 'max_depth': 3, 'min_samples_leaf': 1, 'min_samples_split': 2, 'n_estimators': 200, 'subsample': 1.0}",0.5331152570741775,0.6078101519534375,0.49485349503470943,0.5695799106798478,0.5594858027036566,0.5529689234891657,0.037676321593750034,932
1.0555970668792725,0.17650641164467704,0.010643434524536134,0.0032451180088877304,0.1,3,1,2,300,0.8,"{'learning_rate': 0.1, 'max_depth': 3, 'min_samples_leaf': 1, 'min_samples_split': 2, 'n_estimators': 300, 'subsample': 0.8}",0.5631862524970264,0.5451143587977789,0.550590128594241,0.5598445576125325,0.5219822040841446,0.5481435003171446,0.014579260912931753,974
1.2305086612701417,0.10311478207202397,0.013532209396362304,0.0038959661094009677,0.1,3,1,2,300,0.9,"{'learning_rate': 0.1, 'max_depth': 3, 'min_samples_leaf': 1, 'min_samples_split': 2, 'n_estimators': 300, 'subsample': 0.9}",0.5720334623988413,0.5565084944718297,0.4996970146860059,0.5560913206515208,0.5274160492100881,0.5423492682836571,0.025739832317458605,1011
1.0173609733581543,0.03454767291302998,0.0162229061126709,0.0033234597518114342,0.1,3,1,2,300,1.0,"{'learning_rate': 0.1, 'max_depth': 3, 'min_samples_leaf': 1, 'min_samples_split': 2, 'n_estimators': 300, 'subsample': 1.0}",0.5182854100804624,0.5948659943385377,0.4632073711980308,0.5575870622966432,0.5527840039236385,0.5373459683674625,0.044308971293543324,1048
0.4695793628692627,0.10932974397633805,0.010434389114379883,0.0008967191602880409,0.1,3,1,5,100,0.8,"{'learning_rate': 0.1, 'max_depth': 3, 'min_samples_leaf': 1, 'min_samples_split': 5, 'n_estimators': 100, 'subsample': 0.8}",0.6220303135199587,0.5970765700934288,0.5873492296231131,0.5684244289420541,0.565262150689483,0.5880285385736075,0.020693373655702414,531
0.3804370880126953,0.022741538208853766,0.015985631942749025,0.0108429053323831,0.1,3,1,5,100,0.9,"{'learning_rate': 0.1, 'max_depth': 3, 'min_samples_leaf': 1, 'min_samples_split': 5, 'n_estimators': 100, 'subsample': 0.9}",0.6144497674365059,0.6423731916778865,0.573329722341064,0.594523321460277,0.5667757143118791,0.5982903434455225,0.027694112738944194,385
0.3859703063964844,0.0542598024508138,0.00974574089050293,0.003215017626212334,0.1,3,1,5,100,1.0,"{'learning_rate': 0.1, 'max_depth': 3, 'min_samples_leaf': 1, 'min_samples_split': 5, 'n_estimators': 100, 'subsample': 1.0}",0.5510237690469371,0.6159850203655912,0.5421909382579071,0.6087335384299197,0.5664939188936854,0.5768854369988081,0.030078552973461688,690
0.8277530670166016,0.2163387187249998,0.00968928337097168,0.0010211236491536246,0.1,3,1,5,200,0.8,"{'learning_rate': 0.1, 'max_depth': 3, 'min_samples_leaf': 1, 'min_samples_split': 5, 'n_estimators': 200, 'subsample': 0.8}",0.5957990385340171,0.5532381772291621,0.5632362982569502,0.5564496223408654,0.534204436555654,0.5605855145833297,0.02007022257898254,877
0.9447211742401123,0.22402802679963088,0.011975479125976563,0.003620512067709971,0.1,3,1,5,200,0.9,"{'learning_rate': 0.1, 'max_depth': 3, 'min_samples_leaf': 1, 'min_samples_split': 5, 'n_estimators': 200, 'subsample': 0.9}",0.604511101389848,0.5932069559223394,0.5197034236984901,0.5755243465715847,0.539800089917635,0.5665491834999795,0.03206972657013845,815
0.6553205966949462,0.1403135439811826,0.010078859329223634,0.0012552577603681442,0.1,3,1,5,200,1.0,"{'learning_rate': 0.1, 'max_depth': 3, 'min_samples_leaf': 1, 'min_samples_split': 5, 'n_estimators': 200, 'subsample': 1.0}",0.5244589951882277,0.5883823673482411,0.48725968185142965,0.5973909802791877,0.5609824771372554,0.5516949003608683,0.04102207442624145,939
1.1156471729278565,0.15363807190126771,0.012222957611083985,0.003775554229409726,0.1,3,1,5,300,0.8,"{'learning_rate': 0.1, 'max_depth': 3, 'min_samples_leaf': 1, 'min_samples_split': 5, 'n_estimators': 300, 'subsample': 0.8}",0.5887787602496038,0.523112190210534,0.5446828372049346,0.5519065047138961,0.52974335135019,0.5476447287458318,0.022983684836432934,980
1.1465441226959228,0.1872998649378833,0.009412717819213868,0.0023333909740996654,0.1,3,1,5,300,0.9,"{'learning_rate': 0.1, 'max_depth': 3, 'min_samples_leaf': 1, 'min_samples_split': 5, 'n_estimators': 300, 'subsample': 0.9}",0.5847214108357739,0.5648793753295983,0.5082079665248445,0.5561064051952506,0.5297596945826565,0.5487349704936249,0.02687937087117221,966
0.8882107257843017,0.08075933776604856,0.009352827072143554,0.0016089173583773953,0.1,3,1,5,300,1.0,"{'learning_rate': 0.1, 'max_depth': 3, 'min_samples_leaf': 1, 'min_samples_split': 5, 'n_estimators': 300, 'subsample': 1.0}",0.506960314253895,0.566291083287306,0.4600137748970262,0.580672445943299,0.5411218687955999,0.5310118974354252,0.043433200690010346,1098
0.32515664100646974,0.021571373180266723,0.010444545745849609,0.0040455908837163665,0.1,3,1,10,100,0.8,"{'learning_rate': 0.1, 'max_depth': 3, 'min_samples_leaf': 1, 'min_samples_split': 10, 'n_estimators': 100, 'subsample': 0.8}",0.6351123942479382,0.6383095740251008,0.5665789814173382,0.5830665653204197,0.581937458239119,0.6010009946499832,0.02975047847808386,350
0.34981203079223633,0.02759211780672769,0.008816671371459962,0.0024889376719790073,0.1,3,1,10,100,0.9,"{'learning_rate': 0.1, 'max_depth': 3, 'min_samples_leaf': 1, 'min_samples_split': 10, 'n_estimators': 100, 'subsample': 0.9}",0.596946663457701,0.6502176430589772,0.5572482434878573,0.585465863679036,0.5738092815562038,0.592737539047955,0.03159849799946701,467
0.26062898635864257,0.007595712274024403,0.01018352508544922,0.003616485120319523,0.1,3,1,10,100,1.0,"{'learning_rate': 0.1, 'max_depth': 3, 'min_samples_leaf': 1, 'min_samples_split': 10, 'n_estimators': 100, 'subsample': 1.0}",0.568096709195942,0.6185733864023697,0.5304419735921814,0.5898486939889036,0.5709014894952791,0.5755724505349351,0.02886990179170737,707
0.5879607200622559,0.03190804001633518,0.009133291244506837,0.0015141382890993544,0.1,3,1,10,200,0.8,"{'learning_rate': 0.1, 'max_depth': 3, 'min_samples_leaf': 1, 'min_samples_split': 10, 'n_estimators': 200, 'subsample': 0.8}",0.6205686798358694,0.5889895270534395,0.5592869578425814,0.5782153882544303,0.5521856189875198,0.5798492343947681,0.024217227234082907,645
0.6088108062744141,0.020411023324760243,0.010180807113647461,0.0021592175800976,0.1,3,1,10,200,0.9,"{'learning_rate': 0.1, 'max_depth': 3, 'min_samples_leaf': 1, 'min_samples_split': 10, 'n_estimators': 200, 'subsample': 0.9}",0.5875526758468936,0.5986267831989881,0.5117168897764804,0.574622364677663,0.5375902020305423,0.5620217831061135,0.032490034221711164,860
0.5779158115386963,0.04938317759615757,0.008371543884277344,0.0010346267725375692,0.1,3,1,10,200,1.0,"{'learning_rate': 0.1, 'max_depth': 3, 'min_samples_leaf': 1, 'min_samples_split': 10, 'n_estimators': 200, 'subsample': 1.0}",0.5540459231986414,0.5985574145800616,0.48493281471574,0.5725421531742347,0.5353435867981131,0.5490843784933583,0.038279754205071605,964
0.9466959476470947,0.06993666540993258,0.009334564208984375,0.0019058790923477573,0.1,3,1,10,300,0.8,"{'learning_rate': 0.1, 'max_depth': 3, 'min_samples_leaf': 1, 'min_samples_split': 10, 'n_estimators': 300, 'subsample': 0.8}",0.6215058187029787,0.5616185457349357,0.5328107504141308,0.5667283588046867,0.5350125146288693,0.5635351976571202,0.0320374713192692,846
0.984253215789795,0.07342944461145447,0.010910272598266602,0.0023565244452714565,0.1,3,1,10,300,0.9,"{'learning_rate': 0.1, 'max_depth': 3, 'min_samples_leaf': 1, 'min_samples_split': 10, 'n_estimators': 300, 'subsample': 0.9}",0.5753289862278841,0.552631044040887,0.47586273133660906,0.5712115185779381,0.5200821572081453,0.5390232874782928,0.03711436188249652,1038
0.8487212657928467,0.0417298773713985,0.008561849594116211,0.0012020707361551815,0.1,3,1,10,300,1.0,"{'learning_rate': 0.1, 'max_depth': 3, 'min_samples_leaf': 1, 'min_samples_split': 10, 'n_estimators': 300, 'subsample': 1.0}",0.5327879331394751,0.5677735066489304,0.4620996672441907,0.561938034755856,0.5244414135394997,0.5298081110655903,0.037671786272450596,1111
0.31745209693908694,0.03414354083512215,0.009539508819580078,0.003725483506647447,0.1,3,2,2,100,0.8,"{'learning_rate': 0.1, 'max_depth': 3, 'min_samples_leaf': 2, 'min_samples_split': 2, 'n_estimators': 100, 'subsample': 0.8}",0.6638764121308115,0.6451756694150079,0.615711530458985,0.5826521373833032,0.566280234700854,0.6147391968177922,0.036659625252291266,141
0.27332682609558107,0.009708089656398005,0.008194208145141602,0.002443152358328043,0.1,3,2,2,100,0.9,"{'learning_rate': 0.1, 'max_depth': 3, 'min_samples_leaf': 2, 'min_samples_split': 2, 'n_estimators': 100, 'subsample': 0.9}",0.6166398075357999,0.6325194596999546,0.5725189824830119,0.575292548673878,0.5521277633180811,0.5898197123421451,0.029911946408595434,503
0.23893485069274903,0.007044479015356787,0.0074310779571533205,0.0018357540365347435,0.1,3,2,2,100,1.0,"{'learning_rate': 0.1, 'max_depth': 3, 'min_samples_leaf': 2, 'min_samples_split': 2, 'n_estimators': 100, 'subsample': 1.0}",0.5664633005802671,0.5956536986356089,0.5656832299716555,0.5884437880051148,0.5949637661216566,0.5822415566628606,0.013441275142292479,610
0.5766354084014893,0.017333315089672428,0.00985250473022461,0.0012382089864318379,0.1,3,2,2,200,0.8,"{'learning_rate': 0.1, 'max_depth': 3, 'min_samples_leaf': 2, 'min_samples_split': 2, 'n_estimators': 200, 'subsample': 0.8}",0.6448978831457985,0.5811789220191381,0.6091786314920625,0.5725874840074662,0.5198452606713132,0.5855376362671556,0.04143604375320538,562
0.6097124576568603,0.03126393885924932,0.010825014114379883,0.001687016188930701,0.1,3,2,2,200,0.9,"{'learning_rate': 0.1, 'max_depth': 3, 'min_samples_leaf': 2, 'min_samples_split': 2, 'n_estimators': 200, 'subsample': 0.9}",0.59482313748526,0.5775944205796704,0.5227344397784557,0.5610360788957556,0.5223950663753639,0.555716628622901,0.02910121873426594,908
0.5586217880249024,0.08050092741880235,0.009978389739990235,0.004128715637947448,0.1,3,2,2,200,1.0,"{'learning_rate': 0.1, 'max_depth': 3, 'min_samples_leaf': 2, 'min_samples_split': 2, 'n_estimators': 200, 'subsample': 1.0}",0.5531843858250283,0.5681040016937937,0.5508438821881121,0.5759891163228891,0.5503694426662383,0.5596981657392123,0.010429821562817652,881
0.6354700088500976,0.06462916619175132,0.006420230865478516,0.0016828534433688295,0.1,3,2,2,300,0.8,"{'learning_rate': 0.1, 'max_depth': 3, 'min_samples_leaf': 2, 'min_samples_split': 2, 'n_estimators': 300, 'subsample': 0.8}",0.6408227920968049,0.5477057308932917,0.5835792272273068,0.5586538401355743,0.504306619456163,0.5670136419618281,0.04493787188278087,812
0.647556734085083,0.09973271153432765,0.006916475296020508,0.003910387611429867,0.1,3,2,2,300,0.9,"{'learning_rate': 0.1, 'max_depth': 3, 'min_samples_leaf': 2, 'min_samples_split': 2, 'n_estimators': 300, 'subsample': 0.9}",0.5870751204065299,0.5544445887508989,0.5167078414233084,0.5403327043777668,0.5101846915088136,0.5417489892934635,0.027716443680667162,1016
0.5579294204711914,0.04140361214444613,0.007428741455078125,0.001816805394383894,0.1,3,2,2,300,1.0,"{'learning_rate': 0.1, 'max_depth': 3, 'min_samples_leaf': 2, 'min_samples_split': 2, 'n_estimators': 300, 'subsample': 1.0}",0.5450404511654539,0.5470111004365246,0.5483976973791391,0.5647475998307616,0.545358351554082,0.5501110400731923,0.007417182355936922,956
0.22890062332153321,0.036177285384081714,0.007262086868286133,0.0021873447624349497,0.1,3,2,5,100,0.8,"{'learning_rate': 0.1, 'max_depth': 3, 'min_samples_leaf': 2, 'min_samples_split': 5, 'n_estimators': 100, 'subsample': 0.8}",0.6656411121679029,0.6352617922316126,0.6099707274549295,0.5760477306819687,0.5663567627773418,0.6106556250627511,0.0368495098825453,208
0.33634014129638673,0.030504026461576652,0.010646533966064454,0.00600923677339036,0.1,3,2,5,100,0.9,"{'learning_rate': 0.1, 'max_depth': 3, 'min_samples_leaf': 2, 'min_samples_split': 5, 'n_estimators': 100, 'subsample': 0.9}",0.6263902214197432,0.6409918097061098,0.5649613613429852,0.5808779092715217,0.5674153703294773,0.5961273344139675,0.03148619760907594,410
0.31745114326477053,0.02157394804462654,0.008891725540161132,0.0017022862726765028,0.1,3,2,5,100,1.0,"{'learning_rate': 0.1, 'max_depth': 3, 'min_samples_leaf': 2, 'min_samples_split': 5, 'n_estimators': 100, 'subsample': 1.0}",0.5717063075557365,0.6005132640448237,0.5645729275013749,0.5906600945288005,0.5743130146419586,0.5803531216545389,0.013213098390018494,635
0.6357931613922119,0.0344968410309955,0.01065831184387207,0.0037721504165247667,0.1,3,2,5,200,0.8,"{'learning_rate': 0.1, 'max_depth': 3, 'min_samples_leaf': 2, 'min_samples_split': 5, 'n_estimators': 200, 'subsample': 0.8}",0.6376509372251198,0.5740702061030941,0.5874436648936923,0.5697466004755225,0.510010191863421,0.57578432011217,0.04081432793974315,706
0.6341547012329102,0.023303967743866137,0.007558250427246093,0.0005835297835858678,0.1,3,2,5,200,0.9,"{'learning_rate': 0.1, 'max_depth': 3, 'min_samples_leaf': 2, 'min_samples_split': 5, 'n_estimators': 200, 'subsample': 0.9}",0.5993003256920157,0.5852464231491072,0.5361085502010826,0.5756124548050172,0.5202689914287129,0.5633073490551871,0.030067616643434318,848
0.580924654006958,0.03768219920471957,0.00852670669555664,0.0020408851051920015,0.1,3,2,5,200,1.0,"{'learning_rate': 0.1, 'max_depth': 3, 'min_samples_leaf': 2, 'min_samples_split': 5, 'n_estimators': 200, 'subsample': 1.0}",0.555090587582318,0.5461347258325915,0.5320840257923198,0.5721567952282804,0.5526247997044285,0.5516181868279876,0.013011971897892355,942
0.9134220123291016,0.08925157569821367,0.012229537963867188,0.0022334783051182494,0.1,3,2,5,300,0.8,"{'learning_rate': 0.1, 'max_depth': 3, 'min_samples_leaf': 2, 'min_samples_split': 5, 'n_estimators': 300, 'subsample': 0.8}",0.6269664519994145,0.5422907120599157,0.5618130792834092,0.5531385971690723,0.48911437020575566,0.5546646421435135,0.04411560488551344,917
0.9656838417053223,0.06273351597366739,0.00830702781677246,0.0008624462791673034,0.1,3,2,5,300,0.9,"{'learning_rate': 0.1, 'max_depth': 3, 'min_samples_leaf': 2, 'min_samples_split': 5, 'n_estimators': 300, 'subsample': 0.9}",0.5896524229854849,0.5493521186864492,0.5014279596307358,0.5611287008958947,0.5142538146401207,0.543163003367737,0.031937102689865146,1007
0.8742549419403076,0.07552238781080965,0.009820699691772461,0.0017198253497454782,0.1,3,2,5,300,1.0,"{'learning_rate': 0.1, 'max_depth': 3, 'min_samples_leaf': 2, 'min_samples_split': 5, 'n_estimators': 300, 'subsample': 1.0}",0.5437947982512422,0.5096263309972865,0.5118417442805251,0.5682653018796016,0.5369159866804893,0.5340888324178289,0.02174201713362745,1068
0.3721278190612793,0.06527847177043683,0.009925127029418945,0.0018475918676454177,0.1,3,2,10,100,0.8,"{'learning_rate': 0.1, 'max_depth': 3, 'min_samples_leaf': 2, 'min_samples_split': 10, 'n_estimators': 100, 'subsample': 0.8}",0.673995617972551,0.6708187254766202,0.5826562411115905,0.5701819506554235,0.5636751737381824,0.6122655417908736,0.04949311229292497,180
0.3211086273193359,0.013748952118280184,0.008781003952026366,0.001498126004713087,0.1,3,2,10,100,0.9,"{'learning_rate': 0.1, 'max_depth': 3, 'min_samples_leaf': 2, 'min_samples_split': 10, 'n_estimators': 100, 'subsample': 0.9}",0.6350140511981733,0.6528151062752088,0.5782718578682287,0.5894390058848658,0.5726310365524535,0.605634211555786,0.03221615883461165,294
0.3154572010040283,0.03049031579710544,0.009057712554931641,0.0012585524492513907,0.1,3,2,10,100,1.0,"{'learning_rate': 0.1, 'max_depth': 3, 'min_samples_leaf': 2, 'min_samples_split': 10, 'n_estimators': 100, 'subsample': 1.0}",0.5695176419336153,0.6178864108114441,0.5526328844601206,0.596762541901406,0.5868989365353892,0.584739683128395,0.02240747251836438,575
0.6003871917724609,0.019381236205295062,0.00911574363708496,0.0014834423028387438,0.1,3,2,10,200,0.8,"{'learning_rate': 0.1, 'max_depth': 3, 'min_samples_leaf': 2, 'min_samples_split': 10, 'n_estimators': 200, 'subsample': 0.8}",0.6478520529737288,0.598111634819521,0.5688393737586809,0.5504008082775742,0.5203519828694962,0.5771111705398002,0.04347128571058144,684
0.7507188796997071,0.10650804348726745,0.010355281829833984,0.0020417741464171944,0.1,3,2,10,200,0.9,"{'learning_rate': 0.1, 'max_depth': 3, 'min_samples_leaf': 2, 'min_samples_split': 10, 'n_estimators': 200, 'subsample': 0.9}",0.6220166832932175,0.5870538199306833,0.5493682491876265,0.5708641177397054,0.5300214596281638,0.5718648659558794,0.03163504076558952,759
0.6208581447601318,0.05170587315432594,0.007655811309814453,0.0005947852601036713,0.1,3,2,10,200,1.0,"{'learning_rate': 0.1, 'max_depth': 3, 'min_samples_leaf': 2, 'min_samples_split': 10, 'n_estimators': 200, 'subsample': 1.0}",0.5626650920246294,0.5809960241866736,0.5194113761386769,0.5862962699343557,0.5580556179742254,0.5614848760517123,0.023578050316262377,867
0.9455338954925537,0.12102396082298846,0.009564876556396484,0.0013284055759374626,0.1,3,2,10,300,0.8,"{'learning_rate': 0.1, 'max_depth': 3, 'min_samples_leaf': 2, 'min_samples_split': 10, 'n_estimators': 300, 'subsample': 0.8}",0.6398855012108262,0.5633498176110796,0.5482965832857496,0.5479392881603335,0.5130977133162851,0.5625137807168548,0.04205609193279497,853
1.0066227912902832,0.10996409396088572,0.008530616760253906,0.00041850799696832255,0.1,3,2,10,300,0.9,"{'learning_rate': 0.1, 'max_depth': 3, 'min_samples_leaf': 2, 'min_samples_split': 10, 'n_estimators': 300, 'subsample': 0.9}",0.6212577668437762,0.5472068138570673,0.5196494880912446,0.5644953866102865,0.5217644168409135,0.5548747744486576,0.03713535258268996,915
0.955345869064331,0.1461136608089753,0.009216690063476562,0.0018062974956958903,0.1,3,2,10,300,1.0,"{'learning_rate': 0.1, 'max_depth': 3, 'min_samples_leaf': 2, 'min_samples_split': 10, 'n_estimators': 300, 'subsample': 1.0}",0.5493357863464124,0.536666703360412,0.49781188154344713,0.5740708708259366,0.5379260776982302,0.5391622639548876,0.024656526504122665,1037
0.34507045745849607,0.06945026679775433,0.008492326736450196,0.0019172361548764605,0.1,3,4,2,100,0.8,"{'learning_rate': 0.1, 'max_depth': 3, 'min_samples_leaf': 4, 'min_samples_split': 2, 'n_estimators': 100, 'subsample': 0.8}",0.6871659723412952,0.648054949304754,0.6090542989004242,0.6002572185637494,0.5378964302651896,0.6164857738750825,0.04997435552232439,116
0.2867347240447998,0.010379899728918708,0.008233880996704102,0.0019170432156253164,0.1,3,4,2,100,0.9,"{'learning_rate': 0.1, 'max_depth': 3, 'min_samples_leaf': 4, 'min_samples_split': 2, 'n_estimators': 100, 'subsample': 0.9}",0.6812437257896786,0.6756857704097085,0.6112884100804115,0.5787340856803715,0.5607182746663504,0.6215340533253041,0.04926057819148288,48
0.251934289932251,0.008139951199608982,0.008979701995849609,0.0018415956068003796,0.1,3,4,2,100,1.0,"{'learning_rate': 0.1, 'max_depth': 3, 'min_samples_leaf': 4, 'min_samples_split': 2, 'n_estimators': 100, 'subsample': 1.0}",0.6502925494539066,0.6614694178521163,0.5900953073851214,0.5776528771766989,0.5539302680530278,0.6066880839841742,0.04196211281786389,276
0.5992851257324219,0.06142817449817707,0.009965848922729493,0.002171512153723495,0.1,3,4,2,200,0.8,"{'learning_rate': 0.1, 'max_depth': 3, 'min_samples_leaf': 4, 'min_samples_split': 2, 'n_estimators': 200, 'subsample': 0.8}",0.6737441348571104,0.6200181481560694,0.6026367391324294,0.6073359681351858,0.49269915577474865,0.5992868292111087,0.059009525691596586,367
0.6788077354431152,0.08584733261707167,0.010155963897705077,0.002677650330502905,0.1,3,4,2,200,0.9,"{'learning_rate': 0.1, 'max_depth': 3, 'min_samples_leaf': 4, 'min_samples_split': 2, 'n_estimators': 200, 'subsample': 0.9}",0.669574721284711,0.6456968670366203,0.5962285707249164,0.5740960618877418,0.5099239935786599,0.5991040429025298,0.05607808203660891,375
0.5860558986663819,0.054505018656806015,0.011325311660766602,0.0028745925865749787,0.1,3,4,2,200,1.0,"{'learning_rate': 0.1, 'max_depth': 3, 'min_samples_leaf': 4, 'min_samples_split': 2, 'n_estimators': 200, 'subsample': 1.0}",0.6509008421719107,0.6544975257028414,0.5512681225442404,0.554531677506896,0.5219464435383963,0.586628922292857,0.05513885989625496,551
0.9588293075561524,0.06502878595853614,0.00980515480041504,0.002280779387351428,0.1,3,4,2,300,0.8,"{'learning_rate': 0.1, 'max_depth': 3, 'min_samples_leaf': 4, 'min_samples_split': 2, 'n_estimators': 300, 'subsample': 0.8}",0.6609447867304334,0.5987715637728368,0.5670648052278487,0.5957558582785698,0.47808658148510186,0.5801247190989581,0.05950842551828347,641
0.981688404083252,0.10850693019506402,0.009476327896118164,0.002648823956980419,0.1,3,4,2,300,0.9,"{'learning_rate': 0.1, 'max_depth': 3, 'min_samples_leaf': 4, 'min_samples_split': 2, 'n_estimators': 300, 'subsample': 0.9}",0.6593023592690687,0.624058952158164,0.5930173418375714,0.5719577686551236,0.4940717221635028,0.5884816288166861,0.05565637954352147,521
0.8620232105255127,0.07146690287478684,0.009368133544921876,0.0013681397284480569,0.1,3,4,2,300,1.0,"{'learning_rate': 0.1, 'max_depth': 3, 'min_samples_leaf': 4, 'min_samples_split': 2, 'n_estimators': 300, 'subsample': 1.0}",0.6507170843607665,0.6382134466451034,0.5254064925296515,0.5391865263536616,0.5106619954717082,0.5728371090721783,0.0593078846689569,745
0.3094491481781006,0.01731499965944476,0.010818767547607421,0.005153169698575022,0.1,3,4,5,100,0.8,"{'learning_rate': 0.1, 'max_depth': 3, 'min_samples_leaf': 4, 'min_samples_split': 5, 'n_estimators': 100, 'subsample': 0.8}",0.6871659723412952,0.648054949304754,0.6090542989004242,0.6002572185637494,0.5378964302651896,0.6164857738750825,0.04997435552232439,116
0.31723599433898925,0.035653160908938865,0.0076539039611816405,0.0011786119901520155,0.1,3,4,5,100,0.9,"{'learning_rate': 0.1, 'max_depth': 3, 'min_samples_leaf': 4, 'min_samples_split': 5, 'n_estimators': 100, 'subsample': 0.9}",0.6812437257896786,0.6756857704097085,0.6112884100804115,0.5787340856803715,0.5607182746663504,0.6215340533253041,0.04926057819148288,48
0.23940281867980956,0.019306977279973846,0.0061912059783935545,0.0014028078378625314,0.1,3,4,5,100,1.0,"{'learning_rate': 0.1, 'max_depth': 3, 'min_samples_leaf': 4, 'min_samples_split': 5, 'n_estimators': 100, 'subsample': 1.0}",0.6502925494539066,0.6614694178521163,0.5900953073851214,0.5776528771766989,0.5539302680530278,0.6066880839841742,0.04196211281786389,276
0.5728641033172608,0.04747969339608211,0.010587835311889648,0.0025258943464299996,0.1,3,4,5,200,0.8,"{'learning_rate': 0.1, 'max_depth': 3, 'min_samples_leaf': 4, 'min_samples_split': 5, 'n_estimators': 200, 'subsample': 0.8}",0.6737441348571104,0.6200181481560694,0.6026367391324294,0.6073359681351858,0.49269915577474865,0.5992868292111087,0.059009525691596586,367
0.6976109504699707,0.09234773836263596,0.011405181884765626,0.004980617421560248,0.1,3,4,5,200,0.9,"{'learning_rate': 0.1, 'max_depth': 3, 'min_samples_leaf': 4, 'min_samples_split': 5, 'n_estimators': 200, 'subsample': 0.9}",0.669574721284711,0.6456968670366203,0.5962285707249164,0.5740960618877418,0.5099239935786599,0.5991040429025298,0.05607808203660891,375
0.7095829486846924,0.1526572288100442,0.013725090026855468,0.006976489933771987,0.1,3,4,5,200,1.0,"{'learning_rate': 0.1, 'max_depth': 3, 'min_samples_leaf': 4, 'min_samples_split': 5, 'n_estimators': 200, 'subsample': 1.0}",0.6509008421719107,0.6544975257028414,0.5512681225442404,0.554531677506896,0.5219464435383963,0.586628922292857,0.05513885989625496,551
1.189922571182251,0.17132446785793506,0.010433769226074219,0.0021893552481904704,0.1,3,4,5,300,0.8,"{'learning_rate': 0.1, 'max_depth': 3, 'min_samples_leaf': 4, 'min_samples_split': 5, 'n_estimators': 300, 'subsample': 0.8}",0.6609447867304334,0.5987715637728368,0.5670648052278487,0.5957558582785698,0.47808658148510186,0.5801247190989581,0.05950842551828347,641
0.959496545791626,0.08338084198286802,0.010244321823120118,0.0014118510154236812,0.1,3,4,5,300,0.9,"{'learning_rate': 0.1, 'max_depth': 3, 'min_samples_leaf': 4, 'min_samples_split': 5, 'n_estimators': 300, 'subsample': 0.9}",0.6593023592690687,0.624058952158164,0.5930173418375714,0.5719577686551236,0.4940717221635028,0.5884816288166861,0.05565637954352147,521
0.9874022960662842,0.18749448932715934,0.009093189239501953,0.0018119260541153374,0.1,3,4,5,300,1.0,"{'learning_rate': 0.1, 'max_depth': 3, 'min_samples_leaf': 4, 'min_samples_split': 5, 'n_estimators': 300, 'subsample': 1.0}",0.6507170843607665,0.6382134466451034,0.5254064925296515,0.5391865263536616,0.5106619954717082,0.5728371090721783,0.0593078846689569,745
0.45424814224243165,0.1439030836130467,0.009901762008666992,0.002711530695233082,0.1,3,4,10,100,0.8,"{'learning_rate': 0.1, 'max_depth': 3, 'min_samples_leaf': 4, 'min_samples_split': 10, 'n_estimators': 100, 'subsample': 0.8}",0.6997504922138245,0.6607852756029047,0.6009380877984696,0.6038696458393155,0.5608145864472845,0.6252316175803598,0.04901670858258527,31
0.2779863357543945,0.009103078594239752,0.007251071929931641,0.0007089126404341999,0.1,3,4,10,100,0.9,"{'learning_rate': 0.1, 'max_depth': 3, 'min_samples_leaf': 4, 'min_samples_split': 10, 'n_estimators': 100, 'subsample': 0.9}",0.6806372957794204,0.6619875228367424,0.6169224309554333,0.5802545443969562,0.5572733207428182,0.6194150229422741,0.04682292533699175,69
0.22932510375976561,0.012741908263188535,0.005978012084960937,0.0011868276341492616,0.1,3,4,10,100,1.0,"{'learning_rate': 0.1, 'max_depth': 3, 'min_samples_leaf': 4, 'min_samples_split': 10, 'n_estimators': 100, 'subsample': 1.0}",0.6650050416947002,0.6637965852907715,0.5796211614077366,0.5749810730264339,0.5566652538447434,0.6080138230528771,0.04667696848446127,255
0.5347210884094238,0.034566705364923206,0.00918750762939453,0.0017177406321151874,0.1,3,4,10,200,0.8,"{'learning_rate': 0.1, 'max_depth': 3, 'min_samples_leaf': 4, 'min_samples_split': 10, 'n_estimators': 200, 'subsample': 0.8}",0.6826649543201737,0.6354882533616857,0.6050220795060792,0.6008146209569839,0.5081069193223315,0.6064193654934508,0.05719631578874375,284
0.6064721584320069,0.02189236739615469,0.00848546028137207,0.0015800652066673086,0.1,3,4,10,200,0.9,"{'learning_rate': 0.1, 'max_depth': 3, 'min_samples_leaf': 4, 'min_samples_split': 10, 'n_estimators': 200, 'subsample': 0.9}",0.6640154846298996,0.6500082581121234,0.5858915444336109,0.5817759330413046,0.5061532736689949,0.5975688987771867,0.056405017620885824,400
0.5760355949401855,0.037243703862855256,0.007904958724975587,0.0013434739090885403,0.1,3,4,10,200,1.0,"{'learning_rate': 0.1, 'max_depth': 3, 'min_samples_leaf': 4, 'min_samples_split': 10, 'n_estimators': 200, 'subsample': 1.0}",0.648650888623841,0.6435713042197928,0.5336759675741113,0.5567604664141208,0.5255435832749804,0.5816404420213692,0.05365126876959032,617
0.9184987068176269,0.12472020865096946,0.014873838424682618,0.00693059471526106,0.1,3,4,10,300,0.8,"{'learning_rate': 0.1, 'max_depth': 3, 'min_samples_leaf': 4, 'min_samples_split': 10, 'n_estimators': 300, 'subsample': 0.8}",0.6663744541874281,0.6148435678408279,0.5810777046127927,0.5988901490027785,0.47811037236497733,0.5878592496017608,0.06181468584523226,533
1.0435831069946289,0.11967022224084777,0.010375070571899413,0.0018240648546121005,0.1,3,4,10,300,0.9,"{'learning_rate': 0.1, 'max_depth': 3, 'min_samples_leaf': 4, 'min_samples_split': 10, 'n_estimators': 300, 'subsample': 0.9}",0.6531668092782664,0.6275505953303047,0.5842482177999362,0.5813082376329188,0.48449630787454234,0.5861540335831937,0.05756004603765933,556
0.9273818492889404,0.1581213090504092,0.008588886260986328,0.002184175417405856,0.1,3,4,10,300,1.0,"{'learning_rate': 0.1, 'max_depth': 3, 'min_samples_leaf': 4, 'min_samples_split': 10, 'n_estimators': 300, 'subsample': 1.0}",0.6544255824441387,0.6227280710201041,0.5153323409051109,0.5534991656593014,0.5109249559950675,0.5713820232047444,0.05770454022497683,762
0.412939453125,0.05294128302054278,0.00849771499633789,0.001632884899148947,0.1,4,1,2,100,0.8,"{'learning_rate': 0.1, 'max_depth': 4, 'min_samples_leaf': 1, 'min_samples_split': 2, 'n_estimators': 100, 'subsample': 0.8}",0.6065069910895522,0.6191754521923412,0.6070659448046536,0.5922366074152031,0.6254096762271296,0.610078934345776,0.011471388742986704,224
0.3177493095397949,0.025026624953429593,0.007746171951293945,0.001120922858061721,0.1,4,1,2,100,0.9,"{'learning_rate': 0.1, 'max_depth': 4, 'min_samples_leaf': 1, 'min_samples_split': 2, 'n_estimators': 100, 'subsample': 0.9}",0.5661105043700658,0.6465778375699867,0.5798540273166922,0.5823497270412741,0.6064011856965079,0.5962586563989054,0.028306791185987227,407
0.33045272827148436,0.021653674379918567,0.008405447006225586,0.0017632385181723495,0.1,4,1,2,100,1.0,"{'learning_rate': 0.1, 'max_depth': 4, 'min_samples_leaf': 1, 'min_samples_split': 2, 'n_estimators': 100, 'subsample': 1.0}",0.49179515642325244,0.5957672288388355,0.5678721535285096,0.5703616858501027,0.603316073464047,0.5658224596209495,0.039515333026878714,825
0.6674259185791016,0.033663321344237024,0.009414291381835938,0.0025193772393012305,0.1,4,1,2,200,0.8,"{'learning_rate': 0.1, 'max_depth': 4, 'min_samples_leaf': 1, 'min_samples_split': 2, 'n_estimators': 200, 'subsample': 0.8}",0.5866242517165783,0.5879384828699388,0.5953299252604111,0.5860722962769525,0.6013744136688355,0.5914678739585433,0.005967989706544658,480
0.6723599433898926,0.02367505727127589,0.009357309341430664,0.0021465917995013993,0.1,4,1,2,200,0.9,"{'learning_rate': 0.1, 'max_depth': 4, 'min_samples_leaf': 1, 'min_samples_split': 2, 'n_estimators': 200, 'subsample': 0.9}",0.5535659961440105,0.6085756292478306,0.5421349814342933,0.5769509406133607,0.5934738213248227,0.5749402737528635,0.024543509339562463,714
0.6582773208618165,0.05685712215355162,0.01056671142578125,0.0017974073742956151,0.1,4,1,2,200,1.0,"{'learning_rate': 0.1, 'max_depth': 4, 'min_samples_leaf': 1, 'min_samples_split': 2, 'n_estimators': 200, 'subsample': 1.0}",0.48028661539265183,0.5552013785833205,0.5471793897612386,0.5586844196259964,0.6098024834963043,0.5502308573719024,0.04134357477440336,953
0.9722959518432617,0.08564405235449592,0.010396671295166016,0.002660058032908888,0.1,4,1,2,300,0.8,"{'learning_rate': 0.1, 'max_depth': 4, 'min_samples_leaf': 1, 'min_samples_split': 2, 'n_estimators': 300, 'subsample': 0.8}",0.5787392352582073,0.565135696148638,0.5868688925451456,0.5821238956793582,0.5954042609519488,0.5816543961166596,0.009978334503262135,616
1.0723028182983398,0.11877703441446881,0.009476375579833985,0.0013734466693007146,0.1,4,1,2,300,0.9,"{'learning_rate': 0.1, 'max_depth': 4, 'min_samples_leaf': 1, 'min_samples_split': 2, 'n_estimators': 300, 'subsample': 0.9}",0.5434111386307743,0.5937111372349073,0.5326820807203654,0.5793281784662179,0.5876322365855161,0.5673529543275563,0.0245954837471884,804
0.9047545909881591,0.07614211601880286,0.009505891799926757,0.001990234310852986,0.1,4,1,2,300,1.0,"{'learning_rate': 0.1, 'max_depth': 4, 'min_samples_leaf': 1, 'min_samples_split': 2, 'n_estimators': 300, 'subsample': 1.0}",0.4734635631322811,0.5287853208220714,0.5352114666503731,0.541571106800236,0.6102813738275581,0.5378625662465039,0.043577272241777806,1043
0.37033658027648925,0.04616342547210853,0.01224532127380371,0.0028238609188877654,0.1,4,1,5,100,0.8,"{'learning_rate': 0.1, 'max_depth': 4, 'min_samples_leaf': 1, 'min_samples_split': 5, 'n_estimators': 100, 'subsample': 0.8}",0.6087485912652104,0.6243903467314448,0.5656631052303924,0.594148080109525,0.5919015073767443,0.5969703261426634,0.019516070997971074,401
0.3123931884765625,0.01344395546809026,0.009663200378417969,0.003426165140222664,0.1,4,1,5,100,0.9,"{'learning_rate': 0.1, 'max_depth': 4, 'min_samples_leaf': 1, 'min_samples_split': 5, 'n_estimators': 100, 'subsample': 0.9}",0.6050058149646471,0.6575541455470113,0.560915495122777,0.5814571888229105,0.6156812112920949,0.6041227711498881,0.03277159257274286,316
0.2924220561981201,0.010215060854183543,0.007258272171020508,0.0005193876727167198,0.1,4,1,5,100,1.0,"{'learning_rate': 0.1, 'max_depth': 4, 'min_samples_leaf': 1, 'min_samples_split': 5, 'n_estimators': 100, 'subsample': 1.0}",0.5050595705272009,0.614371897401571,0.5637542157212337,0.5820931982145717,0.6085247746170414,0.5747607312963237,0.039350261423161614,716
0.6351670265197754,0.021860678707074647,0.010070991516113282,0.001771202271591226,0.1,4,1,5,200,0.8,"{'learning_rate': 0.1, 'max_depth': 4, 'min_samples_leaf': 1, 'min_samples_split': 5, 'n_estimators': 200, 'subsample': 0.8}",0.5975957076734421,0.573623800341226,0.5469519888158265,0.5867960021625241,0.5801664480371522,0.5770267894060341,0.016996760503159333,686
0.6894406318664551,0.06533148923510138,0.009380245208740234,0.0018840303091790173,0.1,4,1,5,200,0.9,"{'learning_rate': 0.1, 'max_depth': 4, 'min_samples_leaf': 1, 'min_samples_split': 5, 'n_estimators': 200, 'subsample': 0.9}",0.5981547299733083,0.6029388313114463,0.5179485261247565,0.5752226543014946,0.5908111626891773,0.5770151808800366,0.03098815308194133,687
0.62412428855896,0.025680443605377867,0.013384294509887696,0.00234296722847791,0.1,4,1,5,200,1.0,"{'learning_rate': 0.1, 'max_depth': 4, 'min_samples_leaf': 1, 'min_samples_split': 5, 'n_estimators': 200, 'subsample': 1.0}",0.4933279219913247,0.5743576170100516,0.522254217011179,0.5837130284662835,0.5979537748898599,0.5543213118737398,0.03979349328444955,922
1.020318365097046,0.08026053809812494,0.008736419677734374,0.0003656941047593481,0.1,4,1,5,300,0.8,"{'learning_rate': 0.1, 'max_depth': 4, 'min_samples_leaf': 1, 'min_samples_split': 5, 'n_estimators': 300, 'subsample': 0.8}",0.5907651948200666,0.5502097798542998,0.5420506987636141,0.5794840684576243,0.5757647255667511,0.5676548934924712,0.018437416096858214,801
1.0414815425872803,0.0887529282808893,0.010376310348510743,0.0018027661467906655,0.1,4,1,5,300,0.9,"{'learning_rate': 0.1, 'max_depth': 4, 'min_samples_leaf': 1, 'min_samples_split': 5, 'n_estimators': 300, 'subsample': 0.9}",0.5903701494564262,0.5804437256315993,0.5099405372577254,0.5726948141871304,0.5900736600176824,0.5687045773101127,0.030109721716140864,794
0.9462511539459229,0.05050500042007687,0.01019597053527832,0.0036335180531157506,0.1,4,1,5,300,1.0,"{'learning_rate': 0.1, 'max_depth': 4, 'min_samples_leaf': 1, 'min_samples_split': 5, 'n_estimators': 300, 'subsample': 1.0}",0.4900319060101569,0.5513007526277144,0.5062576700291155,0.5629940974508031,0.5990238878320333,0.5419216627899646,0.039388186482214295,1013
0.35134096145629884,0.03521618983426998,0.011269855499267577,0.0026945303956901873,0.1,4,1,10,100,0.8,"{'learning_rate': 0.1, 'max_depth': 4, 'min_samples_leaf': 1, 'min_samples_split': 10, 'n_estimators': 100, 'subsample': 0.8}",0.6318046889128777,0.6318879318630749,0.5761376480513981,0.5861790387137751,0.5677745319964886,0.5987567679075229,0.02763896490322969,380
0.31981897354125977,0.008417581132917892,0.007477998733520508,0.001222270326490305,0.1,4,1,10,100,0.9,"{'learning_rate': 0.1, 'max_depth': 4, 'min_samples_leaf': 1, 'min_samples_split': 10, 'n_estimators': 100, 'subsample': 0.9}",0.624500815088475,0.6359669923003262,0.5783751437702565,0.5676676226244866,0.589208008112794,0.5991437163792677,0.02653199008570185,374
0.24941792488098144,0.01501529252607489,0.007171440124511719,0.0016889819001235972,0.1,4,1,10,100,1.0,"{'learning_rate': 0.1, 'max_depth': 4, 'min_samples_leaf': 1, 'min_samples_split': 10, 'n_estimators': 100, 'subsample': 1.0}",0.4924156611187398,0.6185793261595941,0.5408801888630614,0.598253771733283,0.6020897946476207,0.5704437485044599,0.04701976168467954,770
0.6009680747985839,0.03184922688060505,0.008664894104003906,0.0014633848160201998,0.1,4,1,10,200,0.8,"{'learning_rate': 0.1, 'max_depth': 4, 'min_samples_leaf': 1, 'min_samples_split': 10, 'n_estimators': 200, 'subsample': 0.8}",0.61170127240184,0.5876363577324657,0.563897388921121,0.5697155827915081,0.5384897071200769,0.5742880617934023,0.024447172338685128,721
0.6853379726409912,0.03973174217474111,0.008748912811279297,0.0011136100626351598,0.1,4,1,10,200,0.9,"{'learning_rate': 0.1, 'max_depth': 4, 'min_samples_leaf': 1, 'min_samples_split': 10, 'n_estimators': 200, 'subsample': 0.9}",0.6205250735743755,0.5952411368333221,0.5606297223551009,0.5685149770601821,0.5735795884155928,0.5836980996477147,0.021700365103104927,584
0.5960821151733399,0.021221087641476448,0.007917690277099609,0.0004547205846555077,0.1,4,1,10,200,1.0,"{'learning_rate': 0.1, 'max_depth': 4, 'min_samples_leaf': 1, 'min_samples_split': 10, 'n_estimators': 200, 'subsample': 1.0}",0.4739648728571698,0.60198851316943,0.5160527614867823,0.5735990300647702,0.5885805785717609,0.5508371512299827,0.048328940017112076,945
0.9684121131896972,0.0622495683289505,0.0098907470703125,0.0015619477590900828,0.1,4,1,10,300,0.8,"{'learning_rate': 0.1, 'max_depth': 4, 'min_samples_leaf': 1, 'min_samples_split': 10, 'n_estimators': 300, 'subsample': 0.8}",0.5994288836682833,0.567297868073905,0.55751069525937,0.5586680703228937,0.5285044057711721,0.5622819846191248,0.022723563133122345,857
0.9915966510772705,0.06233242084198154,0.00987100601196289,0.001410843290554767,0.1,4,1,10,300,0.9,"{'learning_rate': 0.1, 'max_depth': 4, 'min_samples_leaf': 1, 'min_samples_split': 10, 'n_estimators': 300, 'subsample': 0.9}",0.6097079038428257,0.5679216709328664,0.5477548846633203,0.5606470481040988,0.572633207140198,0.5717329429366618,0.020761879821182692,760
1.0343826293945313,0.13337723918430616,0.009319400787353516,0.0007137724373358593,0.1,4,1,10,300,1.0,"{'learning_rate': 0.1, 'max_depth': 4, 'min_samples_leaf': 1, 'min_samples_split': 10, 'n_estimators': 300, 'subsample': 1.0}",0.4610423401554433,0.5739139598317766,0.4868049907729116,0.5611173189754655,0.5845206431835492,0.5334798505838293,0.049859091075575374,1074
0.36930298805236816,0.04395728415206794,0.009385204315185547,0.0025265066180239484,0.1,4,2,2,100,0.8,"{'learning_rate': 0.1, 'max_depth': 4, 'min_samples_leaf': 2, 'min_samples_split': 2, 'n_estimators': 100, 'subsample': 0.8}",0.6521355280463219,0.5822633500568315,0.558084382505221,0.601725271887395,0.5664121333134581,0.5921241331618454,0.03349804766018635,474
0.34316067695617675,0.013006407687390016,0.007348442077636718,0.0005356003753197669,0.1,4,2,2,100,0.9,"{'learning_rate': 0.1, 'max_depth': 4, 'min_samples_leaf': 2, 'min_samples_split': 2, 'n_estimators': 100, 'subsample': 0.9}",0.5790806108849493,0.6224635603518428,0.6067694742337791,0.5766007394358563,0.5781949842859446,0.5926218738384745,0.018648638250507922,469
0.3080245018005371,0.05691618524727765,0.010173273086547852,0.003470377659063885,0.1,4,2,2,100,1.0,"{'learning_rate': 0.1, 'max_depth': 4, 'min_samples_leaf': 2, 'min_samples_split': 2, 'n_estimators': 100, 'subsample': 1.0}",0.5045491047204248,0.6341220922311356,0.5676597341405198,0.6011920797806359,0.5626612438719396,0.5740368509489311,0.043234850766293846,723
0.7084717750549316,0.04758521877793247,0.011723947525024415,0.002604481639636935,0.1,4,2,2,200,0.8,"{'learning_rate': 0.1, 'max_depth': 4, 'min_samples_leaf': 2, 'min_samples_split': 2, 'n_estimators': 200, 'subsample': 0.8}",0.6316592394783405,0.5303732155168327,0.5430719704419914,0.5935575852040098,0.5365660095722575,0.5670456040426863,0.03931007986917176,810
0.7014732360839844,0.025100565865278694,0.011751556396484375,0.0011768208001403109,0.1,4,2,2,200,0.9,"{'learning_rate': 0.1, 'max_depth': 4, 'min_samples_leaf': 2, 'min_samples_split': 2, 'n_estimators': 200, 'subsample': 0.9}",0.5690840213638658,0.5861519339580543,0.5945057187445497,0.5551303229817721,0.5641004811629556,0.5737944956422394,0.01446495675675776,729
0.70957350730896,0.0752226055186341,0.013079595565795899,0.008883796129697624,0.1,4,2,2,200,1.0,"{'learning_rate': 0.1, 'max_depth': 4, 'min_samples_leaf': 2, 'min_samples_split': 2, 'n_estimators': 200, 'subsample': 1.0}",0.5016345756362279,0.591830105590329,0.5441974711253892,0.5990191785568568,0.5417727370412491,0.5556908135900104,0.035864417671354246,910
1.3150501251220703,0.32368010519832036,0.011079645156860352,0.003411230520486732,0.1,4,2,2,300,0.8,"{'learning_rate': 0.1, 'max_depth': 4, 'min_samples_leaf': 2, 'min_samples_split': 2, 'n_estimators': 300, 'subsample': 0.8}",0.6274391548545247,0.5135381746521981,0.5313523599617846,0.5820841061323219,0.5289334514331461,0.5566694494067951,0.0422487951287424,901
1.4542277336120606,0.1506848068805003,0.012350702285766601,0.0030734085572812347,0.1,4,2,2,300,0.9,"{'learning_rate': 0.1, 'max_depth': 4, 'min_samples_leaf': 2, 'min_samples_split': 2, 'n_estimators': 300, 'subsample': 0.9}",0.5713484719454804,0.5655369716210052,0.5894327920355082,0.5455968584849841,0.5589848651871794,0.5661799918548315,0.014444754098256645,821
1.2090093612670898,0.20100947476072112,0.013245916366577149,0.002547630076144584,0.1,4,2,2,300,1.0,"{'learning_rate': 0.1, 'max_depth': 4, 'min_samples_leaf': 2, 'min_samples_split': 2, 'n_estimators': 300, 'subsample': 1.0}",0.5027093738396919,0.5717392976694343,0.5310234568448323,0.5909454232942235,0.5460592833766966,0.5484953670049759,0.03082157332101646,968
0.4162174701690674,0.06514965789408765,0.009363412857055664,0.0017694524191009741,0.1,4,2,5,100,0.8,"{'learning_rate': 0.1, 'max_depth': 4, 'min_samples_leaf': 2, 'min_samples_split': 5, 'n_estimators': 100, 'subsample': 0.8}",0.6656286784094559,0.5931624029999365,0.5532581555482783,0.5947301633694615,0.5470419412503971,0.5907642683155059,0.04229541263814583,489
0.3720095634460449,0.026045848759806704,0.010976028442382813,0.006201097339413092,0.1,4,2,5,100,0.9,"{'learning_rate': 0.1, 'max_depth': 4, 'min_samples_leaf': 2, 'min_samples_split': 5, 'n_estimators': 100, 'subsample': 0.9}",0.6131246240569038,0.6348502876686302,0.5949091323719896,0.5930100865432912,0.5725305658912523,0.6016849393064134,0.020985465629729944,342
0.3250415325164795,0.005629990901858919,0.011500358581542969,0.0034326111617714143,0.1,4,2,5,100,1.0,"{'learning_rate': 0.1, 'max_depth': 4, 'min_samples_leaf': 2, 'min_samples_split': 5, 'n_estimators': 100, 'subsample': 1.0}",0.5122576850351048,0.603360570839754,0.5702464762423523,0.6061936541847027,0.5896256109950749,0.5763367994593978,0.03447182457609746,699
0.6741827487945556,0.026662075594946454,0.010053920745849609,0.0018110727329146308,0.1,4,2,5,200,0.8,"{'learning_rate': 0.1, 'max_depth': 4, 'min_samples_leaf': 2, 'min_samples_split': 5, 'n_estimators': 200, 'subsample': 0.8}",0.654256866398331,0.5568457417002834,0.5400123587239198,0.5858358141131331,0.5268078038703031,0.5727517169611941,0.0452769074914443,749
0.796683406829834,0.04116597654021578,0.009859561920166016,0.0023551169134265206,0.1,4,2,5,200,0.9,"{'learning_rate': 0.1, 'max_depth': 4, 'min_samples_leaf': 2, 'min_samples_split': 5, 'n_estimators': 200, 'subsample': 0.9}",0.6092767835706799,0.596882100723054,0.5609526722419251,0.5866590936093501,0.5480786157924371,0.5803698531874893,0.022660849129345347,634
0.6579524993896484,0.05072232099519117,0.009543609619140626,0.0013811141149591409,0.1,4,2,5,200,1.0,"{'learning_rate': 0.1, 'max_depth': 4, 'min_samples_leaf': 2, 'min_samples_split': 5, 'n_estimators': 200, 'subsample': 1.0}",0.5175270183110525,0.5645829296917014,0.5303430041700512,0.6030020892150982,0.5877387209650256,0.5606387524705857,0.03262229640540888,876
1.028049612045288,0.07984564348299471,0.008924913406372071,0.000778353452981883,0.1,4,2,5,300,0.8,"{'learning_rate': 0.1, 'max_depth': 4, 'min_samples_leaf': 2, 'min_samples_split': 5, 'n_estimators': 300, 'subsample': 0.8}",0.6533063203408943,0.5398275090498283,0.5278304849135822,0.5799406800598537,0.5231719503795607,0.564815388948744,0.048550741732839006,836
1.0699539661407471,0.09416536859096661,0.010460186004638671,0.0021397168021039556,0.1,4,2,5,300,0.9,"{'learning_rate': 0.1, 'max_depth': 4, 'min_samples_leaf': 2, 'min_samples_split': 5, 'n_estimators': 300, 'subsample': 0.9}",0.6040785903976688,0.5757318495412382,0.544974985093564,0.5809302899257248,0.5443837109277867,0.5700198851771965,0.022786484240940076,773
0.9730508327484131,0.10941520150325684,0.009442138671875,0.0011423584067094899,0.1,4,2,5,300,1.0,"{'learning_rate': 0.1, 'max_depth': 4, 'min_samples_leaf': 2, 'min_samples_split': 5, 'n_estimators': 300, 'subsample': 1.0}",0.5114923383475689,0.5436804704585796,0.5164926859037491,0.5999112118517702,0.5648797383288666,0.547291288978107,0.03262320236198469,983
0.37938613891601564,0.06670898769854675,0.009746217727661132,0.003130288816453411,0.1,4,2,10,100,0.8,"{'learning_rate': 0.1, 'max_depth': 4, 'min_samples_leaf': 2, 'min_samples_split': 10, 'n_estimators': 100, 'subsample': 0.8}",0.6764245551928341,0.6155550896222355,0.5336514197128028,0.5994370702417313,0.5212401221277515,0.5892616513794711,0.05676562719214706,511
0.28281269073486326,0.013572211320177528,0.0067519664764404295,0.000122335209871048,0.1,4,2,10,100,0.9,"{'learning_rate': 0.1, 'max_depth': 4, 'min_samples_leaf': 2, 'min_samples_split': 10, 'n_estimators': 100, 'subsample': 0.9}",0.6080252407446229,0.6669847831021078,0.5666000052114827,0.58184383606504,0.5649733332099292,0.5976854396666365,0.037938510871383634,395
0.2842318058013916,0.037000743805739006,0.009591245651245117,0.00306094006613144,0.1,4,2,10,100,1.0,"{'learning_rate': 0.1, 'max_depth': 4, 'min_samples_leaf': 2, 'min_samples_split': 10, 'n_estimators': 100, 'subsample': 1.0}",0.5120026640309963,0.6056055436674541,0.5586286661643369,0.5917543504596127,0.5992836670195427,0.5734549782683885,0.034732847555058,734
0.6554689407348633,0.07686794370582659,0.008720827102661134,0.0014358575852613778,0.1,4,2,10,200,0.8,"{'learning_rate': 0.1, 'max_depth': 4, 'min_samples_leaf': 2, 'min_samples_split': 10, 'n_estimators': 200, 'subsample': 0.8}",0.6685786369682492,0.5573472269516746,0.5185103722951196,0.5834233112713081,0.4943729307599226,0.5644464956492549,0.06045569274762903,838
0.6631779670715332,0.05010668141137322,0.00909428596496582,0.001625155800979957,0.1,4,2,10,200,0.9,"{'learning_rate': 0.1, 'max_depth': 4, 'min_samples_leaf': 2, 'min_samples_split': 10, 'n_estimators': 200, 'subsample': 0.9}",0.5991917886728255,0.6176572779210125,0.5184145284031928,0.5634636736923113,0.5399874105713733,0.5677429358521431,0.03661268888677456,799
0.610122537612915,0.029079941939168363,0.010087060928344726,0.002200711648541479,0.1,4,2,10,200,1.0,"{'learning_rate': 0.1, 'max_depth': 4, 'min_samples_leaf': 2, 'min_samples_split': 10, 'n_estimators': 200, 'subsample': 1.0}",0.4917697623668803,0.5555138206434896,0.5019797626615612,0.5887685150847799,0.5958583338420134,0.5467780389197449,0.04308406982997107,987
0.9583939552307129,0.06024571994581895,0.011344194412231445,0.0017338469136176594,0.1,4,2,10,300,0.8,"{'learning_rate': 0.1, 'max_depth': 4, 'min_samples_leaf': 2, 'min_samples_split': 10, 'n_estimators': 300, 'subsample': 0.8}",0.6664288071397559,0.5433536924452587,0.5157641873636447,0.5714321512426224,0.4871677895689649,0.5568293255520493,0.06155640785495442,899
1.0585368633270265,0.08219823013851778,0.01026148796081543,0.002862164779739713,0.1,4,2,10,300,0.9,"{'learning_rate': 0.1, 'max_depth': 4, 'min_samples_leaf': 2, 'min_samples_split': 10, 'n_estimators': 300, 'subsample': 0.9}",0.5934899128826252,0.5909243018862644,0.49866184671358127,0.5563323008912413,0.5322672972208022,0.5543351319189029,0.035950958064945616,921
0.9247095584869385,0.09315345490755396,0.012432241439819336,0.003913364014540909,0.1,4,2,10,300,1.0,"{'learning_rate': 0.1, 'max_depth': 4, 'min_samples_leaf': 2, 'min_samples_split': 10, 'n_estimators': 300, 'subsample': 1.0}",0.49216146340168443,0.5258883617609749,0.4663428052082855,0.5792427254228558,0.5974165456377372,0.5322103802863076,0.04989249762721113,1087
0.3369187831878662,0.03158063319255891,0.006874513626098633,0.0011116266841223652,0.1,4,4,2,100,0.8,"{'learning_rate': 0.1, 'max_depth': 4, 'min_samples_leaf': 4, 'min_samples_split': 2, 'n_estimators': 100, 'subsample': 0.8}",0.7042983651001433,0.6900288209776768,0.5768905615840296,0.5940228984344107,0.521196323338804,0.6172873938870128,0.06966901603226351,104
0.3157070159912109,0.027213358918097803,0.007168292999267578,0.0002894267608585129,0.1,4,4,2,100,0.9,"{'learning_rate': 0.1, 'max_depth': 4, 'min_samples_leaf': 4, 'min_samples_split': 2, 'n_estimators': 100, 'subsample': 0.9}",0.6961944747014243,0.6791014335944601,0.6064851651969974,0.5680673072992505,0.5670293951356781,0.623375555185562,0.05463908102171475,39
0.26955175399780273,0.005915767492151415,0.008898162841796875,0.0024229288240787,0.1,4,4,2,100,1.0,"{'learning_rate': 0.1, 'max_depth': 4, 'min_samples_leaf': 4, 'min_samples_split': 2, 'n_estimators': 100, 'subsample': 1.0}",0.6784586279541179,0.662758142416621,0.5846658837324379,0.594598918360558,0.5642404128034444,0.6169443970534358,0.045170416565615705,108
0.5893960952758789,0.03415997656037616,0.007967805862426758,0.0006239641077584012,0.1,4,4,2,200,0.8,"{'learning_rate': 0.1, 'max_depth': 4, 'min_samples_leaf': 4, 'min_samples_split': 2, 'n_estimators': 200, 'subsample': 0.8}",0.6913362617810584,0.6551640266456911,0.5492117698373871,0.5969737946972127,0.488958969793993,0.5963289645510684,0.07243854316089537,404
0.6595743656158447,0.025679504005106574,0.00959320068359375,0.002796061757214263,0.1,4,4,2,200,0.9,"{'learning_rate': 0.1, 'max_depth': 4, 'min_samples_leaf': 4, 'min_samples_split': 2, 'n_estimators': 200, 'subsample': 0.9}",0.688177150643623,0.6507173322938262,0.5846108373339844,0.5595611665456246,0.5424166890792621,0.605096635179264,0.055507733722760064,302
0.5881782054901123,0.01318175699218971,0.008625125885009766,0.0011926829651526024,0.1,4,4,2,200,1.0,"{'learning_rate': 0.1, 'max_depth': 4, 'min_samples_leaf': 4, 'min_samples_split': 2, 'n_estimators': 200, 'subsample': 1.0}",0.6727366079489545,0.6592420561924787,0.5660988283900787,0.5888263319262701,0.555046707313197,0.6083901063541959,0.04846277902223875,246
0.9063484191894531,0.027683091424073474,0.008954668045043945,0.0016498114918741904,0.1,4,4,2,300,0.8,"{'learning_rate': 0.1, 'max_depth': 4, 'min_samples_leaf': 4, 'min_samples_split': 2, 'n_estimators': 300, 'subsample': 0.8}",0.6780120040156853,0.63805101756516,0.5328040828296694,0.5944173898879208,0.47414002400836464,0.58348490366136,0.07287962822291984,585
1.0764281749725342,0.13793354894132379,0.014103937149047851,0.0032038422115174964,0.1,4,4,2,300,0.9,"{'learning_rate': 0.1, 'max_depth': 4, 'min_samples_leaf': 4, 'min_samples_split': 2, 'n_estimators': 300, 'subsample': 0.9}",0.6815976640667221,0.6272336346361911,0.5778351796966946,0.5529441366091125,0.5325930305089546,0.5944407291035351,0.05384153646887907,436
0.9871137619018555,0.10316241617874207,0.011437129974365235,0.0028472951618311528,0.1,4,4,2,300,1.0,"{'learning_rate': 0.1, 'max_depth': 4, 'min_samples_leaf': 4, 'min_samples_split': 2, 'n_estimators': 300, 'subsample': 1.0}",0.6707726516821018,0.6499727807700076,0.5662708081308759,0.5893694992592995,0.5442180971696586,0.6041207674023887,0.04854571049556545,317
0.36002016067504883,0.03251240389575002,0.011631011962890625,0.005194267501094218,0.1,4,4,5,100,0.8,"{'learning_rate': 0.1, 'max_depth': 4, 'min_samples_leaf': 4, 'min_samples_split': 5, 'n_estimators': 100, 'subsample': 0.8}",0.7042983651001433,0.6900288209776768,0.5768905615840296,0.5940228984344107,0.521196323338804,0.6172873938870128,0.06966901603226351,104
0.2844277858734131,0.008106363907745513,0.008528804779052735,0.0016581585389766715,0.1,4,4,5,100,0.9,"{'learning_rate': 0.1, 'max_depth': 4, 'min_samples_leaf': 4, 'min_samples_split': 5, 'n_estimators': 100, 'subsample': 0.9}",0.6961944747014243,0.6791014335944601,0.6064851651969974,0.5680673072992505,0.5670293951356781,0.623375555185562,0.05463908102171475,39
0.248299503326416,0.006564469588649333,0.0065175056457519535,0.001168856654548661,0.1,4,4,5,100,1.0,"{'learning_rate': 0.1, 'max_depth': 4, 'min_samples_leaf': 4, 'min_samples_split': 5, 'n_estimators': 100, 'subsample': 1.0}",0.6784586279541179,0.662758142416621,0.5846658837324379,0.594598918360558,0.5642404128034444,0.6169443970534358,0.045170416565615705,108
0.5981124401092529,0.04013716703095049,0.012140941619873048,0.005264548318727209,0.1,4,4,5,200,0.8,"{'learning_rate': 0.1, 'max_depth': 4, 'min_samples_leaf': 4, 'min_samples_split': 5, 'n_estimators': 200, 'subsample': 0.8}",0.6913362617810584,0.6551640266456911,0.5492117698373871,0.5969737946972127,0.488958969793993,0.5963289645510684,0.07243854316089537,404
0.6419312000274658,0.02720229600390956,0.008694601058959962,0.002042582978138933,0.1,4,4,5,200,0.9,"{'learning_rate': 0.1, 'max_depth': 4, 'min_samples_leaf': 4, 'min_samples_split': 5, 'n_estimators': 200, 'subsample': 0.9}",0.688177150643623,0.6507173322938262,0.5846108373339844,0.5595611665456246,0.5424166890792621,0.605096635179264,0.055507733722760064,302
0.5792327880859375,0.02384501733760252,0.010497140884399413,0.0020475790970839107,0.1,4,4,5,200,1.0,"{'learning_rate': 0.1, 'max_depth': 4, 'min_samples_leaf': 4, 'min_samples_split': 5, 'n_estimators': 200, 'subsample': 1.0}",0.6727366079489545,0.6592420561924787,0.5660988283900787,0.5888263319262701,0.555046707313197,0.6083901063541959,0.04846277902223875,246
0.9397087097167969,0.021352842946493714,0.012331390380859375,0.004028374705886631,0.1,4,4,5,300,0.8,"{'learning_rate': 0.1, 'max_depth': 4, 'min_samples_leaf': 4, 'min_samples_split': 5, 'n_estimators': 300, 'subsample': 0.8}",0.6780120040156853,0.63805101756516,0.5328040828296694,0.5944173898879208,0.47414002400836464,0.58348490366136,0.07287962822291984,585
1.02862868309021,0.07262961195469846,0.009513950347900391,0.0014290780881077,0.1,4,4,5,300,0.9,"{'learning_rate': 0.1, 'max_depth': 4, 'min_samples_leaf': 4, 'min_samples_split': 5, 'n_estimators': 300, 'subsample': 0.9}",0.6815976640667221,0.6272336346361911,0.5778351796966946,0.5529441366091125,0.5325930305089546,0.5944407291035351,0.05384153646887907,436
0.9004332542419433,0.061479437581939175,0.009026098251342773,0.0008704740802909498,0.1,4,4,5,300,1.0,"{'learning_rate': 0.1, 'max_depth': 4, 'min_samples_leaf': 4, 'min_samples_split': 5, 'n_estimators': 300, 'subsample': 1.0}",0.6707726516821018,0.6499727807700076,0.5662708081308759,0.5893694992592995,0.5442180971696586,0.6041207674023887,0.04854571049556545,317
0.3255713939666748,0.014924003804214235,0.009382963180541992,0.002709871380544834,0.1,4,4,10,100,0.8,"{'learning_rate': 0.1, 'max_depth': 4, 'min_samples_leaf': 4, 'min_samples_split': 10, 'n_estimators': 100, 'subsample': 0.8}",0.6886567883407559,0.6732343859194865,0.585326354355741,0.5914133019191699,0.5260659051590193,0.6129393471388345,0.060235314423326955,172
0.28248939514160154,0.009591023427117394,0.006599855422973633,0.0007998605044470156,0.1,4,4,10,100,0.9,"{'learning_rate': 0.1, 'max_depth': 4, 'min_samples_leaf': 4, 'min_samples_split': 10, 'n_estimators': 100, 'subsample': 0.9}",0.6643051229615384,0.6585392571061692,0.6253388409514771,0.5642808167893208,0.5563701115228855,0.6137668298662782,0.045685554647685464,156
0.25475468635559084,0.012976997713739356,0.005962371826171875,0.0011331758620174608,0.1,4,4,10,100,1.0,"{'learning_rate': 0.1, 'max_depth': 4, 'min_samples_leaf': 4, 'min_samples_split': 10, 'n_estimators': 100, 'subsample': 1.0}",0.6461927677568584,0.6548395956738191,0.5687371296230721,0.5920906301661717,0.5619617862433823,0.6047643818926607,0.038767221395860856,310
0.5907107830047608,0.03601946948784197,0.010059881210327148,0.002788806293337447,0.1,4,4,10,200,0.8,"{'learning_rate': 0.1, 'max_depth': 4, 'min_samples_leaf': 4, 'min_samples_split': 10, 'n_estimators': 200, 'subsample': 0.8}",0.6771272294091804,0.6355036233935458,0.5668733321341485,0.5945233282629308,0.49053786010228106,0.5929130746604173,0.06335191293838066,460
0.6432861328125,0.027857841702324346,0.007908487319946289,0.00031168648235493365,0.1,4,4,10,200,0.9,"{'learning_rate': 0.1, 'max_depth': 4, 'min_samples_leaf': 4, 'min_samples_split': 10, 'n_estimators': 200, 'subsample': 0.9}",0.6485272929985787,0.639525607389192,0.586441234079653,0.5543795110541658,0.5257335629239003,0.5909214416890979,0.04750924861782225,486
0.5941061496734619,0.02342113240889723,0.010267925262451173,0.0026583505014145833,0.1,4,4,10,200,1.0,"{'learning_rate': 0.1, 'max_depth': 4, 'min_samples_leaf': 4, 'min_samples_split': 10, 'n_estimators': 200, 'subsample': 1.0}",0.6337662713223726,0.6393675789714705,0.5382805990374282,0.5930140746656645,0.5430185879471476,0.5894894223888167,0.04299436026266718,506
0.9084693908691406,0.019467703304985633,0.009616327285766602,0.0011613059925704107,0.1,4,4,10,300,0.8,"{'learning_rate': 0.1, 'max_depth': 4, 'min_samples_leaf': 4, 'min_samples_split': 10, 'n_estimators': 300, 'subsample': 0.8}",0.6730931177591595,0.6257123936789409,0.549977471433513,0.5933466128692906,0.4783525059198759,0.584096420332156,0.06645862707228883,578
0.9919719696044922,0.07042452815700519,0.010545635223388672,0.002171117596656221,0.1,4,4,10,300,0.9,"{'learning_rate': 0.1, 'max_depth': 4, 'min_samples_leaf': 4, 'min_samples_split': 10, 'n_estimators': 300, 'subsample': 0.9}",0.6412699829358957,0.6219335049057233,0.5828290160180463,0.5443001164572425,0.5173870971098589,0.5815439434853534,0.04626742149750836,620
1.0062499523162842,0.1303304643825273,0.009113264083862305,0.0033225684069887853,0.1,4,4,10,300,1.0,"{'learning_rate': 0.1, 'max_depth': 4, 'min_samples_leaf': 4, 'min_samples_split': 10, 'n_estimators': 300, 'subsample': 1.0}",0.6306070137440526,0.6319224736868247,0.528858832122296,0.5929199227811233,0.5283632750804743,0.5825343034829542,0.04620301821334105,605
0.33523049354553225,0.051399857574046415,0.0074428081512451175,0.0006445362307221063,0.1,5,1,2,100,0.8,"{'learning_rate': 0.1, 'max_depth': 5, 'min_samples_leaf': 1, 'min_samples_split': 2, 'n_estimators': 100, 'subsample': 0.8}",0.5369264941660852,0.6097516129935283,0.6010971754686328,0.5690895495314916,0.5958105027617974,0.5825350669843071,0.02654224292416607,604
0.2957883834838867,0.004857187221319771,0.007934856414794921,0.002851359360562376,0.1,5,1,2,100,0.9,"{'learning_rate': 0.1, 'max_depth': 5, 'min_samples_leaf': 1, 'min_samples_split': 2, 'n_estimators': 100, 'subsample': 0.9}",0.5141074786730175,0.6200169217932183,0.5862825057131507,0.5969165385209578,0.5725740056022732,0.5779794900605235,0.03550648008720567,669
0.28368635177612306,0.007252409377994307,0.009555339813232422,0.0024016363713627925,0.1,5,1,2,100,1.0,"{'learning_rate': 0.1, 'max_depth': 5, 'min_samples_leaf': 1, 'min_samples_split': 2, 'n_estimators': 100, 'subsample': 1.0}",0.4242281114794878,0.6268350832714145,0.6053378553810713,0.5859235338817812,0.6018080668382285,0.5688265301703966,0.07346681031091967,793
0.6429908275604248,0.022633588137723443,0.010555601119995118,0.0033258933149614258,0.1,5,1,2,200,0.8,"{'learning_rate': 0.1, 'max_depth': 5, 'min_samples_leaf': 1, 'min_samples_split': 2, 'n_estimators': 200, 'subsample': 0.8}",0.5251758157213922,0.5934063241833045,0.5876801911068672,0.5604869535644157,0.5737711969773378,0.5681040963106635,0.024316251317681156,797
0.6836012363433838,0.03274278549291465,0.008308649063110352,0.0011874635645640088,0.1,5,1,2,200,0.9,"{'learning_rate': 0.1, 'max_depth': 5, 'min_samples_leaf': 1, 'min_samples_split': 2, 'n_estimators': 200, 'subsample': 0.9}",0.5103671139226171,0.5972179929327859,0.5698885593003425,0.5950148991834407,0.557940059228046,0.5660857249134464,0.03159586132882444,823
0.6504110813140869,0.033389398676938895,0.010047006607055663,0.0018050831850828552,0.1,5,1,2,200,1.0,"{'learning_rate': 0.1, 'max_depth': 5, 'min_samples_leaf': 1, 'min_samples_split': 2, 'n_estimators': 200, 'subsample': 1.0}",0.4232664741946218,0.604450321859756,0.6052343874818065,0.5693673759558793,0.5968053884802427,0.5598247895944611,0.06951297557076584,880
1.025454330444336,0.059527130888950244,0.012787818908691406,0.004279571402828881,0.1,5,1,2,300,0.8,"{'learning_rate': 0.1, 'max_depth': 5, 'min_samples_leaf': 1, 'min_samples_split': 2, 'n_estimators': 300, 'subsample': 0.8}",0.5222615560616013,0.5835082678595593,0.5836754176488892,0.556748920862171,0.5724393379405517,0.5637267000745545,0.022948722780272716,845
1.0660707473754882,0.06916470320924228,0.011171579360961914,0.0025743956207184156,0.1,5,1,2,300,0.9,"{'learning_rate': 0.1, 'max_depth': 5, 'min_samples_leaf': 1, 'min_samples_split': 2, 'n_estimators': 300, 'subsample': 0.9}",0.5086975002397542,0.5891658455868245,0.5543502728070795,0.5893997773190691,0.5512904583655374,0.558580770863653,0.02981491040732787,891
0.9891458988189697,0.056323299212509816,0.010195779800415038,0.0014328884038884242,0.1,5,1,2,300,1.0,"{'learning_rate': 0.1, 'max_depth': 5, 'min_samples_leaf': 1, 'min_samples_split': 2, 'n_estimators': 300, 'subsample': 1.0}",0.4235954997916609,0.5963626699155617,0.6017821863664012,0.5639089980911216,0.5929060427368086,0.5557110793803107,0.06735027283136225,909
0.34997100830078126,0.03850760655417404,0.009105920791625977,0.0015046027764692813,0.1,5,1,5,100,0.8,"{'learning_rate': 0.1, 'max_depth': 5, 'min_samples_leaf': 1, 'min_samples_split': 5, 'n_estimators': 100, 'subsample': 0.8}",0.5341510242060661,0.6112130843675895,0.6264183321851005,0.5944369072396136,0.5851177127851778,0.5902674121567095,0.03142789618398082,498
0.3181930065155029,0.025312101599714407,0.007634258270263672,0.0007303440745474364,0.1,5,1,5,100,0.9,"{'learning_rate': 0.1, 'max_depth': 5, 'min_samples_leaf': 1, 'min_samples_split': 5, 'n_estimators': 100, 'subsample': 0.9}",0.5293443050042265,0.6131345861647304,0.6207347758447695,0.5988491386363489,0.6102384841172048,0.594460257953456,0.0333088061856702,435
0.2748865604400635,0.007119151224273406,0.007523441314697265,0.001848270277320325,0.1,5,1,5,100,1.0,"{'learning_rate': 0.1, 'max_depth': 5, 'min_samples_leaf': 1, 'min_samples_split': 5, 'n_estimators': 100, 'subsample': 1.0}",0.48397638314393854,0.5823733850452018,0.6142141441708888,0.5744540984835788,0.6225466642938102,0.5755129350274837,0.04926881877589711,708
0.652577018737793,0.03717340248216301,0.009506845474243164,0.0022986449438768255,0.1,5,1,5,200,0.8,"{'learning_rate': 0.1, 'max_depth': 5, 'min_samples_leaf': 1, 'min_samples_split': 5, 'n_estimators': 200, 'subsample': 0.8}",0.5305070376833185,0.5831429572774196,0.6118984547409368,0.5919321128376658,0.5733827156439736,0.5781726556366629,0.02700522448007398,665
0.7250038623809815,0.03440552942344908,0.009397268295288086,0.0018217057423372733,0.1,5,1,5,200,0.9,"{'learning_rate': 0.1, 'max_depth': 5, 'min_samples_leaf': 1, 'min_samples_split': 5, 'n_estimators': 200, 'subsample': 0.9}",0.5179277513832989,0.5805263021970455,0.5994870799568657,0.5919602130084901,0.5945090458534785,0.5768820784798357,0.03012619876897422,691
0.6322870254516602,0.028126487465282235,0.008038854598999024,0.0003714544506793322,0.1,5,1,5,200,1.0,"{'learning_rate': 0.1, 'max_depth': 5, 'min_samples_leaf': 1, 'min_samples_split': 5, 'n_estimators': 200, 'subsample': 1.0}",0.48123866979420216,0.5561631638769085,0.5851907312253156,0.5629975652349877,0.6159695786860249,0.5603119417634878,0.04470734611716149,879
0.9778621196746826,0.02548226790408639,0.010521030426025391,0.003250788002143563,0.1,5,1,5,300,0.8,"{'learning_rate': 0.1, 'max_depth': 5, 'min_samples_leaf': 1, 'min_samples_split': 5, 'n_estimators': 300, 'subsample': 0.8}",0.5277141688858079,0.5668080995061271,0.6005095935610322,0.5846321882348475,0.5656451820667417,0.5690618464509112,0.024321923247982002,786
1.094469928741455,0.07769833901569949,0.013568925857543945,0.007206921663581754,0.1,5,1,5,300,0.9,"{'learning_rate': 0.1, 'max_depth': 5, 'min_samples_leaf': 1, 'min_samples_split': 5, 'n_estimators': 300, 'subsample': 0.9}",0.5106023554905221,0.5679101752258386,0.5869420804349579,0.5860590772958734,0.587897777679987,0.5678822932254357,0.029581354363475268,798
1.0171987533569335,0.10558767339956067,0.010080194473266602,0.003993291571541773,0.1,5,1,5,300,1.0,"{'learning_rate': 0.1, 'max_depth': 5, 'min_samples_leaf': 1, 'min_samples_split': 5, 'n_estimators': 300, 'subsample': 1.0}",0.4783633476473318,0.5397192974940475,0.5775808675387999,0.5580539667406587,0.6115761536377302,0.5530587266117136,0.04428976652265562,931
0.3443759918212891,0.0378835457299342,0.008327674865722657,0.0025321079509929914,0.1,5,1,10,100,0.8,"{'learning_rate': 0.1, 'max_depth': 5, 'min_samples_leaf': 1, 'min_samples_split': 10, 'n_estimators': 100, 'subsample': 0.8}",0.5814638422595753,0.6106980084881654,0.5698867276448998,0.5586349197277019,0.595620596110484,0.5832608188461652,0.018407030272044995,587
0.29080963134765625,0.0055935887309294195,0.00649571418762207,0.001096381434094665,0.1,5,1,10,100,0.9,"{'learning_rate': 0.1, 'max_depth': 5, 'min_samples_leaf': 1, 'min_samples_split': 10, 'n_estimators': 100, 'subsample': 0.9}",0.6095779451628256,0.6446555671034098,0.5880126111897659,0.614758525510118,0.5892173198809777,0.6092443937694194,0.020670463866679506,236
0.2617696762084961,0.007604866057527168,0.00697636604309082,0.0005075417394475785,0.1,5,1,10,100,1.0,"{'learning_rate': 0.1, 'max_depth': 5, 'min_samples_leaf': 1, 'min_samples_split': 10, 'n_estimators': 100, 'subsample': 1.0}",0.5032810015767392,0.5871010284212916,0.5692312206157746,0.595769957872949,0.5779197089111181,0.5666605834795744,0.032910530077579936,814
0.6195948123931885,0.0254243971662074,0.010086536407470703,0.001340756260903594,0.1,5,1,10,200,0.8,"{'learning_rate': 0.1, 'max_depth': 5, 'min_samples_leaf': 1, 'min_samples_split': 10, 'n_estimators': 200, 'subsample': 0.8}",0.5707359228613216,0.571164180636708,0.5577687732538951,0.5427184547754083,0.572479699005459,0.5629734061065583,0.0114461025245251,851
0.7254246234893799,0.06291389267112477,0.010036563873291016,0.0018045347735422546,0.1,5,1,10,200,0.9,"{'learning_rate': 0.1, 'max_depth': 5, 'min_samples_leaf': 1, 'min_samples_split': 10, 'n_estimators': 200, 'subsample': 0.9}",0.6015409009023507,0.5967935658744407,0.5650556086249482,0.606835722824063,0.5695376226029568,0.5879526841657519,0.017220688331898264,532
0.6295335292816162,0.020665920218181182,0.010245180130004883,0.0023430508420831282,0.1,5,1,10,200,1.0,"{'learning_rate': 0.1, 'max_depth': 5, 'min_samples_leaf': 1, 'min_samples_split': 10, 'n_estimators': 200, 'subsample': 1.0}",0.4981854285896925,0.5535758735048915,0.5442507280151353,0.5897907722257651,0.5674581597165739,0.5506521924104116,0.03038603932869147,949
0.9797576427459717,0.04661634784381869,0.009515714645385743,0.0010323086656620654,0.1,5,1,10,300,0.8,"{'learning_rate': 0.1, 'max_depth': 5, 'min_samples_leaf': 1, 'min_samples_split': 10, 'n_estimators': 300, 'subsample': 0.8}",0.5677773827976298,0.5577439460170024,0.5440293666747618,0.5357920622193245,0.5650090672557231,0.5540703649928883,0.012295940316558694,924
1.0403483390808106,0.09054503745668621,0.009137582778930665,0.0006039621666974566,0.1,5,1,10,300,0.9,"{'learning_rate': 0.1, 'max_depth': 5, 'min_samples_leaf': 1, 'min_samples_split': 10, 'n_estimators': 300, 'subsample': 0.9}",0.5965705781190977,0.5820687383773657,0.5529478256427278,0.5971290793429342,0.5621916939556186,0.5781815830875489,0.017914752569325686,664
1.0286924839019775,0.12496995806030395,0.013470268249511719,0.0036013004712527816,0.1,5,1,10,300,1.0,"{'learning_rate': 0.1, 'max_depth': 5, 'min_samples_leaf': 1, 'min_samples_split': 10, 'n_estimators': 300, 'subsample': 1.0}",0.4984663031687383,0.5364036974545829,0.5478328161829084,0.5903931911005444,0.5635860915049915,0.5473364198823532,0.030417088986789832,982
0.35839309692382815,0.022669801768100732,0.009924507141113282,0.0026400627981487583,0.1,5,2,2,100,0.8,"{'learning_rate': 0.1, 'max_depth': 5, 'min_samples_leaf': 2, 'min_samples_split': 2, 'n_estimators': 100, 'subsample': 0.8}",0.6414323229126181,0.629919147160652,0.5956184926793091,0.5977194267653965,0.5608398690280333,0.6051058517092018,0.028423084346339538,301
0.3114339351654053,0.006511878344021069,0.00816359519958496,0.0014098190482295615,0.1,5,2,2,100,0.9,"{'learning_rate': 0.1, 'max_depth': 5, 'min_samples_leaf': 2, 'min_samples_split': 2, 'n_estimators': 100, 'subsample': 0.9}",0.5471564083354068,0.6633187832366958,0.6112449186581784,0.5921212321639187,0.5523887051713283,0.5932460095131056,0.042494682318170704,453
0.2791328430175781,0.007591187905791263,0.007997083663940429,0.002275667999045191,0.1,5,2,2,100,1.0,"{'learning_rate': 0.1, 'max_depth': 5, 'min_samples_leaf': 2, 'min_samples_split': 2, 'n_estimators': 100, 'subsample': 1.0}",0.4766776301600286,0.606746267881986,0.5967352312049838,0.6156002531302622,0.5476054255392723,0.5686729615833066,0.05166472761838814,795
0.6904316425323487,0.094347790339633,0.013077878952026367,0.006806082060180989,0.1,5,2,2,200,0.8,"{'learning_rate': 0.1, 'max_depth': 5, 'min_samples_leaf': 2, 'min_samples_split': 2, 'n_estimators': 200, 'subsample': 0.8}",0.6406484221187667,0.6050068694803776,0.5788026878414534,0.592546108400082,0.5407077789447121,0.5915423733570784,0.03268075807255092,479
0.776437520980835,0.06234891683917529,0.010153913497924804,0.003542438674058241,0.1,5,2,2,200,0.9,"{'learning_rate': 0.1, 'max_depth': 5, 'min_samples_leaf': 2, 'min_samples_split': 2, 'n_estimators': 200, 'subsample': 0.9}",0.5371020162533428,0.6348705376934448,0.5994535456753688,0.5857747081349591,0.5293933461676721,0.5773188307849575,0.039466164444978566,676
0.6783161640167237,0.06217560866984197,0.011251258850097656,0.0036638051269293186,0.1,5,2,2,200,1.0,"{'learning_rate': 0.1, 'max_depth': 5, 'min_samples_leaf': 2, 'min_samples_split': 2, 'n_estimators': 200, 'subsample': 1.0}",0.4779982124899811,0.5733070469220553,0.5821946754527085,0.6106429171308492,0.5259388564637546,0.5540163416918698,0.046775677422890675,925
1.0355011463165282,0.06428108924150772,0.01004343032836914,0.0009634891240837077,0.1,5,2,2,300,0.8,"{'learning_rate': 0.1, 'max_depth': 5, 'min_samples_leaf': 2, 'min_samples_split': 2, 'n_estimators': 300, 'subsample': 0.8}",0.6395900955375999,0.5944950236599993,0.5644387802468335,0.5878094942739938,0.5337778587404447,0.5840222504917743,0.034985193455607765,580
1.119340181350708,0.09142793186082156,0.012170839309692382,0.0035689479124669586,0.1,5,2,2,300,0.9,"{'learning_rate': 0.1, 'max_depth': 5, 'min_samples_leaf': 2, 'min_samples_split': 2, 'n_estimators': 300, 'subsample': 0.9}",0.5355888416239015,0.6231666293094109,0.5905334402262115,0.5806304816912251,0.5232841766783043,0.5706407139058107,0.03667632254874665,768
0.9914246082305909,0.07936411975301938,0.01024942398071289,0.001956756694316229,0.1,5,2,2,300,1.0,"{'learning_rate': 0.1, 'max_depth': 5, 'min_samples_leaf': 2, 'min_samples_split': 2, 'n_estimators': 300, 'subsample': 1.0}",0.4758792435191306,0.563714347151162,0.5758593735533599,0.6121309767721186,0.5189883678866885,0.5493144617764919,0.04726585839136026,959
0.34365644454956057,0.02272774027231083,0.008068656921386719,0.000886973097275161,0.1,5,2,5,100,0.8,"{'learning_rate': 0.1, 'max_depth': 5, 'min_samples_leaf': 2, 'min_samples_split': 5, 'n_estimators': 100, 'subsample': 0.8}",0.6321265848498705,0.6288269481058795,0.6054170005713172,0.5926183798679343,0.5384877836236923,0.5994953394037388,0.03385091418002582,365
0.3517927169799805,0.03823531192947934,0.007721519470214844,0.001487741077529488,0.1,5,2,5,100,0.9,"{'learning_rate': 0.1, 'max_depth': 5, 'min_samples_leaf': 2, 'min_samples_split': 5, 'n_estimators': 100, 'subsample': 0.9}",0.5597739603120626,0.6367511233609646,0.6025617448153564,0.5951504364490232,0.5701639653608573,0.5928802460596528,0.026965142768155325,461
0.26618423461914065,0.007780213640898067,0.008101129531860351,0.0028045372203016833,0.1,5,2,5,100,1.0,"{'learning_rate': 0.1, 'max_depth': 5, 'min_samples_leaf': 2, 'min_samples_split': 5, 'n_estimators': 100, 'subsample': 1.0}",0.4940729015315507,0.5622288495232239,0.5974229138092517,0.6169901583689164,0.5533868298881257,0.5648203306242138,0.042254606361554384,835
0.6439253807067871,0.06249099251418625,0.010061073303222656,0.0027699326557344152,0.1,5,2,5,200,0.8,"{'learning_rate': 0.1, 'max_depth': 5, 'min_samples_leaf': 2, 'min_samples_split': 5, 'n_estimators': 200, 'subsample': 0.8}",0.630989085225783,0.6012237012375831,0.5731092049122488,0.5741550187435848,0.5146516731719726,0.5788257366582344,0.038459039292361906,656
0.6930123329162597,0.041643961108616546,0.009630250930786132,0.0017025443282597378,0.1,5,2,5,200,0.9,"{'learning_rate': 0.1, 'max_depth': 5, 'min_samples_leaf': 2, 'min_samples_split': 5, 'n_estimators': 200, 'subsample': 0.9}",0.5476315519126431,0.6050241272669569,0.5905691938978567,0.5858743007553611,0.5563013234456045,0.5770800994556844,0.021629317236371945,685
0.6472420215606689,0.022374967751742775,0.011269330978393555,0.0011931382459641792,0.1,5,2,5,200,1.0,"{'learning_rate': 0.1, 'max_depth': 5, 'min_samples_leaf': 2, 'min_samples_split': 5, 'n_estimators': 200, 'subsample': 1.0}",0.5004515312365541,0.5437671339026138,0.5797532336736126,0.6124521759815953,0.533068778132671,0.5538985705854093,0.03870426484597401,926
1.0401199817657472,0.08733852388478468,0.010634088516235351,0.002400011650790269,0.1,5,2,5,300,0.8,"{'learning_rate': 0.1, 'max_depth': 5, 'min_samples_leaf': 2, 'min_samples_split': 5, 'n_estimators': 300, 'subsample': 0.8}",0.6300591151284003,0.5872953416680101,0.5592183102895836,0.5725794027350761,0.5048828884962595,0.5708070116634659,0.04065982335516668,767
1.0327958106994628,0.06837573928593486,0.009326744079589843,0.0012451466059890852,0.1,5,2,5,300,0.9,"{'learning_rate': 0.1, 'max_depth': 5, 'min_samples_leaf': 2, 'min_samples_split': 5, 'n_estimators': 300, 'subsample': 0.9}",0.5451822885250577,0.5923735326864319,0.57898510675197,0.5783304080578235,0.5498297401790921,0.5689402152400751,0.01826387293010194,789
0.9770094394683838,0.08040793028256438,0.010809183120727539,0.0012828494971430745,0.1,5,2,5,300,1.0,"{'learning_rate': 0.1, 'max_depth': 5, 'min_samples_leaf': 2, 'min_samples_split': 5, 'n_estimators': 300, 'subsample': 1.0}",0.5020845491259137,0.5328118539660907,0.5703389875158386,0.6111245965690966,0.5323192851206828,0.5497358544595244,0.03755921279730224,957
0.3277245044708252,0.012466730483310866,0.010108757019042968,0.0034253403394316037,0.1,5,2,10,100,0.8,"{'learning_rate': 0.1, 'max_depth': 5, 'min_samples_leaf': 2, 'min_samples_split': 10, 'n_estimators': 100, 'subsample': 0.8}",0.6557711959087769,0.6405855848059834,0.5769973412554554,0.5909036635025454,0.5316885756329418,0.5991892722211405,0.04479429860044909,372
0.30596413612365725,0.00491087124005974,0.006779384613037109,0.00017512816946823828,0.1,5,2,10,100,0.9,"{'learning_rate': 0.1, 'max_depth': 5, 'min_samples_leaf': 2, 'min_samples_split': 10, 'n_estimators': 100, 'subsample': 0.9}",0.5778115667585992,0.6341590712358991,0.5559989985827829,0.5876154404247027,0.5715057146100205,0.585418158322401,0.026447714174696168,563
0.30332436561584475,0.01703563366867566,0.008733367919921875,0.0020410369616223416,0.1,5,2,10,100,1.0,"{'learning_rate': 0.1, 'max_depth': 5, 'min_samples_leaf': 2, 'min_samples_split': 10, 'n_estimators': 100, 'subsample': 1.0}",0.5020039234408802,0.5837983216727038,0.5779587365423675,0.6388781096682119,0.5626098584366944,0.5730497899521716,0.04388508558906544,740
0.6892417430877685,0.0668737629455421,0.010130882263183594,0.002589459211142573,0.1,5,2,10,200,0.8,"{'learning_rate': 0.1, 'max_depth': 5, 'min_samples_leaf': 2, 'min_samples_split': 10, 'n_estimators': 200, 'subsample': 0.8}",0.6476674268485788,0.6016911904991908,0.5425619702144989,0.5807117811724751,0.5080592773596142,0.5761383292188716,0.04806746545460728,700
0.7611964702606201,0.0915600126334554,0.010819768905639649,0.003465223838945323,0.1,5,2,10,200,0.9,"{'learning_rate': 0.1, 'max_depth': 5, 'min_samples_leaf': 2, 'min_samples_split': 10, 'n_estimators': 200, 'subsample': 0.9}",0.5523197320486568,0.6086508002752873,0.52669539648148,0.5801721787761909,0.5615105084784238,0.5658697232120078,0.027466392840233753,824
0.756275749206543,0.08339169581677472,0.010400915145874023,0.0035760371241049266,0.1,5,2,10,200,1.0,"{'learning_rate': 0.1, 'max_depth': 5, 'min_samples_leaf': 2, 'min_samples_split': 10, 'n_estimators': 200, 'subsample': 1.0}",0.4894105329790862,0.5589558508548027,0.5437877741761796,0.6247867492957537,0.5489104499719716,0.5531702714555587,0.04320619032517876,930
1.0853181838989259,0.11676232895596533,0.011823272705078125,0.0016345756931548936,0.1,5,2,10,300,0.8,"{'learning_rate': 0.1, 'max_depth': 5, 'min_samples_leaf': 2, 'min_samples_split': 10, 'n_estimators': 300, 'subsample': 0.8}",0.6366080279196951,0.5847469710496315,0.5264598243037413,0.57348867053582,0.49927447427140426,0.5641155936160585,0.047730470471989944,841
1.0446090221405029,0.12797155144376351,0.01055769920349121,0.0012569576582364486,0.1,5,2,10,300,0.9,"{'learning_rate': 0.1, 'max_depth': 5, 'min_samples_leaf': 2, 'min_samples_split': 10, 'n_estimators': 300, 'subsample': 0.9}",0.5494302046156212,0.5969167726489266,0.515161639359007,0.5736868942549465,0.5603761624293314,0.5591143346615666,0.02708725833048717,889
0.9782062530517578,0.060824245347378646,0.008488655090332031,0.0004534960538893054,0.1,5,2,10,300,1.0,"{'learning_rate': 0.1, 'max_depth': 5, 'min_samples_leaf': 2, 'min_samples_split': 10, 'n_estimators': 300, 'subsample': 1.0}",0.4878151109470681,0.5518117529212528,0.5286732515928126,0.6234189370153771,0.5481066140083904,0.5479651332969804,0.044041559652860676,976
0.35030832290649416,0.03699679582252736,0.008523130416870117,0.0011466023034167718,0.1,5,4,2,100,0.8,"{'learning_rate': 0.1, 'max_depth': 5, 'min_samples_leaf': 4, 'min_samples_split': 2, 'n_estimators': 100, 'subsample': 0.8}",0.6743158533810409,0.642101902744671,0.5601455961247372,0.5944615226254406,0.5169104206560953,0.597587059106397,0.056194717358702156,398
0.31843271255493166,0.00769465777575539,0.010137557983398438,0.0030493540274830542,0.1,5,4,2,100,0.9,"{'learning_rate': 0.1, 'max_depth': 5, 'min_samples_leaf': 4, 'min_samples_split': 2, 'n_estimators': 100, 'subsample': 0.9}",0.6621270553664091,0.6696615409282984,0.5962488604296103,0.585517322680701,0.5384996456341009,0.6104108850078239,0.049349126106381744,213
0.29323773384094237,0.012704179356810699,0.008736562728881837,0.002128103399505929,0.1,5,4,2,100,1.0,"{'learning_rate': 0.1, 'max_depth': 5, 'min_samples_leaf': 4, 'min_samples_split': 2, 'n_estimators': 100, 'subsample': 1.0}",0.6829745253004331,0.6601623838794715,0.6347129671367828,0.6036161249845877,0.5119679759264797,0.6186867954455509,0.059541592811409014,74
0.7157158374786377,0.09091984922650992,0.012751579284667969,0.004772383663786051,0.1,5,4,2,200,0.8,"{'learning_rate': 0.1, 'max_depth': 5, 'min_samples_leaf': 4, 'min_samples_split': 2, 'n_estimators': 200, 'subsample': 0.8}",0.6676306305227117,0.6066934663327929,0.5521197186743145,0.5968892141380082,0.4861491363921906,0.5818964332120036,0.06040567274182203,613
0.7796105861663818,0.05624664761601536,0.009935665130615234,0.002113679709807774,0.1,5,4,2,200,0.9,"{'learning_rate': 0.1, 'max_depth': 5, 'min_samples_leaf': 4, 'min_samples_split': 2, 'n_estimators': 200, 'subsample': 0.9}",0.6527351386349891,0.63351157514584,0.5588357130901145,0.5782225408139915,0.5244090523937097,0.589542804015729,0.04741308549705259,504
0.6857587814331054,0.06447579412652478,0.010861825942993165,0.003641622795416971,0.1,5,4,2,200,1.0,"{'learning_rate': 0.1, 'max_depth': 5, 'min_samples_leaf': 4, 'min_samples_split': 2, 'n_estimators': 200, 'subsample': 1.0}",0.6702741063596132,0.6484679811033514,0.6177817528369286,0.5948647241561913,0.5066589938314039,0.6076095116574975,0.05666246924210169,260
1.0545093059539794,0.09726898288638333,0.011255168914794922,0.002627147526443445,0.1,5,4,2,300,0.8,"{'learning_rate': 0.1, 'max_depth': 5, 'min_samples_leaf': 4, 'min_samples_split': 2, 'n_estimators': 300, 'subsample': 0.8}",0.6580164080560937,0.5897432782028191,0.5368477016210755,0.5843607298150149,0.4798631253444464,0.5697662486078899,0.05927288341901416,776
1.0372708797454835,0.07076261186303763,0.009342336654663086,0.0007452196495302422,0.1,5,4,2,300,0.9,"{'learning_rate': 0.1, 'max_depth': 5, 'min_samples_leaf': 4, 'min_samples_split': 2, 'n_estimators': 300, 'subsample': 0.9}",0.6455386219554121,0.6205988063223098,0.5358725524713638,0.5666015182805821,0.5171659147495725,0.577155482755848,0.04894484826390938,682
1.0017786502838135,0.05711042758562642,0.009426164627075195,0.0014406689938453573,0.1,5,4,2,300,1.0,"{'learning_rate': 0.1, 'max_depth': 5, 'min_samples_leaf': 4, 'min_samples_split': 2, 'n_estimators': 300, 'subsample': 1.0}",0.6687138176905356,0.6399227506369376,0.6131148036739918,0.5822507096347167,0.49835011470691093,0.6004704392686186,0.0585389490142702,356
0.3510598182678223,0.035161482262245906,0.008646917343139649,0.0014534724600898505,0.1,5,4,5,100,0.8,"{'learning_rate': 0.1, 'max_depth': 5, 'min_samples_leaf': 4, 'min_samples_split': 5, 'n_estimators': 100, 'subsample': 0.8}",0.6743158533810409,0.642101902744671,0.5601455961247372,0.5944615226254406,0.5169104206560953,0.597587059106397,0.056194717358702156,398
0.35476460456848147,0.010839856401716133,0.008871173858642578,0.0015988757958511192,0.1,5,4,5,100,0.9,"{'learning_rate': 0.1, 'max_depth': 5, 'min_samples_leaf': 4, 'min_samples_split': 5, 'n_estimators': 100, 'subsample': 0.9}",0.6621270553664091,0.6696615409282984,0.5962488604296103,0.585517322680701,0.5384996456341009,0.6104108850078239,0.049349126106381744,213
0.30013384819030764,0.010920132164087376,0.007352352142333984,0.0009275290863406132,0.1,5,4,5,100,1.0,"{'learning_rate': 0.1, 'max_depth': 5, 'min_samples_leaf': 4, 'min_samples_split': 5, 'n_estimators': 100, 'subsample': 1.0}",0.6829745253004331,0.6601623838794715,0.6347129671367828,0.6036161249845877,0.5119679759264797,0.6186867954455509,0.059541592811409014,74
0.6803382396697998,0.08420922647901657,0.009238386154174804,0.0008158629794585973,0.1,5,4,5,200,0.8,"{'learning_rate': 0.1, 'max_depth': 5, 'min_samples_leaf': 4, 'min_samples_split': 5, 'n_estimators': 200, 'subsample': 0.8}",0.6676306305227117,0.6066934663327929,0.5521197186743145,0.5968892141380082,0.4861491363921906,0.5818964332120036,0.06040567274182203,613
0.7114860057830811,0.0403222878571727,0.010712385177612305,0.002717221842580433,0.1,5,4,5,200,0.9,"{'learning_rate': 0.1, 'max_depth': 5, 'min_samples_leaf': 4, 'min_samples_split': 5, 'n_estimators': 200, 'subsample': 0.9}",0.6527351386349891,0.63351157514584,0.5588357130901145,0.5782225408139915,0.5244090523937097,0.589542804015729,0.04741308549705259,504
0.7134167671203613,0.04423612971373036,0.010842132568359374,0.002381786228011919,0.1,5,4,5,200,1.0,"{'learning_rate': 0.1, 'max_depth': 5, 'min_samples_leaf': 4, 'min_samples_split': 5, 'n_estimators': 200, 'subsample': 1.0}",0.6702741063596132,0.6484679811033514,0.6177817528369286,0.5948647241561913,0.5066589938314039,0.6076095116574975,0.05666246924210169,260
1.0861073017120362,0.1320885538426478,0.011730432510375977,0.0017258237561087028,0.1,5,4,5,300,0.8,"{'learning_rate': 0.1, 'max_depth': 5, 'min_samples_leaf': 4, 'min_samples_split': 5, 'n_estimators': 300, 'subsample': 0.8}",0.6580164080560937,0.5897432782028191,0.5368477016210755,0.5843607298150149,0.4798631253444464,0.5697662486078899,0.05927288341901416,776
1.1457459926605225,0.1173564905796442,0.010075902938842774,0.0017782837272525861,0.1,5,4,5,300,0.9,"{'learning_rate': 0.1, 'max_depth': 5, 'min_samples_leaf': 4, 'min_samples_split': 5, 'n_estimators': 300, 'subsample': 0.9}",0.6455386219554121,0.6205988063223098,0.5358725524713638,0.5666015182805821,0.5171659147495725,0.577155482755848,0.04894484826390938,682
1.2047683715820312,0.1528489113465247,0.02203478813171387,0.02346332727636023,0.1,5,4,5,300,1.0,"{'learning_rate': 0.1, 'max_depth': 5, 'min_samples_leaf': 4, 'min_samples_split': 5, 'n_estimators': 300, 'subsample': 1.0}",0.6687138176905356,0.6399227506369376,0.6131148036739918,0.5822507096347167,0.49835011470691093,0.6004704392686186,0.0585389490142702,356
0.4979677677154541,0.11889169602597535,0.011177396774291993,0.0015809036634449533,0.1,5,4,10,100,0.8,"{'learning_rate': 0.1, 'max_depth': 5, 'min_samples_leaf': 4, 'min_samples_split': 10, 'n_estimators': 100, 'subsample': 0.8}",0.671726267522683,0.6468893424273826,0.5649695076224401,0.6090531138921715,0.536784920231971,0.6058846303393296,0.049950703883513435,292
0.3908220767974854,0.023653876715182206,0.008719348907470703,0.0008206114052998973,0.1,5,4,10,100,0.9,"{'learning_rate': 0.1, 'max_depth': 5, 'min_samples_leaf': 4, 'min_samples_split': 10, 'n_estimators': 100, 'subsample': 0.9}",0.662470505106905,0.6309486417398491,0.5942177966652311,0.597067967420266,0.5519071262038462,0.6073224074272195,0.03727532530140652,268
0.4817366600036621,0.07858642255959195,0.02183070182800293,0.018264202297032822,0.1,5,4,10,100,1.0,"{'learning_rate': 0.1, 'max_depth': 5, 'min_samples_leaf': 4, 'min_samples_split': 10, 'n_estimators': 100, 'subsample': 1.0}",0.66130817031617,0.6919745404073647,0.6315740277656781,0.6020305473801657,0.5303154405364104,0.6234405452811578,0.05536730478345119,37
0.7163633346557617,0.00678890495353774,0.012877988815307616,0.004910967593724311,0.1,5,4,10,200,0.8,"{'learning_rate': 0.1, 'max_depth': 5, 'min_samples_leaf': 4, 'min_samples_split': 10, 'n_estimators': 200, 'subsample': 0.8}",0.6560364632685934,0.6051545000733367,0.5404713224447257,0.6121453590895063,0.5068285046597112,0.5841272299071747,0.053439743033435946,576
0.7179501056671143,0.0442147463283968,0.008095550537109374,0.0008097848821224404,0.1,5,4,10,200,0.9,"{'learning_rate': 0.1, 'max_depth': 5, 'min_samples_leaf': 4, 'min_samples_split': 10, 'n_estimators': 200, 'subsample': 0.9}",0.6399160411639717,0.600620948594806,0.5828115755470964,0.5893114267464701,0.533438346330877,0.5892196676766442,0.03421327042797535,512
0.6110627174377441,0.023120990317790458,0.008124876022338866,0.0007465126471716929,0.1,5,4,10,200,1.0,"{'learning_rate': 0.1, 'max_depth': 5, 'min_samples_leaf': 4, 'min_samples_split': 10, 'n_estimators': 200, 'subsample': 1.0}",0.6546321024852702,0.6723765478231185,0.5957545787424366,0.6042031195701177,0.5306446173989837,0.6115221932039854,0.04980980932931106,194
1.0480676651000977,0.11304731754225457,0.010438251495361327,0.0012838876780863313,0.1,5,4,10,300,0.8,"{'learning_rate': 0.1, 'max_depth': 5, 'min_samples_leaf': 4, 'min_samples_split': 10, 'n_estimators': 300, 'subsample': 0.8}",0.6497378108884695,0.5823414123662536,0.5314055850676195,0.6040865936554776,0.49719118277920005,0.572952516951404,0.05370175185007628,741
1.0742210865020752,0.12418527443179841,0.010261297225952148,0.002388154746022968,0.1,5,4,10,300,0.9,"{'learning_rate': 0.1, 'max_depth': 5, 'min_samples_leaf': 4, 'min_samples_split': 10, 'n_estimators': 300, 'subsample': 0.9}",0.6324014719403542,0.5887736349951906,0.5557148745819733,0.5830346531736483,0.5330397838486539,0.5785928837079641,0.033517844168987856,658
1.0142494678497314,0.05350714019625546,0.01223440170288086,0.003923926080389548,0.1,5,4,10,300,1.0,"{'learning_rate': 0.1, 'max_depth': 5, 'min_samples_leaf': 4, 'min_samples_split': 10, 'n_estimators': 300, 'subsample': 1.0}",0.6541221445739183,0.6623600252144728,0.579576662275693,0.5958227660257354,0.5229371776638458,0.6029637551507332,0.05127826176646946,327
0.31673569679260255,0.022074135576173635,0.007511329650878906,0.0009236062178255211,0.2,2,1,2,100,0.8,"{'learning_rate': 0.2, 'max_depth': 2, 'min_samples_leaf': 1, 'min_samples_split': 2, 'n_estimators': 100, 'subsample': 0.8}",0.593673842378642,0.6019240062560081,0.5761157505286565,0.5759805335641316,0.5186069894676538,0.5732602244390184,0.029123387128755725,736
0.28603830337524416,0.02057155108403636,0.008518218994140625,0.0025669120204511644,0.2,2,1,2,100,0.9,"{'learning_rate': 0.2, 'max_depth': 2, 'min_samples_leaf': 1, 'min_samples_split': 2, 'n_estimators': 100, 'subsample': 0.9}",0.6059731874911017,0.5490412586161041,0.5473406416560034,0.5803783115557246,0.5340239915778315,0.5633514781793532,0.026183024653275527,847
0.2551450729370117,0.006183760192987416,0.00833425521850586,0.0009763540896786675,0.2,2,1,2,100,1.0,"{'learning_rate': 0.2, 'max_depth': 2, 'min_samples_leaf': 1, 'min_samples_split': 2, 'n_estimators': 100, 'subsample': 1.0}",0.6132324494342518,0.6317988826979402,0.511822878037218,0.5816447990895999,0.5130433313558964,0.5703084681229813,0.0499037309078754,772
0.614013957977295,0.03436526382804924,0.00835719108581543,0.0009827224047212913,0.2,2,1,2,200,0.8,"{'learning_rate': 0.2, 'max_depth': 2, 'min_samples_leaf': 1, 'min_samples_split': 2, 'n_estimators': 200, 'subsample': 0.8}",0.5582148142278629,0.5420632201008037,0.5641531161185005,0.5502868625932495,0.4642087360467295,0.5357853498174292,0.03655332599261845,1055
0.5980500698089599,0.06868615091436792,0.009166097640991211,0.001548674373952138,0.2,2,1,2,200,0.9,"{'learning_rate': 0.2, 'max_depth': 2, 'min_samples_leaf': 1, 'min_samples_split': 2, 'n_estimators': 200, 'subsample': 0.9}",0.5792612292075283,0.47980025345894883,0.5258748904663324,0.5610035703372958,0.5056453840521309,0.5303170655044472,0.036104198712738296,1104
0.48314614295959474,0.008250748197414372,0.008923530578613281,0.0032180362149943752,0.2,2,1,2,200,1.0,"{'learning_rate': 0.2, 'max_depth': 2, 'min_samples_leaf': 1, 'min_samples_split': 2, 'n_estimators': 200, 'subsample': 1.0}",0.5681348906036838,0.5909791678345119,0.4943504794046807,0.5540428805951882,0.4895668196011679,0.5394148476078465,0.04052979772193469,1036
0.8859789371490479,0.05249425348686533,0.009615468978881835,0.0015695551965997296,0.2,2,1,2,300,0.8,"{'learning_rate': 0.2, 'max_depth': 2, 'min_samples_leaf': 1, 'min_samples_split': 2, 'n_estimators': 300, 'subsample': 0.8}",0.5420557433374873,0.48905751227857786,0.5076392922701778,0.5508192641692125,0.43764481321850013,0.5054433250547911,0.04066792436942568,1204
0.8634553909301758,0.05732141836457874,0.01022796630859375,0.0008967299923803816,0.2,2,1,2,300,0.9,"{'learning_rate': 0.2, 'max_depth': 2, 'min_samples_leaf': 1, 'min_samples_split': 2, 'n_estimators': 300, 'subsample': 0.9}",0.5605164779499234,0.43818383326366905,0.4892482422290776,0.5496976180943012,0.4757861978757788,0.5026864738825501,0.0460850488044699,1210
0.8371988296508789,0.08826718111602244,0.00935349464416504,0.0021700955600058624,0.2,2,1,2,300,1.0,"{'learning_rate': 0.2, 'max_depth': 2, 'min_samples_leaf': 1, 'min_samples_split': 2, 'n_estimators': 300, 'subsample': 1.0}",0.5353422860608373,0.5570745820183118,0.4714986219961884,0.5358033897437112,0.4610963579571329,0.5121630475552362,0.03840466403152653,1184
0.3205214023590088,0.059065203317872586,0.008337020874023438,0.0027652576300080636,0.2,2,1,5,100,0.8,"{'learning_rate': 0.2, 'max_depth': 2, 'min_samples_leaf': 1, 'min_samples_split': 5, 'n_estimators': 100, 'subsample': 0.8}",0.6130391070723441,0.5772324766736805,0.5865026039348068,0.5857865395191202,0.5218304352186041,0.5768782324837112,0.030033250852237365,692
0.23741893768310546,0.004329526275637183,0.006238222122192383,0.0009674229220115887,0.2,2,1,5,100,0.9,"{'learning_rate': 0.2, 'max_depth': 2, 'min_samples_leaf': 1, 'min_samples_split': 5, 'n_estimators': 100, 'subsample': 0.9}",0.6234369790829466,0.5337497704113757,0.5534669816393272,0.5834426828371131,0.5429799903308126,0.567415280860315,0.03261997349502453,803
0.21591539382934571,0.006475521291246225,0.007645130157470703,0.002176281796745027,0.2,2,1,5,100,1.0,"{'learning_rate': 0.2, 'max_depth': 2, 'min_samples_leaf': 1, 'min_samples_split': 5, 'n_estimators': 100, 'subsample': 1.0}",0.6253904276386665,0.6190713904093454,0.5172119619966413,0.584294644850069,0.5123459218498579,0.5716628693489161,0.048532837776745046,761
0.5249711513519287,0.026763264700627225,0.011037206649780274,0.005863612785009249,0.2,2,1,5,200,0.8,"{'learning_rate': 0.2, 'max_depth': 2, 'min_samples_leaf': 1, 'min_samples_split': 5, 'n_estimators': 200, 'subsample': 0.8}",0.5396034416758813,0.5116398014585958,0.5734807503218888,0.557476168402819,0.4538567743959864,0.5272113872510342,0.04203271930584931,1131
0.5537181377410889,0.016493252777618685,0.008142518997192382,0.0009489455334633578,0.2,2,1,5,200,0.9,"{'learning_rate': 0.2, 'max_depth': 2, 'min_samples_leaf': 1, 'min_samples_split': 5, 'n_estimators': 200, 'subsample': 0.9}",0.603623234319485,0.47549799582271657,0.48593291718803466,0.5783271463639457,0.5092171116858084,0.530519681075998,0.05118368501547667,1102
0.4895036220550537,0.023651729731219567,0.00846238136291504,0.0018646166813697268,0.2,2,1,5,200,1.0,"{'learning_rate': 0.2, 'max_depth': 2, 'min_samples_leaf': 1, 'min_samples_split': 5, 'n_estimators': 200, 'subsample': 1.0}",0.5700662510650918,0.5645187264584338,0.4612604649887475,0.5647529576197374,0.4778314999988109,0.5276859800261643,0.0478006645095717,1127
0.8386566162109375,0.03966163803240229,0.009769153594970704,0.0018340908238206658,0.2,2,1,5,300,0.8,"{'learning_rate': 0.2, 'max_depth': 2, 'min_samples_leaf': 1, 'min_samples_split': 5, 'n_estimators': 300, 'subsample': 0.8}",0.5212133213718775,0.4574836036475579,0.530707822797827,0.5366133659872898,0.4201074441983186,0.4932251116005741,0.04624820606407969,1225
0.9293693542480469,0.05210223421934123,0.009505891799926757,0.0011388284649033534,0.2,2,1,5,300,0.9,"{'learning_rate': 0.2, 'max_depth': 2, 'min_samples_leaf': 1, 'min_samples_split': 5, 'n_estimators': 300, 'subsample': 0.9}",0.5829429782572888,0.4396709872696335,0.45604877614687567,0.5543237466289452,0.4696509638058082,0.5005274904217103,0.057134192411190124,1213
0.8145030021667481,0.05235876961280666,0.008516883850097657,0.0012907834839591163,0.2,2,1,5,300,1.0,"{'learning_rate': 0.2, 'max_depth': 2, 'min_samples_leaf': 1, 'min_samples_split': 5, 'n_estimators': 300, 'subsample': 1.0}",0.5454515013252852,0.5334646039313791,0.4173910156114383,0.5464563424496152,0.4473132376307103,0.4980153401896855,0.05463397349755302,1215
0.27704787254333496,0.009578180411507316,0.008703327178955078,0.0016568334307937816,0.2,2,1,10,100,0.8,"{'learning_rate': 0.2, 'max_depth': 2, 'min_samples_leaf': 1, 'min_samples_split': 10, 'n_estimators': 100, 'subsample': 0.8}",0.613854920724356,0.5861205348157966,0.5822415806794916,0.5870339829877775,0.5288173016315615,0.5796136641677967,0.027774234605825444,649
0.22647156715393066,0.01024349750914728,0.00846848487854004,0.0027488398154809942,0.2,2,1,10,100,0.9,"{'learning_rate': 0.2, 'max_depth': 2, 'min_samples_leaf': 1, 'min_samples_split': 10, 'n_estimators': 100, 'subsample': 0.9}",0.6142258476394329,0.5489013113349637,0.5696445214580454,0.5746946078013768,0.5358151990793576,0.5686562974626354,0.02676870897765656,796
0.2054689884185791,0.002740097572822366,0.006249332427978515,0.00046392569047527636,0.2,2,1,10,100,1.0,"{'learning_rate': 0.2, 'max_depth': 2, 'min_samples_leaf': 1, 'min_samples_split': 10, 'n_estimators': 100, 'subsample': 1.0}",0.6253904276386665,0.6127455229740699,0.48947564397657495,0.5754557851990072,0.5093127111526048,0.5624760181881847,0.05442262806879257,854
0.5132657527923584,0.030184124802990233,0.007831096649169922,0.0009602467676493616,0.2,2,1,10,200,0.8,"{'learning_rate': 0.2, 'max_depth': 2, 'min_samples_leaf': 1, 'min_samples_split': 10, 'n_estimators': 200, 'subsample': 0.8}",0.5617772202109776,0.5245272034502861,0.5576711716641466,0.5635805811903273,0.4740668744603894,0.5363246101952255,0.03423916898168076,1051
0.601269006729126,0.051687444037245386,0.012638378143310546,0.0038666168944638847,0.2,2,1,10,200,0.9,"{'learning_rate': 0.2, 'max_depth': 2, 'min_samples_leaf': 1, 'min_samples_split': 10, 'n_estimators': 200, 'subsample': 0.9}",0.5919391962457556,0.4879327498168966,0.5121986633313556,0.5628167939354329,0.47880775540182274,0.5267390317462526,0.04374339597737927,1135
0.5158868789672851,0.03818935251098687,0.008226490020751953,0.0020881014484185876,0.2,2,1,10,200,1.0,"{'learning_rate': 0.2, 'max_depth': 2, 'min_samples_leaf': 1, 'min_samples_split': 10, 'n_estimators': 200, 'subsample': 1.0}",0.5700662510650918,0.5592842523268835,0.47020172698932805,0.5574741727478303,0.4603332169387737,0.5234719240135816,0.04782032478699768,1148
0.8425226211547852,0.04748158701293673,0.008682346343994141,0.0015810213511685742,0.2,2,1,10,300,0.8,"{'learning_rate': 0.2, 'max_depth': 2, 'min_samples_leaf': 1, 'min_samples_split': 10, 'n_estimators': 300, 'subsample': 0.8}",0.536398944702468,0.4929815970727722,0.5020955311607952,0.5632986843655237,0.4332230426671879,0.5055995599937495,0.044017365932923574,1203
0.9059930801391601,0.06491065799098124,0.012384939193725585,0.0034774580816997907,0.2,2,1,10,300,0.9,"{'learning_rate': 0.2, 'max_depth': 2, 'min_samples_leaf': 1, 'min_samples_split': 10, 'n_estimators': 300, 'subsample': 0.9}",0.5797927655054889,0.4576813841977788,0.47631422132780166,0.5476067223377733,0.4582807652972709,0.5039351717332228,0.0502955931564899,1207
0.7782273292541504,0.03297882415752394,0.008093738555908203,0.0018480835301155824,0.2,2,1,10,300,1.0,"{'learning_rate': 0.2, 'max_depth': 2, 'min_samples_leaf': 1, 'min_samples_split': 10, 'n_estimators': 300, 'subsample': 1.0}",0.5470196018697777,0.4990790936933934,0.4347977789115771,0.5447755230015752,0.42921853851978187,0.4909781071992211,0.051129073263805565,1232
0.2619772434234619,0.022545885809381487,0.006293296813964844,0.001534440051989662,0.2,2,2,2,100,0.8,"{'learning_rate': 0.2, 'max_depth': 2, 'min_samples_leaf': 2, 'min_samples_split': 2, 'n_estimators': 100, 'subsample': 0.8}",0.6331864782124939,0.6032243865708429,0.6041596038714157,0.5774006556479105,0.5461350522132322,0.5928212353031791,0.02926954376695195,463
0.22719988822937012,0.00935731249265171,0.007035446166992187,0.0012261371567286873,0.2,2,2,2,100,0.9,"{'learning_rate': 0.2, 'max_depth': 2, 'min_samples_leaf': 2, 'min_samples_split': 2, 'n_estimators': 100, 'subsample': 0.9}",0.6526693301626929,0.5407336727450047,0.5570300390257391,0.5709882924756597,0.5432306845759808,0.5729304037970155,0.041312449906629654,742
0.2113400936126709,0.0037419044712517706,0.005853176116943359,0.0005920229150460599,0.2,2,2,2,100,1.0,"{'learning_rate': 0.2, 'max_depth': 2, 'min_samples_leaf': 2, 'min_samples_split': 2, 'n_estimators': 100, 'subsample': 1.0}",0.643237993757044,0.6226270663173816,0.4920150138769833,0.5840453874732032,0.5476952754819393,0.5779241473813104,0.0540294049307104,672
0.5020567417144776,0.02908933924630213,0.007857131958007812,0.0013238230917321323,0.2,2,2,2,200,0.8,"{'learning_rate': 0.2, 'max_depth': 2, 'min_samples_leaf': 2, 'min_samples_split': 2, 'n_estimators': 200, 'subsample': 0.8}",0.6119379157188573,0.5541685379384667,0.5762720517609258,0.5629897903518355,0.49990920070454237,0.5610554992949255,0.03636098271502416,874
0.5383646965026856,0.005408368624211717,0.009964370727539062,0.0031960933743823083,0.2,2,2,2,200,0.9,"{'learning_rate': 0.2, 'max_depth': 2, 'min_samples_leaf': 2, 'min_samples_split': 2, 'n_estimators': 200, 'subsample': 0.9}",0.6167726831426816,0.4734796730652774,0.5570705511323821,0.5574246500025133,0.5016900665867015,0.5412875247859112,0.049746122087780925,1018
0.49844560623168943,0.00730307749692596,0.008233785629272461,0.0013630880632595872,0.2,2,2,2,200,1.0,"{'learning_rate': 0.2, 'max_depth': 2, 'min_samples_leaf': 2, 'min_samples_split': 2, 'n_estimators': 200, 'subsample': 1.0}",0.6140525490611157,0.5560449465638928,0.4686674229721801,0.5657522458382157,0.5273417328396377,0.5463717794550085,0.04785387947536887,990
0.847660493850708,0.0547175936786295,0.008871030807495118,0.0015853621314458098,0.2,2,2,2,300,0.8,"{'learning_rate': 0.2, 'max_depth': 2, 'min_samples_leaf': 2, 'min_samples_split': 2, 'n_estimators': 300, 'subsample': 0.8}",0.6101662127415329,0.4912101346515182,0.5116216729855156,0.5507176243214023,0.4757799787779474,0.5278991246955832,0.048199586090638666,1126
0.8967534065246582,0.06064160330889227,0.008641767501831054,0.0015668956912485506,0.2,2,2,2,300,0.9,"{'learning_rate': 0.2, 'max_depth': 2, 'min_samples_leaf': 2, 'min_samples_split': 2, 'n_estimators': 300, 'subsample': 0.9}",0.6119708362290346,0.43999432754861423,0.5044048091742086,0.5445033329679075,0.48315078296054614,0.5168048177760622,0.05832663970038949,1174
0.8032618999481201,0.04569412840608838,0.008075189590454102,0.0004943025954492352,0.2,2,2,2,300,1.0,"{'learning_rate': 0.2, 'max_depth': 2, 'min_samples_leaf': 2, 'min_samples_split': 2, 'n_estimators': 300, 'subsample': 1.0}",0.5959603747345008,0.530684744549452,0.43712500011351696,0.554369243386337,0.4986211201395374,0.5233520965846689,0.0535434898742135,1149
0.2947049140930176,0.01824760821043277,0.009454727172851562,0.0019360271098880976,0.2,2,2,5,100,0.8,"{'learning_rate': 0.2, 'max_depth': 2, 'min_samples_leaf': 2, 'min_samples_split': 5, 'n_estimators': 100, 'subsample': 0.8}",0.6193149187251612,0.6172569099195286,0.5827862323799375,0.5879965848244496,0.5351949107789855,0.5885099113256125,0.03049869406089927,518
0.2654674530029297,0.015654609212278205,0.007069587707519531,0.002562799033358316,0.2,2,2,5,100,0.9,"{'learning_rate': 0.2, 'max_depth': 2, 'min_samples_leaf': 2, 'min_samples_split': 5, 'n_estimators': 100, 'subsample': 0.9}",0.6509753220455949,0.5748872062618586,0.5542080395062154,0.5742970290653887,0.5521305827437881,0.5812996359245691,0.03613764035848867,623
0.21414628028869628,0.00930617234885092,0.00859818458557129,0.004437779144695103,0.2,2,2,5,100,1.0,"{'learning_rate': 0.2, 'max_depth': 2, 'min_samples_leaf': 2, 'min_samples_split': 5, 'n_estimators': 100, 'subsample': 1.0}",0.643237993757044,0.6165307769055391,0.4920150138769833,0.5877939274993583,0.5369654502437804,0.5753086324565411,0.054548276655183796,711
0.518435287475586,0.021692499904488308,0.007856464385986328,0.0007262661283008934,0.2,2,2,5,200,0.8,"{'learning_rate': 0.2, 'max_depth': 2, 'min_samples_leaf': 2, 'min_samples_split': 5, 'n_estimators': 200, 'subsample': 0.8}",0.6077880064829893,0.5610859949152656,0.5551701006214262,0.5540198707504127,0.48469245633655333,0.5525512858213294,0.03933896856926324,935
0.5844902515411377,0.014948007279828222,0.008482742309570312,0.001536516943765175,0.2,2,2,5,200,0.9,"{'learning_rate': 0.2, 'max_depth': 2, 'min_samples_leaf': 2, 'min_samples_split': 5, 'n_estimators': 200, 'subsample': 0.9}",0.6205967980125421,0.5027402509149967,0.537282473216793,0.5496522701090266,0.5119794661875967,0.5444502516881911,0.04164327229341557,1003
0.5250092029571534,0.029329654162112116,0.008691835403442382,0.0014883372973378446,0.2,2,2,5,200,1.0,"{'learning_rate': 0.2, 'max_depth': 2, 'min_samples_leaf': 2, 'min_samples_split': 5, 'n_estimators': 200, 'subsample': 1.0}",0.6140525490611157,0.5696945159449391,0.4686674229721801,0.5649021131872165,0.5139495616847621,0.5462532325700427,0.05011408351913221,994
0.9277353286743164,0.15372998060115528,0.007211542129516602,0.0009474908950342729,0.2,2,2,5,300,0.8,"{'learning_rate': 0.2, 'max_depth': 2, 'min_samples_leaf': 2, 'min_samples_split': 5, 'n_estimators': 300, 'subsample': 0.8}",0.6155642924449904,0.5014082489414791,0.503730366763749,0.5368202723065333,0.44655725620080833,0.5208160873315121,0.05552713993738946,1161
0.9525162696838378,0.08679847738880796,0.011014461517333984,0.0031929716762821862,0.2,2,2,5,300,0.9,"{'learning_rate': 0.2, 'max_depth': 2, 'min_samples_leaf': 2, 'min_samples_split': 5, 'n_estimators': 300, 'subsample': 0.9}",0.6179396413517649,0.46486772646485885,0.5117650815492203,0.5369090896541231,0.48917062981289816,0.5241304337665731,0.052631967051823665,1146
0.8045589447021484,0.09691825378906532,0.012035560607910157,0.00393745349563585,0.2,2,2,5,300,1.0,"{'learning_rate': 0.2, 'max_depth': 2, 'min_samples_leaf': 2, 'min_samples_split': 5, 'n_estimators': 300, 'subsample': 1.0}",0.5945532857142202,0.5543328015319932,0.4307600632049591,0.5446143381856714,0.48138166110829206,0.5211284299490272,0.0579509705929562,1158
0.31742115020751954,0.016759855007836773,0.009949874877929688,0.0029765019012200694,0.2,2,2,10,100,0.8,"{'learning_rate': 0.2, 'max_depth': 2, 'min_samples_leaf': 2, 'min_samples_split': 10, 'n_estimators': 100, 'subsample': 0.8}",0.6260217640846,0.6035089644249512,0.5968521899981714,0.59997219473423,0.54143303801593,0.5935576302515766,0.028006866709851908,447
0.28136367797851564,0.02813861289741386,0.005958414077758789,0.0007699243551995943,0.2,2,2,10,100,0.9,"{'learning_rate': 0.2, 'max_depth': 2, 'min_samples_leaf': 2, 'min_samples_split': 10, 'n_estimators': 100, 'subsample': 0.9}",0.6508946014395419,0.5760034347671905,0.5496710858220724,0.581234312161809,0.5501497904137993,0.5815906449208826,0.03699126346767558,618
0.21363210678100586,0.00534969906217759,0.006361150741577148,0.0014769705698774284,0.2,2,2,10,100,1.0,"{'learning_rate': 0.2, 'max_depth': 2, 'min_samples_leaf': 2, 'min_samples_split': 10, 'n_estimators': 100, 'subsample': 1.0}",0.6499676967164294,0.6241321149103705,0.4924510650705769,0.6036029972025936,0.5386814467919546,0.581767064138385,0.05789067264308929,615
0.5226842403411865,0.03552241899934762,0.009045219421386719,0.002481029678885628,0.2,2,2,10,200,0.8,"{'learning_rate': 0.2, 'max_depth': 2, 'min_samples_leaf': 2, 'min_samples_split': 10, 'n_estimators': 200, 'subsample': 0.8}",0.6060185438761335,0.544848633969901,0.5569221585631348,0.5727792216988451,0.5055424159569988,0.5572221948130027,0.03300636102242225,896
0.5728466987609864,0.018001659716210414,0.009306526184082032,0.0016823358983803342,0.2,2,2,10,200,0.9,"{'learning_rate': 0.2, 'max_depth': 2, 'min_samples_leaf': 2, 'min_samples_split': 10, 'n_estimators': 200, 'subsample': 0.9}",0.6323524860833644,0.5065835292146708,0.509827549078708,0.556433109272451,0.5015639466122392,0.5413521240522867,0.04958680284762428,1017
0.4847400188446045,0.004433103049536219,0.008264255523681641,0.0010660826062658063,0.2,2,2,10,200,1.0,"{'learning_rate': 0.2, 'max_depth': 2, 'min_samples_leaf': 2, 'min_samples_split': 10, 'n_estimators': 200, 'subsample': 1.0}",0.6256209722155901,0.583250705113913,0.46157319613187076,0.5765576401250024,0.5037048397129265,0.5501414706598606,0.0591470887145141,954
0.8382630825042725,0.039834993609460446,0.00890970230102539,0.00099493665360215,0.2,2,2,10,300,0.8,"{'learning_rate': 0.2, 'max_depth': 2, 'min_samples_leaf': 2, 'min_samples_split': 10, 'n_estimators': 300, 'subsample': 0.8}",0.6087221739633341,0.5232948461395337,0.5216079962738,0.5686727344376693,0.4585958053555518,0.5361787112339778,0.05042979779354829,1052
0.8917859077453614,0.053979865589906514,0.010422229766845703,0.002411783386601878,0.2,2,2,10,300,0.9,"{'learning_rate': 0.2, 'max_depth': 2, 'min_samples_leaf': 2, 'min_samples_split': 10, 'n_estimators': 300, 'subsample': 0.9}",0.6235157954444528,0.4814492941457641,0.48451326973487074,0.5439791509601725,0.4744768226992214,0.5215868665968963,0.05673755983052988,1155
0.8064104557037354,0.030476019700923503,0.010618782043457032,0.0047468190650718925,0.2,2,2,10,300,1.0,"{'learning_rate': 0.2, 'max_depth': 2, 'min_samples_leaf': 2, 'min_samples_split': 10, 'n_estimators': 300, 'subsample': 1.0}",0.6043582583004783,0.5510201118365396,0.4419367523083365,0.5590897085388733,0.48082324708367497,0.5274456156135805,0.05823756699143006,1130
0.27725725173950194,0.02342124031757926,0.008121395111083984,0.0017452302304662133,0.2,2,4,2,100,0.8,"{'learning_rate': 0.2, 'max_depth': 2, 'min_samples_leaf': 4, 'min_samples_split': 2, 'n_estimators': 100, 'subsample': 0.8}",0.6487203254598393,0.6588489410729381,0.6301742796505676,0.5849413568521495,0.50997464536369,0.606531909679837,0.05452587114621722,280
0.23289661407470702,0.008792997160039437,0.006441831588745117,0.00031051088751256133,0.2,2,4,2,100,0.9,"{'learning_rate': 0.2, 'max_depth': 2, 'min_samples_leaf': 4, 'min_samples_split': 2, 'n_estimators': 100, 'subsample': 0.9}",0.6146923187114965,0.6423753711935727,0.5872758233474754,0.5863546500623402,0.5377958702677088,0.5936988067165186,0.03472885005608988,444
0.20998873710632324,0.005225498845514641,0.007733821868896484,0.0030941228384615536,0.2,2,4,2,100,1.0,"{'learning_rate': 0.2, 'max_depth': 2, 'min_samples_leaf': 4, 'min_samples_split': 2, 'n_estimators': 100, 'subsample': 1.0}",0.6406491235845817,0.6324051246832953,0.5370327333041591,0.5971585477419594,0.5333897961701839,0.5881270650968359,0.045623415519205,528
0.514884090423584,0.016647357133460668,0.007777690887451172,0.0003314112929494247,0.2,2,4,2,200,0.8,"{'learning_rate': 0.2, 'max_depth': 2, 'min_samples_leaf': 4, 'min_samples_split': 2, 'n_estimators': 200, 'subsample': 0.8}",0.6420303294831682,0.6211692869626453,0.593082226464702,0.5799567323541257,0.45365355928659945,0.5779784269102481,0.06581308042984275,670
0.5699930667877198,0.01298042620154674,0.00828547477722168,0.0010412922901768013,0.2,2,4,2,200,0.9,"{'learning_rate': 0.2, 'max_depth': 2, 'min_samples_leaf': 4, 'min_samples_split': 2, 'n_estimators': 200, 'subsample': 0.9}",0.5950062907010857,0.6384809135431135,0.5649132524580711,0.57433665818499,0.5104674265531253,0.5766409082880772,0.04167313447738155,695
0.4949193477630615,0.0036428739957388213,0.008096265792846679,0.0009538869787570399,0.2,2,4,2,200,1.0,"{'learning_rate': 0.2, 'max_depth': 2, 'min_samples_leaf': 4, 'min_samples_split': 2, 'n_estimators': 200, 'subsample': 1.0}",0.6049089667300666,0.6134032774513387,0.5133125996731511,0.5584864211593461,0.4946956403957887,0.5569613810819384,0.04747467317246815,897
0.840960693359375,0.03706088729171562,0.011847972869873047,0.005764329448122079,0.2,2,4,2,300,0.8,"{'learning_rate': 0.2, 'max_depth': 2, 'min_samples_leaf': 4, 'min_samples_split': 2, 'n_estimators': 300, 'subsample': 0.8}",0.6284840702295993,0.5656736052674688,0.558480366990388,0.5723257539035533,0.42151099273514636,0.5492949578252311,0.06853131643140294,960
0.9667125701904297,0.06761500466347613,0.008742809295654297,0.0011449820654163435,0.2,2,4,2,300,0.9,"{'learning_rate': 0.2, 'max_depth': 2, 'min_samples_leaf': 4, 'min_samples_split': 2, 'n_estimators': 300, 'subsample': 0.9}",0.5848048093350027,0.6112498352741962,0.5303270347917635,0.5712215681452892,0.47697648126649705,0.5549159457625497,0.046929520055317635,913
0.783064889907837,0.031285406944231056,0.007553625106811524,0.001440752212597821,0.2,2,4,2,300,1.0,"{'learning_rate': 0.2, 'max_depth': 2, 'min_samples_leaf': 4, 'min_samples_split': 2, 'n_estimators': 300, 'subsample': 1.0}",0.5889673829271888,0.595215135488454,0.49967099010381577,0.5479472492755391,0.4843157972074771,0.5432233110004949,0.04513288237994468,1005
0.28499326705932615,0.014113641915811433,0.0067843437194824215,0.0005330838880366463,0.2,2,4,5,100,0.8,"{'learning_rate': 0.2, 'max_depth': 2, 'min_samples_leaf': 4, 'min_samples_split': 5, 'n_estimators': 100, 'subsample': 0.8}",0.6487203254598393,0.6588489410729381,0.6301742796505676,0.5849413568521495,0.50997464536369,0.606531909679837,0.05452587114621722,280
0.2757557392120361,0.005967304548082558,0.008396100997924805,0.002098390027975584,0.2,2,4,5,100,0.9,"{'learning_rate': 0.2, 'max_depth': 2, 'min_samples_leaf': 4, 'min_samples_split': 5, 'n_estimators': 100, 'subsample': 0.9}",0.6146923187114965,0.6423753711935727,0.5872758233474754,0.5863546500623402,0.5377958702677088,0.5936988067165186,0.03472885005608988,444
0.23538269996643066,0.003801913350639742,0.008422279357910156,0.0020314893556346264,0.2,2,4,5,100,1.0,"{'learning_rate': 0.2, 'max_depth': 2, 'min_samples_leaf': 4, 'min_samples_split': 5, 'n_estimators': 100, 'subsample': 1.0}",0.6406491235845817,0.6324051246832953,0.5370327333041591,0.5971585477419594,0.5333897961701839,0.5881270650968359,0.045623415519205,528
0.5612905025482178,0.015195633948524075,0.008816194534301759,0.0014398873109793973,0.2,2,4,5,200,0.8,"{'learning_rate': 0.2, 'max_depth': 2, 'min_samples_leaf': 4, 'min_samples_split': 5, 'n_estimators': 200, 'subsample': 0.8}",0.6420303294831682,0.6211692869626453,0.593082226464702,0.5799567323541257,0.45365355928659945,0.5779784269102481,0.06581308042984275,670
0.5842875480651856,0.0232702801067916,0.00939788818359375,0.0016034879750694098,0.2,2,4,5,200,0.9,"{'learning_rate': 0.2, 'max_depth': 2, 'min_samples_leaf': 4, 'min_samples_split': 5, 'n_estimators': 200, 'subsample': 0.9}",0.5950062907010857,0.6384809135431135,0.5649132524580711,0.57433665818499,0.5104674265531253,0.5766409082880772,0.04167313447738155,695
0.518565559387207,0.013744625243525668,0.010161638259887695,0.001959388763864903,0.2,2,4,5,200,1.0,"{'learning_rate': 0.2, 'max_depth': 2, 'min_samples_leaf': 4, 'min_samples_split': 5, 'n_estimators': 200, 'subsample': 1.0}",0.6049089667300666,0.6134032774513387,0.5133125996731511,0.5584864211593461,0.4946956403957887,0.5569613810819384,0.04747467317246815,897
0.9642518520355224,0.08223147159297219,0.011326074600219727,0.0018348262111636442,0.2,2,4,5,300,0.8,"{'learning_rate': 0.2, 'max_depth': 2, 'min_samples_leaf': 4, 'min_samples_split': 5, 'n_estimators': 300, 'subsample': 0.8}",0.6284840702295993,0.5656736052674688,0.558480366990388,0.5723257539035533,0.42151099273514636,0.5492949578252311,0.06853131643140294,960
0.9420277595520019,0.06070766215730652,0.008690166473388671,0.0014036764158471885,0.2,2,4,5,300,0.9,"{'learning_rate': 0.2, 'max_depth': 2, 'min_samples_leaf': 4, 'min_samples_split': 5, 'n_estimators': 300, 'subsample': 0.9}",0.5848048093350027,0.6112498352741962,0.5303270347917635,0.5712215681452892,0.47697648126649705,0.5549159457625497,0.046929520055317635,913
0.7880510330200196,0.05280297985860335,0.008614683151245117,0.0012633157727428876,0.2,2,4,5,300,1.0,"{'learning_rate': 0.2, 'max_depth': 2, 'min_samples_leaf': 4, 'min_samples_split': 5, 'n_estimators': 300, 'subsample': 1.0}",0.5889673829271888,0.595215135488454,0.49967099010381577,0.5479472492755391,0.4843157972074771,0.5432233110004949,0.04513288237994468,1005
0.29109816551208495,0.04087401736715436,0.007313919067382812,0.0022458786841611385,0.2,2,4,10,100,0.8,"{'learning_rate': 0.2, 'max_depth': 2, 'min_samples_leaf': 4, 'min_samples_split': 10, 'n_estimators': 100, 'subsample': 0.8}",0.6603858984320374,0.6446462663701187,0.6270807405894352,0.584839275174178,0.5377507458047626,0.6109405852741064,0.04445097869679773,204
0.23781099319458007,0.011269175753901543,0.008357381820678711,0.00132509326745344,0.2,2,4,10,100,0.9,"{'learning_rate': 0.2, 'max_depth': 2, 'min_samples_leaf': 4, 'min_samples_split': 10, 'n_estimators': 100, 'subsample': 0.9}",0.6169796257608149,0.6423168568477902,0.5826457104299443,0.570592828932992,0.5420076888871717,0.5909085421717426,0.03519889845461494,488
0.21435370445251464,0.001947052712333934,0.0066967010498046875,0.00015681868539701746,0.2,2,4,10,100,1.0,"{'learning_rate': 0.2, 'max_depth': 2, 'min_samples_leaf': 4, 'min_samples_split': 10, 'n_estimators': 100, 'subsample': 1.0}",0.6463564166428768,0.6319928583498823,0.5539593377671901,0.5959919108142171,0.536416627707086,0.5929434302562504,0.04266646705908,459
0.5226693153381348,0.032890635469808915,0.00845332145690918,0.0011216174075310969,0.2,2,4,10,200,0.8,"{'learning_rate': 0.2, 'max_depth': 2, 'min_samples_leaf': 4, 'min_samples_split': 10, 'n_estimators': 200, 'subsample': 0.8}",0.6597486654187783,0.6165695524497455,0.5995615266863956,0.5812769217147378,0.4792876141479576,0.587288856083523,0.05993131603226846,542
0.5535294532775878,0.01223570947635634,0.010337924957275391,0.002124397587476735,0.2,2,4,10,200,0.9,"{'learning_rate': 0.2, 'max_depth': 2, 'min_samples_leaf': 4, 'min_samples_split': 10, 'n_estimators': 200, 'subsample': 0.9}",0.5943409936985352,0.6357960174108629,0.5494187288984205,0.5730441970607882,0.5136752151316335,0.5732550304400481,0.04116785399290057,737
0.5414444923400878,0.013587299291906335,0.009168481826782227,0.0027805197498653607,0.2,2,4,10,200,1.0,"{'learning_rate': 0.2, 'max_depth': 2, 'min_samples_leaf': 4, 'min_samples_split': 10, 'n_estimators': 200, 'subsample': 1.0}",0.6168434160396241,0.5981409159119532,0.5094610239283189,0.5802491992195324,0.5015314644300668,0.561245203905899,0.04703389963190158,870
0.8688665390014648,0.07626773039061592,0.010656642913818359,0.004095351249339123,0.2,2,4,10,300,0.8,"{'learning_rate': 0.2, 'max_depth': 2, 'min_samples_leaf': 4, 'min_samples_split': 10, 'n_estimators': 300, 'subsample': 0.8}",0.6499704300259015,0.5774391076047232,0.554079603057191,0.5859380653623063,0.4483382907891643,0.5631530993678573,0.0656128984477317,850
0.967255687713623,0.12925719213915246,0.010711240768432616,0.002497054122946322,0.2,2,4,10,300,0.9,"{'learning_rate': 0.2, 'max_depth': 2, 'min_samples_leaf': 4, 'min_samples_split': 10, 'n_estimators': 300, 'subsample': 0.9}",0.578885191655413,0.6064638710158943,0.5327078852432212,0.566723006435933,0.4856569306473233,0.5540873769995569,0.04161176882596599,923
0.819974946975708,0.10026667556319083,0.0077669620513916016,0.0013862670107470726,0.2,2,4,10,300,1.0,"{'learning_rate': 0.2, 'max_depth': 2, 'min_samples_leaf': 4, 'min_samples_split': 10, 'n_estimators': 300, 'subsample': 1.0}",0.6046992305975284,0.5862778607991762,0.4886871895088687,0.5677603066024794,0.49078998156949805,0.5476429138155101,0.04870487704367247,981
0.3128251075744629,0.03743353585075878,0.00993814468383789,0.0049771302096624755,0.2,3,1,2,100,0.8,"{'learning_rate': 0.2, 'max_depth': 3, 'min_samples_leaf': 1, 'min_samples_split': 2, 'n_estimators': 100, 'subsample': 0.8}",0.5421776264264968,0.5473338624218426,0.5540263827241703,0.5743063906429848,0.5273047504923494,0.5490298025415689,0.015399208658322451,965
0.2710758686065674,0.010048582550084461,0.007425260543823242,0.0004800261765905037,0.2,3,1,2,100,0.9,"{'learning_rate': 0.2, 'max_depth': 3, 'min_samples_leaf': 1, 'min_samples_split': 2, 'n_estimators': 100, 'subsample': 0.9}",0.5822729781439673,0.5770292276975378,0.6010453468786346,0.5589751039335711,0.5407381855956199,0.5720121684498661,0.02059809507464048,755
0.24357929229736328,0.006861885001330763,0.007499885559082031,0.0020886667665637104,0.2,3,1,2,100,1.0,"{'learning_rate': 0.2, 'max_depth': 3, 'min_samples_leaf': 1, 'min_samples_split': 2, 'n_estimators': 100, 'subsample': 1.0}",0.5583657548473491,0.554628031710342,0.5223229324975053,0.588865046721974,0.5490818363068957,0.5546527204168132,0.021262739438270565,918
0.6475633144378662,0.07225707758845189,0.010599279403686523,0.0019745442265330817,0.2,3,1,2,200,0.8,"{'learning_rate': 0.2, 'max_depth': 3, 'min_samples_leaf': 1, 'min_samples_split': 2, 'n_estimators': 200, 'subsample': 0.8}",0.5170210564585243,0.506396895441684,0.546447098583417,0.557207870592407,0.5002941168204987,0.5254734075793063,0.02243356456289627,1141
0.7278896331787109,0.020154830737508875,0.010835075378417968,0.00185472579307415,0.2,3,1,2,200,0.9,"{'learning_rate': 0.2, 'max_depth': 3, 'min_samples_leaf': 1, 'min_samples_split': 2, 'n_estimators': 200, 'subsample': 0.9}",0.5475717883897835,0.5406432823929429,0.5673870500456007,0.528931856381017,0.5052715752080781,0.5379611104834844,0.020569775114243693,1042
0.6114535808563233,0.047749015238780675,0.01032876968383789,0.002540580592701983,0.2,3,1,2,200,1.0,"{'learning_rate': 0.2, 'max_depth': 3, 'min_samples_leaf': 1, 'min_samples_split': 2, 'n_estimators': 200, 'subsample': 1.0}",0.53822701038083,0.5167396337023942,0.5111149250096669,0.5648915436399767,0.5346209156665229,0.5331188056798781,0.018922499868552174,1080
0.9623594284057617,0.09520637640631406,0.00941009521484375,0.0019516124377232545,0.2,3,1,2,300,0.8,"{'learning_rate': 0.2, 'max_depth': 3, 'min_samples_leaf': 1, 'min_samples_split': 2, 'n_estimators': 300, 'subsample': 0.8}",0.5101576100233951,0.4738348954101429,0.5189761359626728,0.5489077036772935,0.49377136475729855,0.5091295419661606,0.02514716751076556,1196
1.1290413856506347,0.15519584270309184,0.009700775146484375,0.0016359525236054257,0.2,3,1,2,300,0.9,"{'learning_rate': 0.2, 'max_depth': 3, 'min_samples_leaf': 1, 'min_samples_split': 2, 'n_estimators': 300, 'subsample': 0.9}",0.5483537927041073,0.5109037485201893,0.5475472547415754,0.5209112486744818,0.5014155386205401,0.5258263166521788,0.019089333910552245,1138
1.0815535068511963,0.09719129111722892,0.010142803192138672,0.003029681584565222,0.2,3,1,2,300,1.0,"{'learning_rate': 0.2, 'max_depth': 3, 'min_samples_leaf': 1, 'min_samples_split': 2, 'n_estimators': 300, 'subsample': 1.0}",0.5311648657960717,0.496487330431722,0.5164594642674813,0.5405758538529026,0.5195578940675414,0.5208490816831439,0.014899609207310312,1160
0.35032339096069337,0.02979756567164715,0.009418201446533204,0.0022299184623567753,0.2,3,1,5,100,0.8,"{'learning_rate': 0.2, 'max_depth': 3, 'min_samples_leaf': 1, 'min_samples_split': 5, 'n_estimators': 100, 'subsample': 0.8}",0.5439857660469153,0.5791040885537058,0.5431902250576621,0.5666072724155597,0.5265380835036919,0.551885087115507,0.018644501982883695,938
0.2907863616943359,0.017059328109558982,0.008486604690551758,0.0013583875861573707,0.2,3,1,5,100,0.9,"{'learning_rate': 0.2, 'max_depth': 3, 'min_samples_leaf': 1, 'min_samples_split': 5, 'n_estimators': 100, 'subsample': 0.9}",0.5712678067939998,0.5381740826865088,0.5515240972194739,0.5558160778752647,0.5223825993556961,0.5478329327861886,0.01653820714055852,978
0.2518907070159912,0.023540558934013894,0.00958700180053711,0.0031341289097337366,0.2,3,1,5,100,1.0,"{'learning_rate': 0.2, 'max_depth': 3, 'min_samples_leaf': 1, 'min_samples_split': 5, 'n_estimators': 100, 'subsample': 1.0}",0.525893798617606,0.5693165830213368,0.5185986052704333,0.5706614860831059,0.5568026890982122,0.5482546324181388,0.021900817162019512,973
0.615956449508667,0.04316641727251977,0.010208320617675782,0.0026483551881529067,0.2,3,1,5,200,0.8,"{'learning_rate': 0.2, 'max_depth': 3, 'min_samples_leaf': 1, 'min_samples_split': 5, 'n_estimators': 200, 'subsample': 0.8}",0.5210609774228387,0.5156770764856317,0.5209968996728358,0.5627688269727267,0.4827407037378666,0.5206488968583798,0.02544063494753595,1162
0.6818494319915771,0.052425305124767244,0.009467554092407227,0.002627750270083536,0.2,3,1,5,200,0.9,"{'learning_rate': 0.2, 'max_depth': 3, 'min_samples_leaf': 1, 'min_samples_split': 5, 'n_estimators': 200, 'subsample': 0.9}",0.5582976389494665,0.47780742314963986,0.49408743821083234,0.5369946672389176,0.5011909626644147,0.5136756260426542,0.02953301074779165,1180
0.7038886547088623,0.09822946883240462,0.009503746032714843,0.0027884165536566008,0.2,3,1,5,200,1.0,"{'learning_rate': 0.2, 'max_depth': 3, 'min_samples_leaf': 1, 'min_samples_split': 5, 'n_estimators': 200, 'subsample': 1.0}",0.5101696658312993,0.5103138986638146,0.46630848173245465,0.5506164773178444,0.511633799800014,0.5098084646690852,0.026688050471966856,1193
1.1685137748718262,0.19510737646066248,0.011366796493530274,0.0037092896392000854,0.2,3,1,5,300,0.8,"{'learning_rate': 0.2, 'max_depth': 3, 'min_samples_leaf': 1, 'min_samples_split': 5, 'n_estimators': 300, 'subsample': 0.8}",0.5158194797695342,0.48204078193191124,0.5091130597637663,0.5699842610664009,0.47168910843140754,0.509729338192604,0.034298223225532484,1194
1.0127445220947267,0.08237211017090608,0.00798048973083496,0.00032280384491328916,0.2,3,1,5,300,0.9,"{'learning_rate': 0.2, 'max_depth': 3, 'min_samples_leaf': 1, 'min_samples_split': 5, 'n_estimators': 300, 'subsample': 0.9}",0.5504926180568731,0.45738765861730846,0.447990907495617,0.5171980952270947,0.4919666288542256,0.4930071816502237,0.037910615422393046,1226
1.0196734428405763,0.12106464875051827,0.02700066566467285,0.01878975786725047,0.2,3,1,5,300,1.0,"{'learning_rate': 0.2, 'max_depth': 3, 'min_samples_leaf': 1, 'min_samples_split': 5, 'n_estimators': 300, 'subsample': 1.0}",0.4960227423147736,0.4722315411393795,0.4626755098376649,0.5429184447814516,0.4995000717861725,0.49466966197188833,0.02785750801947202,1220
0.4750222682952881,0.19498491090668602,0.012891244888305665,0.010809730089078293,0.2,3,1,10,100,0.8,"{'learning_rate': 0.2, 'max_depth': 3, 'min_samples_leaf': 1, 'min_samples_split': 10, 'n_estimators': 100, 'subsample': 0.8}",0.5666208401498378,0.5536034625479269,0.463260026490964,0.5765406900146429,0.4910926339594739,0.5302235306325691,0.044792862313208504,1105
0.3432185173034668,0.1664055210762316,0.006736373901367188,0.000667605154032703,0.2,3,1,10,100,0.9,"{'learning_rate': 0.2, 'max_depth': 3, 'min_samples_leaf': 1, 'min_samples_split': 10, 'n_estimators': 100, 'subsample': 0.9}",0.5931638275982699,0.5578520105681345,0.55388399582728,0.5693559513833464,0.5118869568441978,0.5572285484442457,0.026479625586394016,895
0.2354464054107666,0.00585619852575009,0.008838272094726563,0.001654590114369946,0.2,3,1,10,100,1.0,"{'learning_rate': 0.2, 'max_depth': 3, 'min_samples_leaf': 1, 'min_samples_split': 10, 'n_estimators': 100, 'subsample': 1.0}",0.5326671996807446,0.5736980851917455,0.5540292010135046,0.5905929950489911,0.5565265617485893,0.5615028085367151,0.019529843335846696,866
0.7411243438720703,0.12465407093875927,0.01800389289855957,0.012115267774401467,0.2,3,1,10,200,0.8,"{'learning_rate': 0.2, 'max_depth': 3, 'min_samples_leaf': 1, 'min_samples_split': 10, 'n_estimators': 200, 'subsample': 0.8}",0.5519526257797931,0.47087397891891547,0.4720100901243416,0.5613520525779334,0.47948774912277403,0.5071352993047515,0.04064750864447244,1200
0.6982590198516846,0.10194803252020462,0.009302663803100585,0.001405614872887287,0.2,3,1,10,200,0.9,"{'learning_rate': 0.2, 'max_depth': 3, 'min_samples_leaf': 1, 'min_samples_split': 10, 'n_estimators': 200, 'subsample': 0.9}",0.5694471121148816,0.49211245389048786,0.5152109391533644,0.5602652372735849,0.4786783252061796,0.5231428135276996,0.03612492487028728,1150
0.6157730102539063,0.06419990943351853,0.013184785842895508,0.00469152717734177,0.2,3,1,10,200,1.0,"{'learning_rate': 0.2, 'max_depth': 3, 'min_samples_leaf': 1, 'min_samples_split': 10, 'n_estimators': 200, 'subsample': 1.0}",0.5175674113815899,0.5232493416141333,0.5047232845275484,0.5847939898340422,0.5254232933360965,0.531151464138682,0.027769592042303205,1096
0.9155422687530518,0.04278499707769958,0.010811662673950196,0.0033389318026375374,0.2,3,1,10,300,0.8,"{'learning_rate': 0.2, 'max_depth': 3, 'min_samples_leaf': 1, 'min_samples_split': 10, 'n_estimators': 300, 'subsample': 0.8}",0.5332955578434535,0.4534277591444593,0.45965489795538905,0.5551538081287754,0.47989388626060203,0.4962851818665358,0.04070010820965252,1218
0.9966258525848388,0.09384296987830554,0.009803485870361329,0.0007117870207993047,0.2,3,1,10,300,0.9,"{'learning_rate': 0.2, 'max_depth': 3, 'min_samples_leaf': 1, 'min_samples_split': 10, 'n_estimators': 300, 'subsample': 0.9}",0.5539874604511396,0.46593861866479735,0.4815511471551689,0.5237259440069268,0.4615083891277324,0.4973423118811531,0.03584519982254884,1217
0.848368501663208,0.050125200565712506,0.015529823303222657,0.006368604371762865,0.2,3,1,10,300,1.0,"{'learning_rate': 0.2, 'max_depth': 3, 'min_samples_leaf': 1, 'min_samples_split': 10, 'n_estimators': 300, 'subsample': 1.0}",0.5074250816412504,0.4856789453167386,0.48227509872743246,0.5657495846817142,0.5137576671727206,0.5109772755079712,0.029947203454433597,1189
0.3464994430541992,0.01561646702226948,0.009041500091552735,0.0023236496668115115,0.2,3,2,2,100,0.8,"{'learning_rate': 0.2, 'max_depth': 3, 'min_samples_leaf': 2, 'min_samples_split': 2, 'n_estimators': 100, 'subsample': 0.8}",0.623713853580323,0.554548190340892,0.4739101193093187,0.5697175401503852,0.5132690988432907,0.5470317604448419,0.050868411509781546,986
0.28321003913879395,0.030900389315116582,0.00814228057861328,0.00165101675078477,0.2,3,2,2,100,0.9,"{'learning_rate': 0.2, 'max_depth': 3, 'min_samples_leaf': 2, 'min_samples_split': 2, 'n_estimators': 100, 'subsample': 0.9}",0.5984527708754254,0.560538608217857,0.5663327643692937,0.5801204071572368,0.5538824287336981,0.5718653958707022,0.01585766034379717,758
0.23543014526367187,0.006425210661398521,0.007153034210205078,0.001543486887606154,0.2,3,2,2,100,1.0,"{'learning_rate': 0.2, 'max_depth': 3, 'min_samples_leaf': 2, 'min_samples_split': 2, 'n_estimators': 100, 'subsample': 1.0}",0.5446252000461025,0.6032883444363977,0.5502315066946801,0.5882813277906322,0.5365753271641337,0.5646003412263891,0.02626184228570085,837
0.5430343627929688,0.023792065342732878,0.00978226661682129,0.003751841567978938,0.2,3,2,2,200,0.8,"{'learning_rate': 0.2, 'max_depth': 3, 'min_samples_leaf': 2, 'min_samples_split': 2, 'n_estimators': 200, 'subsample': 0.8}",0.6038646574932418,0.5050397325664711,0.4452992835714208,0.5361446767958622,0.4985390725088996,0.5177774845871792,0.05202655386800947,1170
0.6102388381958008,0.027976670172023186,0.008354949951171874,0.0014107655634268287,0.2,3,2,2,200,0.9,"{'learning_rate': 0.2, 'max_depth': 3, 'min_samples_leaf': 2, 'min_samples_split': 2, 'n_estimators': 200, 'subsample': 0.9}",0.5906248199822915,0.4946437669730952,0.5045131707864209,0.565549935126294,0.5278754039719686,0.536641419368014,0.036394450166906164,1049
0.5647810459136963,0.02915788348678604,0.009295463562011719,0.0011748590523390817,0.2,3,2,2,200,1.0,"{'learning_rate': 0.2, 'max_depth': 3, 'min_samples_leaf': 2, 'min_samples_split': 2, 'n_estimators': 200, 'subsample': 1.0}",0.5170485580657425,0.5637231134659582,0.5128973455866671,0.5602113468434218,0.5139980491548197,0.5335756826233219,0.0232480080687688,1073
0.8811895847320557,0.034385807528307465,0.010444164276123047,0.0026575292327289213,0.2,3,2,2,300,0.8,"{'learning_rate': 0.2, 'max_depth': 3, 'min_samples_leaf': 2, 'min_samples_split': 2, 'n_estimators': 300, 'subsample': 0.8}",0.5863062565624556,0.49153707294632953,0.4410445161781327,0.5329943174643235,0.4904556319237301,0.5084675590149943,0.04861555779246073,1199
0.9217963695526123,0.051932415265662196,0.00923919677734375,0.0015381185881402787,0.2,3,2,2,300,0.9,"{'learning_rate': 0.2, 'max_depth': 3, 'min_samples_leaf': 2, 'min_samples_split': 2, 'n_estimators': 300, 'subsample': 0.9}",0.575860910860944,0.46256459145815665,0.49111552736275754,0.5458953971575253,0.5132401293036758,0.5177353112286119,0.03986026504110361,1171
0.8842207431793213,0.04258883725844632,0.009467411041259765,0.0010117475763171645,0.2,3,2,2,300,1.0,"{'learning_rate': 0.2, 'max_depth': 3, 'min_samples_leaf': 2, 'min_samples_split': 2, 'n_estimators': 300, 'subsample': 1.0}",0.5089032057949101,0.5368414432323516,0.4984374487894506,0.5459410714260731,0.5042751073415712,0.5188796553168713,0.0188978953393909,1167
0.29027109146118163,0.029982063637227465,0.008368396759033203,0.0022387057270460476,0.2,3,2,5,100,0.8,"{'learning_rate': 0.2, 'max_depth': 3, 'min_samples_leaf': 2, 'min_samples_split': 5, 'n_estimators': 100, 'subsample': 0.8}",0.586588387184416,0.5705940090810404,0.5255608049914196,0.5869034841059471,0.5286019611717918,0.559649729306923,0.027255290737106756,882
0.24149765968322753,0.0044990226976550215,0.005995035171508789,0.0008786892974996322,0.2,3,2,5,100,0.9,"{'learning_rate': 0.2, 'max_depth': 3, 'min_samples_leaf': 2, 'min_samples_split': 5, 'n_estimators': 100, 'subsample': 0.9}",0.6167774316057967,0.5789655676814309,0.5588184562801138,0.5709113686814802,0.5429218370271546,0.5736789322551952,0.024738315308892846,733
0.22995777130126954,0.010583924198073675,0.006627464294433593,0.001065665447853097,0.2,3,2,5,100,1.0,"{'learning_rate': 0.2, 'max_depth': 3, 'min_samples_leaf': 2, 'min_samples_split': 5, 'n_estimators': 100, 'subsample': 1.0}",0.5549561345109522,0.6206794800499041,0.6120756906227554,0.5860851088416876,0.5736401345581866,0.589487309716697,0.02424168490200819,507
0.5705459117889404,0.02791933333139224,0.009647464752197266,0.0019153843976658477,0.2,3,2,5,200,0.8,"{'learning_rate': 0.2, 'max_depth': 3, 'min_samples_leaf': 2, 'min_samples_split': 5, 'n_estimators': 200, 'subsample': 0.8}",0.5546831336691459,0.5079086325652709,0.5202255497093949,0.5614055637765528,0.5006393669901303,0.5289724493420989,0.024641032390868914,1123
0.6513472557067871,0.0251061446442379,0.009518671035766601,0.0018926480946866925,0.2,3,2,5,200,0.9,"{'learning_rate': 0.2, 'max_depth': 3, 'min_samples_leaf': 2, 'min_samples_split': 5, 'n_estimators': 200, 'subsample': 0.9}",0.6097904922338939,0.52772433920947,0.4986928560092767,0.5632745833902926,0.530543063920955,0.5460050669527776,0.037890686257236954,996
0.6464060306549072,0.062188534357748494,0.009358978271484375,0.001254356091369809,0.2,3,2,5,200,1.0,"{'learning_rate': 0.2, 'max_depth': 3, 'min_samples_leaf': 2, 'min_samples_split': 5, 'n_estimators': 200, 'subsample': 1.0}",0.5326099148728829,0.591402056352134,0.5790164476086307,0.5687431517240515,0.5563995082112088,0.5656342157537816,0.020142569317022373,829
1.0153712272644042,0.12814156095066556,0.012123870849609374,0.004241058176635767,0.2,3,2,5,300,0.8,"{'learning_rate': 0.2, 'max_depth': 3, 'min_samples_leaf': 2, 'min_samples_split': 5, 'n_estimators': 300, 'subsample': 0.8}",0.5456629610824508,0.48896481301690464,0.4889705444193101,0.5498805599998835,0.5074169060896707,0.5161791569216441,0.026693764909973945,1176
1.0557965755462646,0.08449292548350534,0.009393310546875,0.0012139334346365515,0.2,3,2,5,300,0.9,"{'learning_rate': 0.2, 'max_depth': 3, 'min_samples_leaf': 2, 'min_samples_split': 5, 'n_estimators': 300, 'subsample': 0.9}",0.6048811611121476,0.498858296231418,0.48247054918567644,0.5402988487263523,0.5286242920934185,0.5310266294698026,0.0422817495258082,1097
1.1488442420959473,0.20819514408656864,0.0108184814453125,0.002643152115625131,0.2,3,2,5,300,1.0,"{'learning_rate': 0.2, 'max_depth': 3, 'min_samples_leaf': 2, 'min_samples_split': 5, 'n_estimators': 300, 'subsample': 1.0}",0.5196609161902783,0.5732539364790417,0.5517173367765422,0.5582976772717565,0.5477741486092573,0.5501408030653752,0.017537739585205873,955
0.44498410224914553,0.058927872840672184,0.009870386123657227,0.0027890871903843623,0.2,3,2,10,100,0.8,"{'learning_rate': 0.2, 'max_depth': 3, 'min_samples_leaf': 2, 'min_samples_split': 10, 'n_estimators': 100, 'subsample': 0.8}",0.5858419947687562,0.5979738858837149,0.5440800253072313,0.588990715294089,0.49375284470417247,0.5621278931915927,0.03890958187345246,858
0.4000520706176758,0.09072133988899783,0.010296201705932618,0.0008248295283879252,0.2,3,2,10,100,0.9,"{'learning_rate': 0.2, 'max_depth': 3, 'min_samples_leaf': 2, 'min_samples_split': 10, 'n_estimators': 100, 'subsample': 0.9}",0.6294670760074184,0.5430787457118442,0.5207608228938971,0.5792022426215675,0.5610676534255836,0.5667153081320622,0.03686761642596651,813
0.38087005615234376,0.051171342599971206,0.007771015167236328,0.0004515080632851335,0.2,3,2,10,100,1.0,"{'learning_rate': 0.2, 'max_depth': 3, 'min_samples_leaf': 2, 'min_samples_split': 10, 'n_estimators': 100, 'subsample': 1.0}",0.5485134005988921,0.5858408991864891,0.5653004480102735,0.5760417453686113,0.5383527826337215,0.5628098551595975,0.017402597333513882,852
0.6469008922576904,0.05081657637704324,0.010043764114379882,0.002494073614161355,0.2,3,2,10,200,0.8,"{'learning_rate': 0.2, 'max_depth': 3, 'min_samples_leaf': 2, 'min_samples_split': 10, 'n_estimators': 200, 'subsample': 0.8}",0.575104890371638,0.5243405977582896,0.5005186736642757,0.5732208103484728,0.47534079630243,0.5297051536890212,0.03947368970841224,1112
0.6788273811340332,0.05217938180234855,0.00924677848815918,0.0020918618221184883,0.2,3,2,10,200,0.9,"{'learning_rate': 0.2, 'max_depth': 3, 'min_samples_leaf': 2, 'min_samples_split': 10, 'n_estimators': 200, 'subsample': 0.9}",0.6248707446352767,0.5024469904578291,0.4648467045403082,0.5644019018086817,0.5207519597303901,0.5354636602344971,0.054998795646510494,1058
0.6154192447662353,0.044795865015367455,0.01086287498474121,0.002579631987239048,0.2,3,2,10,200,1.0,"{'learning_rate': 0.2, 'max_depth': 3, 'min_samples_leaf': 2, 'min_samples_split': 10, 'n_estimators': 200, 'subsample': 1.0}",0.523353070592661,0.526782827044153,0.537791144068679,0.5630832512589108,0.5263305085818641,0.5354681603092535,0.014653986444393937,1057
0.9470622539520264,0.07434375395406426,0.012101697921752929,0.0036885771502660606,0.2,3,2,10,300,0.8,"{'learning_rate': 0.2, 'max_depth': 3, 'min_samples_leaf': 2, 'min_samples_split': 10, 'n_estimators': 300, 'subsample': 0.8}",0.5525451132699357,0.5220381359845154,0.4414023739501185,0.5608515657398618,0.47241355282627384,0.509850148354141,0.046171740605207186,1192
0.9396139621734619,0.07906839476656204,0.008242368698120117,0.000732170328142431,0.2,3,2,10,300,0.9,"{'learning_rate': 0.2, 'max_depth': 3, 'min_samples_leaf': 2, 'min_samples_split': 10, 'n_estimators': 300, 'subsample': 0.9}",0.6232858347199184,0.4816817986359029,0.44476552895232757,0.5418308290616791,0.5018078375570101,0.5186743657853675,0.060983976887228696,1168
0.9105545997619628,0.12480884812980886,0.011666059494018555,0.005820322538539236,0.2,3,2,10,300,1.0,"{'learning_rate': 0.2, 'max_depth': 3, 'min_samples_leaf': 2, 'min_samples_split': 10, 'n_estimators': 300, 'subsample': 1.0}",0.5207468302650736,0.4977438817732319,0.514107333865468,0.560856418992222,0.5273933527011032,0.5241695635194198,0.020821135441950807,1145
0.3804008960723877,0.07447739960864638,0.00943307876586914,0.0022334834247601134,0.2,3,4,2,100,0.8,"{'learning_rate': 0.2, 'max_depth': 3, 'min_samples_leaf': 4, 'min_samples_split': 2, 'n_estimators': 100, 'subsample': 0.8}",0.6848634540659302,0.6273664141528872,0.5204424995581787,0.5871753106634976,0.4430636567550169,0.5725822670391022,0.08404159734351484,751
0.2931668758392334,0.01699141126411062,0.00927891731262207,0.0025354775930688336,0.2,3,4,2,100,0.9,"{'learning_rate': 0.2, 'max_depth': 3, 'min_samples_leaf': 4, 'min_samples_split': 2, 'n_estimators': 100, 'subsample': 0.9}",0.6825575219405708,0.6386673487745482,0.6019764267721921,0.5490749633652445,0.4942210962608081,0.5932994714226727,0.06614055483505524,451
0.26463093757629397,0.007218340228770973,0.007988452911376953,0.0010093169674739242,0.2,3,4,2,100,1.0,"{'learning_rate': 0.2, 'max_depth': 3, 'min_samples_leaf': 4, 'min_samples_split': 2, 'n_estimators': 100, 'subsample': 1.0}",0.6221174906671643,0.6422933035504541,0.5942581786644512,0.566046319873895,0.5129831375837601,0.5875396860679449,0.045297604910896044,538
0.6252253532409668,0.11426595357962094,0.01051502227783203,0.0036027373517138555,0.2,3,4,2,200,0.8,"{'learning_rate': 0.2, 'max_depth': 3, 'min_samples_leaf': 4, 'min_samples_split': 2, 'n_estimators': 200, 'subsample': 0.8}",0.6488109827618047,0.5989338846724583,0.4745590339947202,0.5846844341073183,0.4025708684422774,0.5419118407957157,0.08995636935752892,1014
0.7271549224853515,0.04049642114416077,0.01059737205505371,0.0036294196241964745,0.2,3,4,2,200,0.9,"{'learning_rate': 0.2, 'max_depth': 3, 'min_samples_leaf': 4, 'min_samples_split': 2, 'n_estimators': 200, 'subsample': 0.9}",0.6534201035391428,0.6095179203872241,0.5765273090114416,0.5403432423132002,0.4480273383947688,0.5655671827291554,0.06960142179570392,831
0.6185146331787109,0.04956398233806299,0.009845495223999023,0.0014533917734728223,0.2,3,4,2,200,1.0,"{'learning_rate': 0.2, 'max_depth': 3, 'min_samples_leaf': 4, 'min_samples_split': 2, 'n_estimators': 200, 'subsample': 1.0}",0.6152138412737367,0.61508136551753,0.5528651897303944,0.5490257040634254,0.4964842291380783,0.565734065944633,0.04499715851309071,826
0.9527410507202149,0.04028056598261026,0.014522743225097657,0.006635774122302915,0.2,3,4,2,300,0.8,"{'learning_rate': 0.2, 'max_depth': 3, 'min_samples_leaf': 4, 'min_samples_split': 2, 'n_estimators': 300, 'subsample': 0.8}",0.638808138736823,0.5782557846576479,0.4655387054204839,0.5796964145479908,0.385601317843402,0.5295800722412696,0.09126107783501064,1113
0.9536738872528077,0.08005987312419627,0.011095237731933594,0.001961985565201532,0.2,3,4,2,300,0.9,"{'learning_rate': 0.2, 'max_depth': 3, 'min_samples_leaf': 4, 'min_samples_split': 2, 'n_estimators': 300, 'subsample': 0.9}",0.65465109227414,0.5970037105405632,0.5455983261900923,0.5242919070873249,0.45742260259779355,0.5557935277379829,0.0666996707395162,904
0.8970790863037109,0.06271256623032463,0.008527278900146484,0.00177458768911364,0.2,3,4,2,300,1.0,"{'learning_rate': 0.2, 'max_depth': 3, 'min_samples_leaf': 4, 'min_samples_split': 2, 'n_estimators': 300, 'subsample': 1.0}",0.6096676857412088,0.5936497710640231,0.5275088301667106,0.5344272841048516,0.48842699724546657,0.5507361136644522,0.044726776740670604,947
0.28900609016418455,0.005198772212101544,0.007664823532104492,0.0009446715111879517,0.2,3,4,5,100,0.8,"{'learning_rate': 0.2, 'max_depth': 3, 'min_samples_leaf': 4, 'min_samples_split': 5, 'n_estimators': 100, 'subsample': 0.8}",0.6848634540659302,0.6273664141528872,0.5204424995581787,0.5871753106634976,0.4430636567550169,0.5725822670391022,0.08404159734351484,751
0.27723188400268556,0.016346995796331594,0.007416677474975586,0.0008111132150299961,0.2,3,4,5,100,0.9,"{'learning_rate': 0.2, 'max_depth': 3, 'min_samples_leaf': 4, 'min_samples_split': 5, 'n_estimators': 100, 'subsample': 0.9}",0.6825575219405708,0.6386673487745482,0.6019764267721921,0.5490749633652445,0.4942210962608081,0.5932994714226727,0.06614055483505524,451
0.24535150527954103,0.0048638409187823604,0.00996084213256836,0.0048797388745213666,0.2,3,4,5,100,1.0,"{'learning_rate': 0.2, 'max_depth': 3, 'min_samples_leaf': 4, 'min_samples_split': 5, 'n_estimators': 100, 'subsample': 1.0}",0.6221174906671643,0.6422933035504541,0.5942581786644512,0.566046319873895,0.5129831375837601,0.5875396860679449,0.045297604910896044,538
0.5818881511688232,0.028518962435879043,0.007837057113647461,0.00022638955799584996,0.2,3,4,5,200,0.8,"{'learning_rate': 0.2, 'max_depth': 3, 'min_samples_leaf': 4, 'min_samples_split': 5, 'n_estimators': 200, 'subsample': 0.8}",0.6488109827618047,0.5989338846724583,0.4745590339947202,0.5846844341073183,0.4025708684422774,0.5419118407957157,0.08995636935752892,1014
0.638893461227417,0.06263179029336471,0.01146240234375,0.003951456665663956,0.2,3,4,5,200,0.9,"{'learning_rate': 0.2, 'max_depth': 3, 'min_samples_leaf': 4, 'min_samples_split': 5, 'n_estimators': 200, 'subsample': 0.9}",0.6534201035391428,0.6095179203872241,0.5765273090114416,0.5403432423132002,0.4480273383947688,0.5655671827291554,0.06960142179570392,831
0.5879258632659912,0.018443702700801975,0.009947443008422851,0.004115522612060848,0.2,3,4,5,200,1.0,"{'learning_rate': 0.2, 'max_depth': 3, 'min_samples_leaf': 4, 'min_samples_split': 5, 'n_estimators': 200, 'subsample': 1.0}",0.6152138412737367,0.61508136551753,0.5528651897303944,0.5490257040634254,0.4964842291380783,0.565734065944633,0.04499715851309071,826
0.9089291095733643,0.051158036861234796,0.008627939224243163,0.0008772841613306015,0.2,3,4,5,300,0.8,"{'learning_rate': 0.2, 'max_depth': 3, 'min_samples_leaf': 4, 'min_samples_split': 5, 'n_estimators': 300, 'subsample': 0.8}",0.638808138736823,0.5782557846576479,0.4655387054204839,0.5796964145479908,0.385601317843402,0.5295800722412696,0.09126107783501064,1113
0.9513838768005372,0.05122821955495222,0.00883488655090332,0.0013163862799904743,0.2,3,4,5,300,0.9,"{'learning_rate': 0.2, 'max_depth': 3, 'min_samples_leaf': 4, 'min_samples_split': 5, 'n_estimators': 300, 'subsample': 0.9}",0.65465109227414,0.5970037105405632,0.5455983261900923,0.5242919070873249,0.45742260259779355,0.5557935277379829,0.0666996707395162,904
0.8551846027374268,0.05924396658235099,0.010061264038085938,0.002085578613295252,0.2,3,4,5,300,1.0,"{'learning_rate': 0.2, 'max_depth': 3, 'min_samples_leaf': 4, 'min_samples_split': 5, 'n_estimators': 300, 'subsample': 1.0}",0.6096676857412088,0.5936497710640231,0.5275088301667106,0.5344272841048516,0.48842699724546657,0.5507361136644522,0.044726776740670604,947
0.3024491786956787,0.019813383178335035,0.007932615280151368,0.0017516372795062312,0.2,3,4,10,100,0.8,"{'learning_rate': 0.2, 'max_depth': 3, 'min_samples_leaf': 4, 'min_samples_split': 10, 'n_estimators': 100, 'subsample': 0.8}",0.6694268155862497,0.6351295456920574,0.5051298493786291,0.5475372992946657,0.44937071952600727,0.5613188458955218,0.08125868552842506,869
0.27347145080566404,0.0061522153721264225,0.007168197631835937,0.0005682329106685965,0.2,3,4,10,100,0.9,"{'learning_rate': 0.2, 'max_depth': 3, 'min_samples_leaf': 4, 'min_samples_split': 10, 'n_estimators': 100, 'subsample': 0.9}",0.6478773081613367,0.6374702206967882,0.5983179831860994,0.575935013087717,0.5307050183783144,0.5980611087020511,0.0425704236110369,390
0.23911142349243164,0.007119028553907711,0.006299161911010742,0.0010231247081689601,0.2,3,4,10,100,1.0,"{'learning_rate': 0.2, 'max_depth': 3, 'min_samples_leaf': 4, 'min_samples_split': 10, 'n_estimators': 100, 'subsample': 1.0}",0.6127273961461626,0.6447293588730869,0.5642259647788065,0.5804042333253319,0.5308314016342337,0.5865836709515243,0.03927030277355602,553
0.5697708606719971,0.03912489899769586,0.011483097076416015,0.002443998665660864,0.2,3,4,10,200,0.8,"{'learning_rate': 0.2, 'max_depth': 3, 'min_samples_leaf': 4, 'min_samples_split': 10, 'n_estimators': 200, 'subsample': 0.8}",0.661997037791018,0.5992138116775534,0.46119909102421497,0.5347464449749696,0.4360685801630292,0.5386449931261571,0.0841656647691524,1040
0.624669075012207,0.02691365808806732,0.01080164909362793,0.00454002393156038,0.2,3,4,10,200,0.9,"{'learning_rate': 0.2, 'max_depth': 3, 'min_samples_leaf': 4, 'min_samples_split': 10, 'n_estimators': 200, 'subsample': 0.9}",0.6433999363496391,0.6104660837256957,0.5695823660437378,0.5758542457666534,0.5158476515402888,0.5830300566852029,0.04276228749131146,590
0.5648823738098144,0.042784779642053926,0.008510160446166991,0.001460993098085487,0.2,3,4,10,200,1.0,"{'learning_rate': 0.2, 'max_depth': 3, 'min_samples_leaf': 4, 'min_samples_split': 10, 'n_estimators': 200, 'subsample': 1.0}",0.6068814993261288,0.6190847350085895,0.5411899893370583,0.5657655271559334,0.502898826306468,0.5671641154268355,0.04261422293685674,808
1.0040223598480225,0.18428624252971473,0.01262044906616211,0.003517357252317992,0.2,3,4,10,300,0.8,"{'learning_rate': 0.2, 'max_depth': 3, 'min_samples_leaf': 4, 'min_samples_split': 10, 'n_estimators': 300, 'subsample': 0.8}",0.6542116062217976,0.5788544742592399,0.4487578839431863,0.5360700948584447,0.4274650967863627,0.5290718312138062,0.08361998461955923,1122
1.0275408744812011,0.13029650830414063,0.010915184020996093,0.0029065058957774515,0.2,3,4,10,300,0.9,"{'learning_rate': 0.2, 'max_depth': 3, 'min_samples_leaf': 4, 'min_samples_split': 10, 'n_estimators': 300, 'subsample': 0.9}",0.6351867755231608,0.5797430614815535,0.5361382438348641,0.5621934377401756,0.498232567364125,0.5622988171887758,0.0456197921931464,856
0.8805103302001953,0.05574881226145802,0.01129302978515625,0.004997601289052397,0.2,3,4,10,300,1.0,"{'learning_rate': 0.2, 'max_depth': 3, 'min_samples_leaf': 4, 'min_samples_split': 10, 'n_estimators': 300, 'subsample': 1.0}",0.6025154168428986,0.6179009413250521,0.5145284949472396,0.5423433551422926,0.4944803041955398,0.5543537024906044,0.048317536600147454,920
0.3432938575744629,0.028312436751140254,0.007833909988403321,0.0007159699275808825,0.2,4,1,2,100,0.8,"{'learning_rate': 0.2, 'max_depth': 4, 'min_samples_leaf': 1, 'min_samples_split': 2, 'n_estimators': 100, 'subsample': 0.8}",0.5434741400336345,0.5989279797152596,0.4927571593688901,0.5754503917813685,0.5475985547254596,0.5516416451249225,0.03564629360392736,940
0.3174429893493652,0.011835287158121106,0.008815479278564454,0.00155703829552831,0.2,4,1,2,100,0.9,"{'learning_rate': 0.2, 'max_depth': 4, 'min_samples_leaf': 1, 'min_samples_split': 2, 'n_estimators': 100, 'subsample': 0.9}",0.5738621437940323,0.5798398699510695,0.5066347097547014,0.5515260036484148,0.615379560212242,0.5654484574720919,0.03584385451524094,834
0.31467761993408205,0.021423146227332907,0.009422063827514648,0.0007392719432325614,0.2,4,1,2,100,1.0,"{'learning_rate': 0.2, 'max_depth': 4, 'min_samples_leaf': 1, 'min_samples_split': 2, 'n_estimators': 100, 'subsample': 1.0}",0.43299001192598807,0.6062989925804523,0.49764306264181524,0.5555305457284527,0.6138176708625621,0.541256056747854,0.06829811431741903,1019
0.6744277000427246,0.0679799963054063,0.010811614990234374,0.005954452096103703,0.2,4,1,2,200,0.8,"{'learning_rate': 0.2, 'max_depth': 4, 'min_samples_leaf': 1, 'min_samples_split': 2, 'n_estimators': 200, 'subsample': 0.8}",0.5391067020162141,0.5608491874204417,0.46471510849022934,0.5709094904275638,0.5375561380599201,0.5346273252828737,0.037203070783504065,1066
0.7179801940917969,0.0682765558043606,0.010430288314819337,0.003119933757850156,0.2,4,1,2,200,0.9,"{'learning_rate': 0.2, 'max_depth': 4, 'min_samples_leaf': 1, 'min_samples_split': 2, 'n_estimators': 200, 'subsample': 0.9}",0.5734617260246768,0.5503812923608027,0.48817002518929986,0.5449991026991855,0.6011535441972718,0.5516331380942473,0.037421657137530255,941
0.6431836128234864,0.028996853650055384,0.009627962112426757,0.0023575371931594804,0.2,4,1,2,200,1.0,"{'learning_rate': 0.2, 'max_depth': 4, 'min_samples_leaf': 1, 'min_samples_split': 2, 'n_estimators': 200, 'subsample': 1.0}",0.43567141932266695,0.5686742785231677,0.4797947714718902,0.530455033222295,0.6035794757231745,0.5236349956526389,0.060209178411050245,1147
0.9896704196929932,0.06832048879772082,0.010130739212036133,0.0017060837213317703,0.2,4,1,2,300,0.8,"{'learning_rate': 0.2, 'max_depth': 4, 'min_samples_leaf': 1, 'min_samples_split': 2, 'n_estimators': 300, 'subsample': 0.8}",0.5314900596394133,0.546825144056039,0.460392799148983,0.5658729380757241,0.5292297821267931,0.5267621446093906,0.035680556454892196,1134
1.001051139831543,0.06060139577955781,0.009955692291259765,0.0012504888366163289,0.2,4,1,2,300,0.9,"{'learning_rate': 0.2, 'max_depth': 4, 'min_samples_leaf': 1, 'min_samples_split': 2, 'n_estimators': 300, 'subsample': 0.9}",0.5711765875637022,0.5308254408447113,0.4702792096912828,0.5365924445060617,0.5939372868595092,0.5405621938930534,0.042039036115081224,1025
0.9507922172546387,0.05705148756212386,0.008808517456054687,0.0012729103552996102,0.2,4,1,2,300,1.0,"{'learning_rate': 0.2, 'max_depth': 4, 'min_samples_leaf': 1, 'min_samples_split': 2, 'n_estimators': 300, 'subsample': 1.0}",0.4379992892828266,0.5554324923812428,0.46769623916363967,0.5250084276987275,0.5887701219643382,0.514981314098155,0.05539628047837148,1177
0.3527688980102539,0.033297724843478295,0.011185836791992188,0.00284096015121579,0.2,4,1,5,100,0.8,"{'learning_rate': 0.2, 'max_depth': 4, 'min_samples_leaf': 1, 'min_samples_split': 5, 'n_estimators': 100, 'subsample': 0.8}",0.5175750401547525,0.525189433320592,0.5524132957691429,0.5734712498630029,0.5464820732891885,0.5430262184793357,0.01996433555805447,1008
0.3224036693572998,0.026859714890510606,0.006764841079711914,0.00043032278650658465,0.2,4,1,5,100,0.9,"{'learning_rate': 0.2, 'max_depth': 4, 'min_samples_leaf': 1, 'min_samples_split': 5, 'n_estimators': 100, 'subsample': 0.9}",0.5688171181395525,0.5690977247665234,0.5047514006239319,0.5411008441534383,0.5618240172100561,0.5491182209787004,0.024418670964590796,963
0.26101078987121584,0.0075697346746879226,0.010525894165039063,0.004502767107687756,0.2,4,1,5,100,1.0,"{'learning_rate': 0.2, 'max_depth': 4, 'min_samples_leaf': 1, 'min_samples_split': 5, 'n_estimators': 100, 'subsample': 1.0}",0.49152357109502187,0.5913832176205986,0.5557207456370192,0.5985595651281368,0.622717156085572,0.5719808511132698,0.04559565208448019,756
0.6028708934783935,0.026556632578200224,0.008958673477172852,0.0017821476471119545,0.2,4,1,5,200,0.8,"{'learning_rate': 0.2, 'max_depth': 4, 'min_samples_leaf': 1, 'min_samples_split': 5, 'n_estimators': 200, 'subsample': 0.8}",0.5042179261053745,0.47514992222874985,0.5362180942904298,0.5632302455964403,0.5298591030467981,0.5217350582535586,0.029915326594959973,1154
0.6594800472259521,0.039754126192445415,0.009494781494140625,0.0011715370305697876,0.2,4,1,5,200,0.9,"{'learning_rate': 0.2, 'max_depth': 4, 'min_samples_leaf': 1, 'min_samples_split': 5, 'n_estimators': 200, 'subsample': 0.9}",0.5701765102446748,0.5415400007434023,0.4852921583256522,0.5340042813427831,0.5487679743430975,0.5359561849999219,0.02806066688810364,1053
0.5852301120758057,0.016161781048381774,0.009763765335083007,0.0021713088964230875,0.2,4,1,5,200,1.0,"{'learning_rate': 0.2, 'max_depth': 4, 'min_samples_leaf': 1, 'min_samples_split': 5, 'n_estimators': 200, 'subsample': 1.0}",0.47958211936269035,0.5607515452520035,0.5341217639400915,0.5908940332487624,0.6085406845529125,0.554778029271292,0.04541272487710538,916
0.9755981922149658,0.0735562561864272,0.010035085678100585,0.0011281189141972715,0.2,4,1,5,300,0.8,"{'learning_rate': 0.2, 'max_depth': 4, 'min_samples_leaf': 1, 'min_samples_split': 5, 'n_estimators': 300, 'subsample': 0.8}",0.4996055702789459,0.4511546664673619,0.5313751363570556,0.5608211676485424,0.5261680138312042,0.513824910916622,0.036874815082608516,1179
0.9878715515136719,0.10910092464929892,0.009194326400756837,0.0011887703311975087,0.2,4,1,5,300,0.9,"{'learning_rate': 0.2, 'max_depth': 4, 'min_samples_leaf': 1, 'min_samples_split': 5, 'n_estimators': 300, 'subsample': 0.9}",0.5612874195032764,0.5321116677004194,0.4726294198608012,0.5259408221815096,0.5429009789775171,0.5269740616447047,0.029704800600742823,1132
0.943412971496582,0.09044535324679318,0.009543371200561524,0.0018640600401598404,0.2,4,1,5,300,1.0,"{'learning_rate': 0.2, 'max_depth': 4, 'min_samples_leaf': 1, 'min_samples_split': 5, 'n_estimators': 300, 'subsample': 1.0}",0.4773921279487713,0.5373561299959524,0.5141913082889076,0.5884427512858968,0.600319860130733,0.5435404355300523,0.04585921176567629,1004
0.3109980583190918,0.003988281397171768,0.009072589874267577,0.0015154229938018913,0.2,4,1,10,100,0.8,"{'learning_rate': 0.2, 'max_depth': 4, 'min_samples_leaf': 1, 'min_samples_split': 10, 'n_estimators': 100, 'subsample': 0.8}",0.5726354589043812,0.5490079223720076,0.5653796202324937,0.5480483418707263,0.5206796019755184,0.5511501890710255,0.017926298957674846,944
0.2931081771850586,0.01141366308988559,0.00751347541809082,0.0008390106832233076,0.2,4,1,10,100,0.9,"{'learning_rate': 0.2, 'max_depth': 4, 'min_samples_leaf': 1, 'min_samples_split': 10, 'n_estimators': 100, 'subsample': 0.9}",0.5228058850111252,0.5795828978094404,0.4897554647331107,0.5599352935103049,0.540156888757084,0.5384472859642131,0.030894474102882492,1041
0.24705119132995607,0.008725479393515714,0.009462499618530273,0.0025392959521361134,0.2,4,1,10,100,1.0,"{'learning_rate': 0.2, 'max_depth': 4, 'min_samples_leaf': 1, 'min_samples_split': 10, 'n_estimators': 100, 'subsample': 1.0}",0.4502225646144956,0.6251496788089581,0.47903535744656156,0.593000302936727,0.5841640031799091,0.5463143813973302,0.06868373544506846,992
0.6182742595672608,0.03921064292742331,0.011110019683837891,0.002550702100197494,0.2,4,1,10,200,0.8,"{'learning_rate': 0.2, 'max_depth': 4, 'min_samples_leaf': 1, 'min_samples_split': 10, 'n_estimators': 200, 'subsample': 0.8}",0.5596976228589603,0.5062917694250402,0.5293869824763497,0.5396380311421354,0.49627882051924543,0.5262586452843463,0.022822908251496406,1136
0.6472684383392334,0.02105831910534744,0.010988807678222657,0.002016797575268808,0.2,4,1,10,200,0.9,"{'learning_rate': 0.2, 'max_depth': 4, 'min_samples_leaf': 1, 'min_samples_split': 10, 'n_estimators': 200, 'subsample': 0.9}",0.5087626273927822,0.5377352203108392,0.44888674824480523,0.5544333672187094,0.5083561528730519,0.5116348232080377,0.0359701715256279,1188
0.6664306163787842,0.01975589182727445,0.009506940841674805,0.0019053677703663467,0.2,4,1,10,200,1.0,"{'learning_rate': 0.2, 'max_depth': 4, 'min_samples_leaf': 1, 'min_samples_split': 10, 'n_estimators': 200, 'subsample': 1.0}",0.4379398264829246,0.5704796982640754,0.45599870624301153,0.5861336274110992,0.5762688411497314,0.5253641399101684,0.06445805890818841,1142
0.9858307361602783,0.07478363911848976,0.00901484489440918,0.0013073342457485518,0.2,4,1,10,300,0.8,"{'learning_rate': 0.2, 'max_depth': 4, 'min_samples_leaf': 1, 'min_samples_split': 10, 'n_estimators': 300, 'subsample': 0.8}",0.5553272557540316,0.473037921305962,0.5194341446094937,0.5337557017857253,0.4817294917236974,0.512656903035782,0.03110632667774695,1181
1.0274356365203858,0.10091788645552889,0.010795927047729493,0.0020056740374130586,0.2,4,1,10,300,0.9,"{'learning_rate': 0.2, 'max_depth': 4, 'min_samples_leaf': 1, 'min_samples_split': 10, 'n_estimators': 300, 'subsample': 0.9}",0.5064082508422326,0.5215608689142068,0.43999980658070226,0.547598927111141,0.5058020154701139,0.5042739737836793,0.035535748039614956,1205
0.8817819595336914,0.05868054991352852,0.00915374755859375,0.0017200727158394168,0.2,4,1,10,300,1.0,"{'learning_rate': 0.2, 'max_depth': 4, 'min_samples_leaf': 1, 'min_samples_split': 10, 'n_estimators': 300, 'subsample': 1.0}",0.4364575638279461,0.5424230948476241,0.43464507740355696,0.5772110903930356,0.571538961102048,0.5124551575148422,0.06389420438562692,1182
0.31888957023620607,0.030568409337899637,0.008689355850219727,0.002187007486415235,0.2,4,2,2,100,0.8,"{'learning_rate': 0.2, 'max_depth': 4, 'min_samples_leaf': 2, 'min_samples_split': 2, 'n_estimators': 100, 'subsample': 0.8}",0.5479051839273823,0.5765490254293539,0.5553549447748656,0.5587483470085632,0.5151740735279905,0.5507463149336311,0.020122168070482293,946
0.27010159492492675,0.005741455722141909,0.006970548629760742,0.00020208984336513613,0.2,4,2,2,100,0.9,"{'learning_rate': 0.2, 'max_depth': 4, 'min_samples_leaf': 2, 'min_samples_split': 2, 'n_estimators': 100, 'subsample': 0.9}",0.5797554692618738,0.5460576016710268,0.5285661859303541,0.6015756661104512,0.4793576429700914,0.5470625131887594,0.042349938934542794,985
0.2489776134490967,0.0022964517212751092,0.010618782043457032,0.0021898170493726827,0.2,4,2,2,100,1.0,"{'learning_rate': 0.2, 'max_depth': 4, 'min_samples_leaf': 2, 'min_samples_split': 2, 'n_estimators': 100, 'subsample': 1.0}",0.5380359593178446,0.5984059474043947,0.5067883348198079,0.5799843920845422,0.5860667207554077,0.5618562708763994,0.03420683656949776,862
0.6217258453369141,0.048435852089851336,0.010321569442749024,0.002450461318966437,0.2,4,2,2,200,0.8,"{'learning_rate': 0.2, 'max_depth': 4, 'min_samples_leaf': 2, 'min_samples_split': 2, 'n_estimators': 200, 'subsample': 0.8}",0.5286872538646672,0.5359321071811742,0.5336091413420199,0.5444152194801495,0.5043917033146916,0.5294070850365404,0.01350381257471854,1115
0.6369290828704834,0.013466444934419536,0.009152746200561524,0.001157037809438858,0.2,4,2,2,200,0.9,"{'learning_rate': 0.2, 'max_depth': 4, 'min_samples_leaf': 2, 'min_samples_split': 2, 'n_estimators': 200, 'subsample': 0.9}",0.5708977123008276,0.5212007704591355,0.5117523581499266,0.5915765105352405,0.4714048889875747,0.533366448086541,0.04301491500793834,1078
0.5759535312652588,0.021292338749552952,0.008854150772094727,0.001474514077082823,0.2,4,2,2,200,1.0,"{'learning_rate': 0.2, 'max_depth': 4, 'min_samples_leaf': 2, 'min_samples_split': 2, 'n_estimators': 200, 'subsample': 1.0}",0.5099244997806318,0.5591608807616234,0.4915642691986337,0.5661378164619322,0.5723722009163812,0.5398319334238405,0.032706876013972604,1032
0.9737119674682617,0.03812334821786963,0.011739587783813477,0.0015976171394677296,0.2,4,2,2,300,0.8,"{'learning_rate': 0.2, 'max_depth': 4, 'min_samples_leaf': 2, 'min_samples_split': 2, 'n_estimators': 300, 'subsample': 0.8}",0.5294652541103699,0.5183341175756186,0.5136130095759635,0.5409025006776893,0.5020519801845487,0.5208733724248379,0.013329605389633788,1159
0.9450283527374268,0.04677604395122752,0.009044075012207031,0.0011418745324043359,0.2,4,2,2,300,0.9,"{'learning_rate': 0.2, 'max_depth': 4, 'min_samples_leaf': 2, 'min_samples_split': 2, 'n_estimators': 300, 'subsample': 0.9}",0.5691170530875874,0.5170981736663158,0.4993101556045447,0.5842335795888,0.4648243808267124,0.5269166685547921,0.04422685912350098,1133
0.890432071685791,0.052449634663585466,0.010298633575439453,0.0017062872492886133,0.2,4,2,2,300,1.0,"{'learning_rate': 0.2, 'max_depth': 4, 'min_samples_leaf': 2, 'min_samples_split': 2, 'n_estimators': 300, 'subsample': 1.0}",0.5101692876946156,0.5441474254568751,0.48688704602544364,0.557318158840084,0.5654190286915846,0.5327881893417207,0.029712128819220966,1082
0.3170349597930908,0.019416113379728456,0.007712793350219726,0.0015865592992703563,0.2,4,2,5,100,0.8,"{'learning_rate': 0.2, 'max_depth': 4, 'min_samples_leaf': 2, 'min_samples_split': 5, 'n_estimators': 100, 'subsample': 0.8}",0.5648001934881415,0.580468795665679,0.5789316894837813,0.5686205970999738,0.4990431464977909,0.5583728844470732,0.030256362895676032,892
0.31144156455993655,0.011649405345640034,0.008998680114746093,0.003629198267920545,0.2,4,2,5,100,0.9,"{'learning_rate': 0.2, 'max_depth': 4, 'min_samples_leaf': 2, 'min_samples_split': 5, 'n_estimators': 100, 'subsample': 0.9}",0.5747505205179096,0.5841329869529002,0.5289255883250176,0.6021108296566379,0.5319881100254866,0.5643816070955904,0.02907780434069389,839
0.2895192623138428,0.008305408245197037,0.008025932312011718,0.0015039181616290321,0.2,4,2,5,100,1.0,"{'learning_rate': 0.2, 'max_depth': 4, 'min_samples_leaf': 2, 'min_samples_split': 5, 'n_estimators': 100, 'subsample': 1.0}",0.52260044126056,0.5750835232854073,0.5709394666832492,0.5914159701649817,0.5299192132940546,0.5579917229376506,0.026898188141136852,894
0.6442276477813721,0.04749858297650059,0.010104084014892578,0.0018019356753790014,0.2,4,2,5,200,0.8,"{'learning_rate': 0.2, 'max_depth': 4, 'min_samples_leaf': 2, 'min_samples_split': 5, 'n_estimators': 200, 'subsample': 0.8}",0.541637245123707,0.5357061669901906,0.5365232255204432,0.5602231170250773,0.4788336388534614,0.5305846787025759,0.027350547916789703,1099
0.7266066551208497,0.06390367427063508,0.008868074417114258,0.001381302276588621,0.2,4,2,5,200,0.9,"{'learning_rate': 0.2, 'max_depth': 4, 'min_samples_leaf': 2, 'min_samples_split': 5, 'n_estimators': 200, 'subsample': 0.9}",0.5628742064012608,0.542982019111711,0.517291007091566,0.5923599831158322,0.49922417686815335,0.5429462785177047,0.03288967288933057,1009
0.7807683944702148,0.2133042041519348,0.010478687286376954,0.003146088488633236,0.2,4,2,5,200,1.0,"{'learning_rate': 0.2, 'max_depth': 4, 'min_samples_leaf': 2, 'min_samples_split': 5, 'n_estimators': 200, 'subsample': 1.0}",0.51765518403038,0.5340692270876112,0.5413304213568646,0.5914145178856318,0.5185407363309468,0.5406020173382868,0.026975453328139724,1024
1.0961110591888428,0.13321033014589448,0.010416269302368164,0.0011121457156086114,0.2,4,2,5,300,0.8,"{'learning_rate': 0.2, 'max_depth': 4, 'min_samples_leaf': 2, 'min_samples_split': 5, 'n_estimators': 300, 'subsample': 0.8}",0.5388903384516165,0.51479593423848,0.5233495135648714,0.546299261444538,0.473303485264405,0.5193277065927823,0.025554264525675403,1166
1.3477460384368896,0.29454540410736824,0.009897089004516602,0.0017059168429425908,0.2,4,2,5,300,0.9,"{'learning_rate': 0.2, 'max_depth': 4, 'min_samples_leaf': 2, 'min_samples_split': 5, 'n_estimators': 300, 'subsample': 0.9}",0.5638709646728148,0.5311793631560047,0.497425086926635,0.5814529120193448,0.4925478772496883,0.5332952408048974,0.03522933068061793,1079
1.1743838310241699,0.2357335116545344,0.009388113021850586,0.0008673516859906747,0.2,4,2,5,300,1.0,"{'learning_rate': 0.2, 'max_depth': 4, 'min_samples_leaf': 2, 'min_samples_split': 5, 'n_estimators': 300, 'subsample': 1.0}",0.5131423959711685,0.5085098431948443,0.5379921696376249,0.5767148702562195,0.5134304149491888,0.5299579388018092,0.02556052360461009,1106
0.45217280387878417,0.1812950497843768,0.011268901824951171,0.005137381400140916,0.2,4,2,10,100,0.8,"{'learning_rate': 0.2, 'max_depth': 4, 'min_samples_leaf': 2, 'min_samples_split': 10, 'n_estimators': 100, 'subsample': 0.8}",0.5800733881967999,0.5308732144835638,0.5459463885094984,0.5958126868474132,0.5095229320232945,0.552445722012114,0.03160367667000279,936
0.3015108108520508,0.00515442667908876,0.009161376953125,0.0021226338082532027,0.2,4,2,10,100,0.9,"{'learning_rate': 0.2, 'max_depth': 4, 'min_samples_leaf': 2, 'min_samples_split': 10, 'n_estimators': 100, 'subsample': 0.9}",0.5928175514526968,0.5811853369707956,0.6057687906980764,0.5606727705648646,0.5299999614956274,0.5740888822364122,0.02656525665232774,722
0.30758090019226075,0.022955269654877607,0.008639240264892578,0.001477380971316592,0.2,4,2,10,100,1.0,"{'learning_rate': 0.2, 'max_depth': 4, 'min_samples_leaf': 2, 'min_samples_split': 10, 'n_estimators': 100, 'subsample': 1.0}",0.5016817666651887,0.5681191413528905,0.5195298598696491,0.5964441135883541,0.5542104776842801,0.5479970718320726,0.03390017580672671,975
0.7023186683654785,0.038203957970169795,0.010359096527099609,0.0020323286829372297,0.2,4,2,10,200,0.8,"{'learning_rate': 0.2, 'max_depth': 4, 'min_samples_leaf': 2, 'min_samples_split': 10, 'n_estimators': 200, 'subsample': 0.8}",0.5610311746343319,0.4978975371509632,0.524579417132631,0.5756640840984526,0.49337512521776283,0.5305094676468283,0.0330096255105431,1103
0.7373300075531006,0.06171806543465522,0.009875011444091798,0.0014856337490858015,0.2,4,2,10,200,0.9,"{'learning_rate': 0.2, 'max_depth': 4, 'min_samples_leaf': 2, 'min_samples_split': 10, 'n_estimators': 200, 'subsample': 0.9}",0.5811815195582657,0.5254895064617011,0.5759203106919026,0.5595801407449705,0.5110842408786668,0.5506511436671013,0.027745303840921633,950
0.6048650741577148,0.050675503718464784,0.010509729385375977,0.0035498393086265735,0.2,4,2,10,200,1.0,"{'learning_rate': 0.2, 'max_depth': 4, 'min_samples_leaf': 2, 'min_samples_split': 10, 'n_estimators': 200, 'subsample': 1.0}",0.48990220808535623,0.5417018468885207,0.4760632344294674,0.5880026110386407,0.5283633659846061,0.5248066532853182,0.039714148675122705,1143
0.9699740409851074,0.05731758680433005,0.010241937637329102,0.001962532771620991,0.2,4,2,10,300,0.8,"{'learning_rate': 0.2, 'max_depth': 4, 'min_samples_leaf': 2, 'min_samples_split': 10, 'n_estimators': 300, 'subsample': 0.8}",0.5591125446184548,0.47345288739143354,0.5022312873771173,0.5660846854006474,0.4902457993709749,0.5182254408317256,0.03743131675306163,1169
0.9863612174987793,0.04317040415829818,0.009765529632568359,0.0014138432625006739,0.2,4,2,10,300,0.9,"{'learning_rate': 0.2, 'max_depth': 4, 'min_samples_leaf': 2, 'min_samples_split': 10, 'n_estimators': 300, 'subsample': 0.9}",0.5770857968116734,0.5046598405016038,0.571786091616171,0.5481694602455706,0.5097550875496855,0.5422912553449408,0.030298133187749272,1012
0.9649556159973145,0.08755399652328473,0.011015176773071289,0.0035511667330096314,0.2,4,2,10,300,1.0,"{'learning_rate': 0.2, 'max_depth': 4, 'min_samples_leaf': 2, 'min_samples_split': 10, 'n_estimators': 300, 'subsample': 1.0}",0.48622636563685495,0.5150207618034228,0.4864764918873151,0.5795896758880894,0.5324365385684007,0.5199499667568166,0.03462617863605125,1164
0.30562620162963866,0.0481131867667649,0.008264446258544922,0.0020064910415155597,0.2,4,4,2,100,0.8,"{'learning_rate': 0.2, 'max_depth': 4, 'min_samples_leaf': 4, 'min_samples_split': 2, 'n_estimators': 100, 'subsample': 0.8}",0.6901592222260097,0.6147075887488024,0.5269383716649237,0.587567016919836,0.4840220807668667,0.5806788560652878,0.0713048720037631,626
0.27321720123291016,0.004869112216319531,0.007754373550415039,0.0017437908693105659,0.2,4,4,2,100,0.9,"{'learning_rate': 0.2, 'max_depth': 4, 'min_samples_leaf': 4, 'min_samples_split': 2, 'n_estimators': 100, 'subsample': 0.9}",0.6764606891166525,0.6291112301208666,0.5910394765856526,0.56230704696687,0.5176641824141499,0.5953165250408383,0.054523871022929306,421
0.25147185325622556,0.006909604759007132,0.00616002082824707,0.0011715738472536585,0.2,4,4,2,100,1.0,"{'learning_rate': 0.2, 'max_depth': 4, 'min_samples_leaf': 4, 'min_samples_split': 2, 'n_estimators': 100, 'subsample': 1.0}",0.6689356000047664,0.6340876808065354,0.5235415960303142,0.5742367703641108,0.5604338484430984,0.592247099129765,0.05232334366065278,472
0.5997649192810058,0.028978059257370233,0.008725357055664063,0.0008676653773260178,0.2,4,4,2,200,0.8,"{'learning_rate': 0.2, 'max_depth': 4, 'min_samples_leaf': 4, 'min_samples_split': 2, 'n_estimators': 200, 'subsample': 0.8}",0.6846297276593296,0.5935799188552251,0.4877671610475274,0.5908441790066121,0.44906736013396975,0.5611776693405328,0.08381914152597383,872
0.6409334182739258,0.03869612132553499,0.008832693099975586,0.0015189654373181838,0.2,4,4,2,200,0.9,"{'learning_rate': 0.2, 'max_depth': 4, 'min_samples_leaf': 4, 'min_samples_split': 2, 'n_estimators': 200, 'subsample': 0.9}",0.6901114291892042,0.6026492052715448,0.552229076440583,0.5434012752835389,0.4984669125164961,0.5773715797402734,0.06536253601723235,673
0.6042564392089844,0.02600147534496661,0.008276939392089844,0.0005601183261824493,0.2,4,4,2,200,1.0,"{'learning_rate': 0.2, 'max_depth': 4, 'min_samples_leaf': 4, 'min_samples_split': 2, 'n_estimators': 200, 'subsample': 1.0}",0.6632913814760624,0.609608671950703,0.504170503745477,0.5574634544370513,0.5414649316496474,0.5751997886517882,0.055573154344215,712
0.9272500038146972,0.028929835342356183,0.011791658401489259,0.0022954680406070617,0.2,4,4,2,300,0.8,"{'learning_rate': 0.2, 'max_depth': 4, 'min_samples_leaf': 4, 'min_samples_split': 2, 'n_estimators': 300, 'subsample': 0.8}",0.6908952128470991,0.5716721019308815,0.47349823720445583,0.5798363381129896,0.43535996846846436,0.5502523717127781,0.08967261138195391,951
1.0100977897644043,0.05591801779553319,0.011600399017333984,0.002472149361628247,0.2,4,4,2,300,0.9,"{'learning_rate': 0.2, 'max_depth': 4, 'min_samples_leaf': 4, 'min_samples_split': 2, 'n_estimators': 300, 'subsample': 0.9}",0.6876548270151772,0.5761779762600303,0.5342963149418707,0.5338146068582524,0.49987995981042854,0.5663647369771518,0.06529273445668266,818
0.9291993618011475,0.0672172783451174,0.008960676193237305,0.002016132129492364,0.2,4,4,2,300,1.0,"{'learning_rate': 0.2, 'max_depth': 4, 'min_samples_leaf': 4, 'min_samples_split': 2, 'n_estimators': 300, 'subsample': 1.0}",0.6609588371314616,0.5990008180847628,0.48650974925088786,0.5502035364133993,0.5352266311677567,0.5663799144096536,0.059364537434590636,816
0.33101186752319334,0.029520139024464452,0.007634592056274414,0.0001941512860331342,0.2,4,4,5,100,0.8,"{'learning_rate': 0.2, 'max_depth': 4, 'min_samples_leaf': 4, 'min_samples_split': 5, 'n_estimators': 100, 'subsample': 0.8}",0.6901592222260097,0.6147075887488024,0.5269383716649237,0.587567016919836,0.4840220807668667,0.5806788560652878,0.0713048720037631,626
0.28439817428588865,0.007699804491837675,0.008100748062133789,0.0018487040394399251,0.2,4,4,5,100,0.9,"{'learning_rate': 0.2, 'max_depth': 4, 'min_samples_leaf': 4, 'min_samples_split': 5, 'n_estimators': 100, 'subsample': 0.9}",0.6764606891166525,0.6291112301208666,0.5910394765856526,0.56230704696687,0.5176641824141499,0.5953165250408383,0.054523871022929306,421
0.25467967987060547,0.004495826441044095,0.007521152496337891,0.0017207986563966312,0.2,4,4,5,100,1.0,"{'learning_rate': 0.2, 'max_depth': 4, 'min_samples_leaf': 4, 'min_samples_split': 5, 'n_estimators': 100, 'subsample': 1.0}",0.6689356000047664,0.6340876808065354,0.5235415960303142,0.5742367703641108,0.5604338484430984,0.592247099129765,0.05232334366065278,472
0.5775630474090576,0.02263553214709555,0.009102773666381837,0.0009476751151655389,0.2,4,4,5,200,0.8,"{'learning_rate': 0.2, 'max_depth': 4, 'min_samples_leaf': 4, 'min_samples_split': 5, 'n_estimators': 200, 'subsample': 0.8}",0.6846297276593296,0.5935799188552251,0.4877671610475274,0.5908441790066121,0.44906736013396975,0.5611776693405328,0.08381914152597383,872
0.6322080612182617,0.03254985308172809,0.009413003921508789,0.002076612307157443,0.2,4,4,5,200,0.9,"{'learning_rate': 0.2, 'max_depth': 4, 'min_samples_leaf': 4, 'min_samples_split': 5, 'n_estimators': 200, 'subsample': 0.9}",0.6901114291892042,0.6026492052715448,0.552229076440583,0.5434012752835389,0.4984669125164961,0.5773715797402734,0.06536253601723235,673
0.6241978168487549,0.06046601666983652,0.009427118301391601,0.0027842774474140697,0.2,4,4,5,200,1.0,"{'learning_rate': 0.2, 'max_depth': 4, 'min_samples_leaf': 4, 'min_samples_split': 5, 'n_estimators': 200, 'subsample': 1.0}",0.6632913814760624,0.609608671950703,0.504170503745477,0.5574634544370513,0.5414649316496474,0.5751997886517882,0.055573154344215,712
0.9713174343109131,0.06917372736900056,0.009723901748657227,0.0010487117139809615,0.2,4,4,5,300,0.8,"{'learning_rate': 0.2, 'max_depth': 4, 'min_samples_leaf': 4, 'min_samples_split': 5, 'n_estimators': 300, 'subsample': 0.8}",0.6908952128470991,0.5716721019308815,0.47349823720445583,0.5798363381129896,0.43535996846846436,0.5502523717127781,0.08967261138195391,951
1.1085536003112793,0.1075525165876217,0.011650943756103515,0.003489482808726146,0.2,4,4,5,300,0.9,"{'learning_rate': 0.2, 'max_depth': 4, 'min_samples_leaf': 4, 'min_samples_split': 5, 'n_estimators': 300, 'subsample': 0.9}",0.6876548270151772,0.5761779762600303,0.5342963149418707,0.5338146068582524,0.49987995981042854,0.5663647369771518,0.06529273445668266,818
0.8830681324005127,0.043838764661852915,0.009740734100341797,0.0011793447504598736,0.2,4,4,5,300,1.0,"{'learning_rate': 0.2, 'max_depth': 4, 'min_samples_leaf': 4, 'min_samples_split': 5, 'n_estimators': 300, 'subsample': 1.0}",0.6609588371314616,0.5990008180847628,0.48650974925088786,0.5502035364133993,0.5352266311677567,0.5663799144096536,0.059364537434590636,816
0.38211641311645506,0.050636461991268755,0.01143488883972168,0.0035420003103973376,0.2,4,4,10,100,0.8,"{'learning_rate': 0.2, 'max_depth': 4, 'min_samples_leaf': 4, 'min_samples_split': 10, 'n_estimators': 100, 'subsample': 0.8}",0.664143301525141,0.6803123426122475,0.5251317523316905,0.5684524064829921,0.4574088476623084,0.5790897301228759,0.0840368734132462,653
0.3428041458129883,0.03103774761115297,0.010486125946044922,0.004120677708264663,0.2,4,4,10,100,0.9,"{'learning_rate': 0.2, 'max_depth': 4, 'min_samples_leaf': 4, 'min_samples_split': 10, 'n_estimators': 100, 'subsample': 0.9}",0.6532765052316838,0.5973738321830885,0.5363148935232487,0.5763010002547567,0.5024650622716338,0.5731462586928823,0.05171105318926058,739
0.31754179000854493,0.01309681156722731,0.01021571159362793,0.0040335898207525455,0.2,4,4,10,100,1.0,"{'learning_rate': 0.2, 'max_depth': 4, 'min_samples_leaf': 4, 'min_samples_split': 10, 'n_estimators': 100, 'subsample': 1.0}",0.6164398139403163,0.651349016923658,0.5298276789534284,0.5874891806301092,0.5464283047527532,0.586306799040053,0.04454227662076537,554
0.6780847072601318,0.08914192992941193,0.009844064712524414,0.002420662051290102,0.2,4,4,10,200,0.8,"{'learning_rate': 0.2, 'max_depth': 4, 'min_samples_leaf': 4, 'min_samples_split': 10, 'n_estimators': 200, 'subsample': 0.8}",0.6651189438718149,0.6365593211287168,0.4672191219532439,0.5745044289726056,0.4671477107950206,0.5621099053442803,0.08286046211693508,859
0.6572380065917969,0.08878950650758591,0.009328413009643554,0.0021504605009501103,0.2,4,4,10,200,0.9,"{'learning_rate': 0.2, 'max_depth': 4, 'min_samples_leaf': 4, 'min_samples_split': 10, 'n_estimators': 200, 'subsample': 0.9}",0.6459689855155522,0.5695556275975637,0.4984411075010531,0.5663608716273806,0.48378342779062633,0.5528220040064352,0.05807457648548452,934
0.5931864738464355,0.04164680250606162,0.008424043655395508,0.0012846033397857554,0.2,4,4,10,200,1.0,"{'learning_rate': 0.2, 'max_depth': 4, 'min_samples_leaf': 4, 'min_samples_split': 10, 'n_estimators': 200, 'subsample': 1.0}",0.6098403818659257,0.624781252444746,0.47948123639509854,0.5771497305347164,0.5302283333728484,0.564296186922667,0.05338937142561687,840
0.9626989364624023,0.08017501108926803,0.012334871292114257,0.004524724335468878,0.2,4,4,10,300,0.8,"{'learning_rate': 0.2, 'max_depth': 4, 'min_samples_leaf': 4, 'min_samples_split': 10, 'n_estimators': 300, 'subsample': 0.8}",0.659554907421359,0.6145094585553696,0.46715658500086576,0.5610336439657237,0.4620356573313883,0.5528580504549413,0.07854349624277827,933
0.9611773014068603,0.08411660499527088,0.010834503173828124,0.0024590237296060434,0.2,4,4,10,300,0.9,"{'learning_rate': 0.2, 'max_depth': 4, 'min_samples_leaf': 4, 'min_samples_split': 10, 'n_estimators': 300, 'subsample': 0.9}",0.643329035483974,0.5493802454956569,0.4982004007253771,0.5603512595999429,0.4796561218041355,0.5461834126218172,0.05723018351165678,995
0.9178916454315186,0.056828017037148494,0.010818386077880859,0.004195743012683316,0.2,4,4,10,300,1.0,"{'learning_rate': 0.2, 'max_depth': 4, 'min_samples_leaf': 4, 'min_samples_split': 10, 'n_estimators': 300, 'subsample': 1.0}",0.606214494018825,0.6075730015203658,0.4670173716214143,0.5720303329297574,0.5248287690475553,0.5555327938275835,0.0535288779135889,912
0.37441048622131345,0.04272066338434472,0.008072376251220703,0.002339239424349528,0.2,5,1,2,100,0.8,"{'learning_rate': 0.2, 'max_depth': 5, 'min_samples_leaf': 1, 'min_samples_split': 2, 'n_estimators': 100, 'subsample': 0.8}",0.45701937615820964,0.6155741780263078,0.5457370997670874,0.552426873047699,0.5337464592473588,0.5409007972493325,0.05063522765531686,1020
0.31884040832519533,0.022153353553350418,0.009723711013793945,0.004112477368342102,0.2,5,1,2,100,0.9,"{'learning_rate': 0.2, 'max_depth': 5, 'min_samples_leaf': 1, 'min_samples_split': 2, 'n_estimators': 100, 'subsample': 0.9}",0.49663420136986147,0.5776377691499728,0.5553378403458432,0.58124082674362,0.568523993852676,0.5558749262923948,0.030941238164465566,903
0.28023643493652345,0.0074604561510256085,0.008673763275146485,0.0024864945070484155,0.2,5,1,2,100,1.0,"{'learning_rate': 0.2, 'max_depth': 5, 'min_samples_leaf': 1, 'min_samples_split': 2, 'n_estimators': 100, 'subsample': 1.0}",0.45367583582675086,0.5844781158940884,0.5693859643277569,0.5499638914008357,0.5715648736929015,0.5458137362284667,0.04737155634258974,997
0.6271784782409668,0.018067225776022322,0.011362218856811523,0.0035710396494731222,0.2,5,1,2,200,0.8,"{'learning_rate': 0.2, 'max_depth': 5, 'min_samples_leaf': 1, 'min_samples_split': 2, 'n_estimators': 200, 'subsample': 0.8}",0.457618318219949,0.6090770657838147,0.5217213502504114,0.5345209695640212,0.5239398019991471,0.5293755011634687,0.04819967096067542,1116
0.7237433433532715,0.06172473175233049,0.009417963027954102,0.0011479964993541102,0.2,5,1,2,200,0.9,"{'learning_rate': 0.2, 'max_depth': 5, 'min_samples_leaf': 1, 'min_samples_split': 2, 'n_estimators': 200, 'subsample': 0.9}",0.49835045183746607,0.5651321502769027,0.540017813658241,0.5746163707155058,0.5576306385398818,0.5471494850055995,0.026906753853340633,984
0.6437738418579102,0.05383820339466896,0.011894321441650391,0.0025812353507754108,0.2,5,1,2,200,1.0,"{'learning_rate': 0.2, 'max_depth': 5, 'min_samples_leaf': 1, 'min_samples_split': 2, 'n_estimators': 200, 'subsample': 1.0}",0.4543053729290959,0.5668685457211153,0.5595360512751733,0.546076551090882,0.5609816276840571,0.5375536297400647,0.04217671085706947,1047
1.023127841949463,0.08840514843621629,0.011420249938964844,0.0025997005965604325,0.2,5,1,2,300,0.8,"{'learning_rate': 0.2, 'max_depth': 5, 'min_samples_leaf': 1, 'min_samples_split': 2, 'n_estimators': 300, 'subsample': 0.8}",0.4511490003076585,0.6075051091064959,0.5141006529867964,0.5349483852003214,0.522789382912408,0.5260985061027361,0.04995534519400389,1137
1.0167789459228516,0.08653344638149738,0.009636592864990235,0.0010303432987136614,0.2,5,1,2,300,0.9,"{'learning_rate': 0.2, 'max_depth': 5, 'min_samples_leaf': 1, 'min_samples_split': 2, 'n_estimators': 300, 'subsample': 0.9}",0.49688735867087963,0.5655530645088928,0.540093429911972,0.5729762594593439,0.5567744129392709,0.5464569050980719,0.027099904713770055,989
0.9904450416564942,0.07416900032267504,0.009972000122070312,0.0025106883602788294,0.2,5,1,2,300,1.0,"{'learning_rate': 0.2, 'max_depth': 5, 'min_samples_leaf': 1, 'min_samples_split': 2, 'n_estimators': 300, 'subsample': 1.0}",0.45320309174836004,0.5635267347210304,0.5554978297265487,0.5438055901069454,0.5535899628388294,0.5339246418283429,0.040846084209783626,1072
0.3420086860656738,0.021676226315228492,0.009648370742797851,0.0029017657122095177,0.2,5,1,5,100,0.8,"{'learning_rate': 0.2, 'max_depth': 5, 'min_samples_leaf': 1, 'min_samples_split': 5, 'n_estimators': 100, 'subsample': 0.8}",0.5036213597125332,0.5638094540233476,0.5653699216377945,0.5876307919574832,0.5193493561330931,0.5479561766928503,0.03134506720598391,977
0.3077591896057129,0.0061221436434305415,0.006915044784545898,0.00018929134343419475,0.2,5,1,5,100,0.9,"{'learning_rate': 0.2, 'max_depth': 5, 'min_samples_leaf': 1, 'min_samples_split': 5, 'n_estimators': 100, 'subsample': 0.9}",0.42320388515116836,0.6349570868524602,0.5668723816925701,0.587891955531747,0.5896065149310037,0.5605063648317898,0.07215566009718254,878
0.2819795608520508,0.009462943390014612,0.009964656829833985,0.003037290701296592,0.2,5,1,5,100,1.0,"{'learning_rate': 0.2, 'max_depth': 5, 'min_samples_leaf': 1, 'min_samples_split': 5, 'n_estimators': 100, 'subsample': 1.0}",0.46617907797449676,0.5845356401919766,0.5405618698745336,0.5604411792089877,0.6099126645386181,0.5523260863577226,0.04894737565919888,937
0.6802059173583984,0.059898045111260366,0.019035720825195314,0.017513795405513236,0.2,5,1,5,200,0.8,"{'learning_rate': 0.2, 'max_depth': 5, 'min_samples_leaf': 1, 'min_samples_split': 5, 'n_estimators': 200, 'subsample': 0.8}",0.4983508302241737,0.5309949630372082,0.5438797746861678,0.5781690249206284,0.5052381549727334,0.5313265495681824,0.02870509817596008,1095
0.7231657981872559,0.034893796547728576,0.009731245040893555,0.0013553594036411426,0.2,5,1,5,200,0.9,"{'learning_rate': 0.2, 'max_depth': 5, 'min_samples_leaf': 1, 'min_samples_split': 5, 'n_estimators': 200, 'subsample': 0.9}",0.41962056582138707,0.6210799202410752,0.537362160436095,0.5805725365444074,0.5731283737518191,0.5463527113589567,0.0687225654324159,991
0.6243268966674804,0.01492823066135192,0.010698938369750976,0.004944534440779213,0.2,5,1,5,200,1.0,"{'learning_rate': 0.2, 'max_depth': 5, 'min_samples_leaf': 1, 'min_samples_split': 5, 'n_estimators': 200, 'subsample': 1.0}",0.4630273478242072,0.5699413348496805,0.5233809429012606,0.5576938846306279,0.5855107295192342,0.539910847945002,0.04354704602761879,1031
1.0487586498260497,0.12480265936319195,0.01106405258178711,0.0022479545381538075,0.2,5,1,5,300,0.8,"{'learning_rate': 0.2, 'max_depth': 5, 'min_samples_leaf': 1, 'min_samples_split': 5, 'n_estimators': 300, 'subsample': 0.8}",0.4977016554643148,0.5249944814935872,0.5428772764102898,0.5737456182764408,0.5033262279814794,0.5285290519252224,0.02774315524197454,1125
1.183879518508911,0.14062980267328878,0.009790515899658203,0.0007024240513034479,0.2,5,1,5,300,0.9,"{'learning_rate': 0.2, 'max_depth': 5, 'min_samples_leaf': 1, 'min_samples_split': 5, 'n_estimators': 300, 'subsample': 0.9}",0.42157930891087747,0.617313691769986,0.5341322682775992,0.5787425056972104,0.5717420937435349,0.5447019736798415,0.06698253021376242,1002
1.0769441604614258,0.1107499949737451,0.01058955192565918,0.0025139092466320867,0.2,5,1,5,300,1.0,"{'learning_rate': 0.2, 'max_depth': 5, 'min_samples_leaf': 1, 'min_samples_split': 5, 'n_estimators': 300, 'subsample': 1.0}",0.4631549521891499,0.5624252387853135,0.5180481412949308,0.554629055660727,0.5803469203834333,0.5357208616627108,0.04156985671767693,1056
0.3480041980743408,0.023679088329772464,0.008722448348999023,0.001640669164495997,0.2,5,1,10,100,0.8,"{'learning_rate': 0.2, 'max_depth': 5, 'min_samples_leaf': 1, 'min_samples_split': 10, 'n_estimators': 100, 'subsample': 0.8}",0.4533513979639956,0.5825295846706051,0.4871190028898237,0.5388986774661617,0.5266313303803278,0.5177059986741828,0.044289880165925714,1172
0.31838440895080566,0.00888118889391048,0.008447074890136718,0.0013120342690624077,0.2,5,1,10,100,0.9,"{'learning_rate': 0.2, 'max_depth': 5, 'min_samples_leaf': 1, 'min_samples_split': 10, 'n_estimators': 100, 'subsample': 0.9}",0.47474259858673507,0.5966130673397181,0.5399017720792205,0.585663958741953,0.5460902285835759,0.5486023250662405,0.04293219191005394,967
0.35639305114746095,0.029240818697021692,0.009160757064819336,0.0019100438208830227,0.2,5,1,10,100,1.0,"{'learning_rate': 0.2, 'max_depth': 5, 'min_samples_leaf': 1, 'min_samples_split': 10, 'n_estimators': 100, 'subsample': 1.0}",0.5117658403726364,0.5529855121323515,0.5590210216735819,0.5834248946942955,0.5740735744594652,0.556254168666466,0.02471165927725412,902
0.7247352123260498,0.038632089601129675,0.009606218338012696,0.002126733880027457,0.2,5,1,10,200,0.8,"{'learning_rate': 0.2, 'max_depth': 5, 'min_samples_leaf': 1, 'min_samples_split': 10, 'n_estimators': 200, 'subsample': 0.8}",0.4504958881508119,0.5496019243328643,0.44375553581557103,0.529886897942309,0.5235221902535503,0.49945248729902125,0.043633631503791154,1214
0.7870327472686768,0.1263657681140691,0.010834550857543946,0.0031594867852469156,0.2,5,1,10,200,0.9,"{'learning_rate': 0.2, 'max_depth': 5, 'min_samples_leaf': 1, 'min_samples_split': 10, 'n_estimators': 200, 'subsample': 0.9}",0.46585577135055367,0.5691860333486713,0.5250093189057113,0.5799330514395029,0.5310803093265131,0.5342128968741905,0.04020116508351145,1067
0.7888783931732177,0.12912516270497656,0.009272098541259766,0.0007895704452068494,0.2,5,1,10,200,1.0,"{'learning_rate': 0.2, 'max_depth': 5, 'min_samples_leaf': 1, 'min_samples_split': 10, 'n_estimators': 200, 'subsample': 1.0}",0.508851832618858,0.5440530734786042,0.5435702975897958,0.5701747106438513,0.5588402019118974,0.5450980232486013,0.020663494022120848,1000
1.1298224449157714,0.23723652583253702,0.012076616287231445,0.001639680522991595,0.2,5,1,10,300,0.8,"{'learning_rate': 0.2, 'max_depth': 5, 'min_samples_leaf': 1, 'min_samples_split': 10, 'n_estimators': 300, 'subsample': 0.8}",0.44593279267602004,0.5428171713275298,0.43186262154335986,0.526361856532571,0.5208911113588417,0.4935731106876645,0.04544037168363613,1222
1.1583641052246094,0.20685270542232886,0.008773469924926757,0.00037932009608077517,0.2,5,1,10,300,0.9,"{'learning_rate': 0.2, 'max_depth': 5, 'min_samples_leaf': 1, 'min_samples_split': 10, 'n_estimators': 300, 'subsample': 0.9}",0.4660439456665475,0.5619209532304408,0.5067701241996716,0.575039197779567,0.5284862246984501,0.5276520891149354,0.039120860663875254,1129
1.0424824237823487,0.1331182247662425,0.009896278381347656,0.0013722409018296882,0.2,5,1,10,300,1.0,"{'learning_rate': 0.2, 'max_depth': 5, 'min_samples_leaf': 1, 'min_samples_split': 10, 'n_estimators': 300, 'subsample': 1.0}",0.507737153433881,0.5359974081227044,0.5285537955953292,0.5651580714474382,0.5420183125382377,0.5358929482275181,0.01865792259982774,1054
0.400278377532959,0.06266357320919443,0.008273649215698241,0.0009489423107482284,0.2,5,2,2,100,0.8,"{'learning_rate': 0.2, 'max_depth': 5, 'min_samples_leaf': 2, 'min_samples_split': 2, 'n_estimators': 100, 'subsample': 0.8}",0.5374359546525393,0.5770743731689845,0.5577269790654082,0.5540757193601609,0.486589518870461,0.5425805090235107,0.030701268693964816,1010
0.35806593894958494,0.03114965049947843,0.008079004287719727,0.0017123504082367938,0.2,5,2,2,100,0.9,"{'learning_rate': 0.2, 'max_depth': 5, 'min_samples_leaf': 2, 'min_samples_split': 2, 'n_estimators': 100, 'subsample': 0.9}",0.4672191824553188,0.6340031766917431,0.5489706121727237,0.5930038424673332,0.540697159543192,0.5567787946660621,0.05588625968673485,900
0.2921145915985107,0.00860450060960225,0.007502460479736328,0.0005606181911331509,0.2,5,2,2,100,1.0,"{'learning_rate': 0.2, 'max_depth': 5, 'min_samples_leaf': 2, 'min_samples_split': 2, 'n_estimators': 100, 'subsample': 1.0}",0.44644772889990814,0.568567240112021,0.5734505215473673,0.6393455702098145,0.5781468675670658,0.5611915856672354,0.06287505282292398,871
0.8287819862365723,0.0922021375882715,0.00941767692565918,0.0013034776511577021,0.2,5,2,2,200,0.8,"{'learning_rate': 0.2, 'max_depth': 5, 'min_samples_leaf': 2, 'min_samples_split': 2, 'n_estimators': 200, 'subsample': 0.8}",0.5369652947793635,0.5575034538852048,0.5282379229003782,0.5459044266557627,0.47814908611728724,0.5293520368675992,0.027376738298417892,1117
0.8624677658081055,0.13436622508531315,0.010007667541503906,0.002074073562170291,0.2,5,2,2,200,0.9,"{'learning_rate': 0.2, 'max_depth': 5, 'min_samples_leaf': 2, 'min_samples_split': 2, 'n_estimators': 200, 'subsample': 0.9}",0.4653418989780208,0.6145479283835389,0.531114875167403,0.583476652441723,0.5341983285383332,0.5457359367018038,0.05093043288217394,998
0.7289022445678711,0.08792317226490547,0.008916139602661133,0.0006256127684534886,0.2,5,2,2,200,1.0,"{'learning_rate': 0.2, 'max_depth': 5, 'min_samples_leaf': 2, 'min_samples_split': 2, 'n_estimators': 200, 'subsample': 1.0}",0.4497403579466479,0.545059491513656,0.550592314337188,0.6297093526462453,0.5673114461498403,0.5484825925187156,0.05782475200950711,969
1.1451651573181152,0.12355780838033355,0.011275053024291992,0.002094017081645723,0.2,5,2,2,300,0.8,"{'learning_rate': 0.2, 'max_depth': 5, 'min_samples_leaf': 2, 'min_samples_split': 2, 'n_estimators': 300, 'subsample': 0.8}",0.5341350044711238,0.5519041427815725,0.5206688878259434,0.5432821341401246,0.4776213472250499,0.5255223032887628,0.026090798769000875,1140
1.2187270164489745,0.22035525810401752,0.014449071884155274,0.0031731069214220747,0.2,5,2,2,300,0.9,"{'learning_rate': 0.2, 'max_depth': 5, 'min_samples_leaf': 2, 'min_samples_split': 2, 'n_estimators': 300, 'subsample': 0.9}",0.47107625225590977,0.6112644836391006,0.5335540151052927,0.5831145850332417,0.5346368041907732,0.5467292280448636,0.048024741777919544,988
1.1370081424713134,0.16720839595874767,0.009934329986572265,0.0011539209930627444,0.2,5,2,2,300,1.0,"{'learning_rate': 0.2, 'max_depth': 5, 'min_samples_leaf': 2, 'min_samples_split': 2, 'n_estimators': 300, 'subsample': 1.0}",0.45105793394072724,0.5346812128181022,0.550040199248417,0.6269513763051946,0.5647662133583491,0.545499387134158,0.056678879812763386,999
0.3725115299224854,0.03584533004288571,0.008082008361816407,0.0012366672974753756,0.2,5,2,5,100,0.8,"{'learning_rate': 0.2, 'max_depth': 5, 'min_samples_leaf': 2, 'min_samples_split': 5, 'n_estimators': 100, 'subsample': 0.8}",0.5966380181878527,0.5723342511592384,0.4523190533495267,0.5799774762844612,0.5223231337034124,0.5447183865368983,0.05242265094858053,1001
0.32880849838256837,0.005643883750044291,0.01004343032836914,0.0024768956385063,0.2,5,2,5,100,0.9,"{'learning_rate': 0.2, 'max_depth': 5, 'min_samples_leaf': 2, 'min_samples_split': 5, 'n_estimators': 100, 'subsample': 0.9}",0.4518752211092143,0.6020526636633885,0.5231971853334554,0.5698479922775692,0.5567420084246839,0.5407430141616623,0.051121974613392226,1022
0.31322565078735354,0.0036839111148916845,0.007401132583618164,0.0005457038396534097,0.2,5,2,5,100,1.0,"{'learning_rate': 0.2, 'max_depth': 5, 'min_samples_leaf': 2, 'min_samples_split': 5, 'n_estimators': 100, 'subsample': 1.0}",0.42531388755505317,0.5881139822301718,0.5379208373855705,0.5750694259659198,0.5227233021640467,0.5298282870601524,0.057416396257511944,1110
0.6597374439239502,0.028194518454952952,0.008614397048950196,0.0006815498840551556,0.2,5,2,5,200,0.8,"{'learning_rate': 0.2, 'max_depth': 5, 'min_samples_leaf': 2, 'min_samples_split': 5, 'n_estimators': 200, 'subsample': 0.8}",0.5878095368952991,0.5603416885586152,0.4299336039554261,0.568654925847645,0.513580048534922,0.5320639607583815,0.05660099410139051,1092
0.694139051437378,0.023888103439151945,0.00839090347290039,0.0007104272464944285,0.2,5,2,5,200,0.9,"{'learning_rate': 0.2, 'max_depth': 5, 'min_samples_leaf': 2, 'min_samples_split': 5, 'n_estimators': 200, 'subsample': 0.9}",0.44536390377195223,0.5834066047935209,0.503614459369788,0.5628861521294761,0.5430755121454813,0.5276693264420438,0.04886110681968667,1128
0.655132246017456,0.03901614350286739,0.009471654891967773,0.001798367879447224,0.2,5,2,5,200,1.0,"{'learning_rate': 0.2, 'max_depth': 5, 'min_samples_leaf': 2, 'min_samples_split': 5, 'n_estimators': 200, 'subsample': 1.0}",0.4257390756646232,0.5583415279547633,0.5326714506887515,0.5661240698631018,0.514519367294969,0.5194790982932418,0.05034256796721085,1165
1.078899908065796,0.16172215350186644,0.014050626754760742,0.002900970319542146,0.2,5,2,5,300,0.8,"{'learning_rate': 0.2, 'max_depth': 5, 'min_samples_leaf': 2, 'min_samples_split': 5, 'n_estimators': 300, 'subsample': 0.8}",0.5925222318167376,0.5604680424328531,0.4278580477905347,0.5662979181555519,0.5132847715489095,0.5320862023489173,0.058043924756330606,1091
1.2544848442077636,0.1737989110130468,0.01229095458984375,0.0033970923738359834,0.2,5,2,5,300,0.9,"{'learning_rate': 0.2, 'max_depth': 5, 'min_samples_leaf': 2, 'min_samples_split': 5, 'n_estimators': 300, 'subsample': 0.9}",0.4464975323922946,0.5787186472817663,0.4997068479724779,0.5589980756962036,0.5447482471160752,0.5257338700917635,0.047394606474605167,1139
0.9967306613922119,0.04511748849962987,0.009368658065795898,0.001178498661705323,0.2,5,2,5,300,1.0,"{'learning_rate': 0.2, 'max_depth': 5, 'min_samples_leaf': 2, 'min_samples_split': 5, 'n_estimators': 300, 'subsample': 1.0}",0.42741517695057274,0.5440911088096343,0.5295722225345597,0.5598927025956215,0.50997696962043,0.5141896361021636,0.046404839493890335,1178
0.37741551399230955,0.032915706454513645,0.009352159500122071,0.002696796883886471,0.2,5,2,10,100,0.8,"{'learning_rate': 0.2, 'max_depth': 5, 'min_samples_leaf': 2, 'min_samples_split': 10, 'n_estimators': 100, 'subsample': 0.8}",0.5416751263216655,0.5400251383901197,0.5589665080913246,0.5670939323031812,0.47537414245098875,0.5366269695114559,0.03229932218335765,1050
0.31047983169555665,0.015386047443862256,0.010350179672241212,0.0028980838841749412,0.2,5,2,10,100,0.9,"{'learning_rate': 0.2, 'max_depth': 5, 'min_samples_leaf': 2, 'min_samples_split': 10, 'n_estimators': 100, 'subsample': 0.9}",0.5253390157235008,0.5951639114507552,0.5759610966124546,0.5998838378718616,0.5397021042567252,0.5672099931830595,0.029784043349079935,806
0.3000028610229492,0.010393023004978479,0.008640766143798828,0.0015742961445438586,0.2,5,2,10,100,1.0,"{'learning_rate': 0.2, 'max_depth': 5, 'min_samples_leaf': 2, 'min_samples_split': 10, 'n_estimators': 100, 'subsample': 1.0}",0.4899046989814323,0.5905743585804641,0.5036905390208871,0.6216298568162215,0.5331853295134044,0.547796956582482,0.05057982302162031,979
0.6606040000915527,0.055582325592862455,0.010267686843872071,0.0014309470737366382,0.2,5,2,10,200,0.8,"{'learning_rate': 0.2, 'max_depth': 5, 'min_samples_leaf': 2, 'min_samples_split': 10, 'n_estimators': 200, 'subsample': 0.8}",0.542660946224226,0.5169097903458155,0.5256456525262495,0.5501842053443997,0.4718535053492503,0.5214508199579883,0.027472124339432864,1156
0.711628007888794,0.048645875334007896,0.009298944473266601,0.0014954678113767645,0.2,5,2,10,200,0.9,"{'learning_rate': 0.2, 'max_depth': 5, 'min_samples_leaf': 2, 'min_samples_split': 10, 'n_estimators': 200, 'subsample': 0.9}",0.5151847029247798,0.555899687027134,0.5539156600540622,0.5920611937691482,0.5247541430258879,0.5483630773602024,0.027038281558237755,971
0.6418338298797608,0.05528035334295454,0.008482980728149413,0.0006257403670388236,0.2,5,2,10,200,1.0,"{'learning_rate': 0.2, 'max_depth': 5, 'min_samples_leaf': 2, 'min_samples_split': 10, 'n_estimators': 200, 'subsample': 1.0}",0.48558380889541874,0.5746654147759189,0.5016608850627409,0.6105963185521792,0.5210920290265788,0.5387196912625674,0.04683130614711903,1039
1.0548434257507324,0.12373567587686334,0.011638307571411132,0.0014761156143716977,0.2,5,2,10,300,0.8,"{'learning_rate': 0.2, 'max_depth': 5, 'min_samples_leaf': 2, 'min_samples_split': 10, 'n_estimators': 300, 'subsample': 0.8}",0.5422624497964225,0.5091388785650467,0.5211325625272937,0.5440090262249805,0.47028581941393266,0.5173657473055352,0.026937334623030922,1173
1.0912909984588623,0.1381863958728903,0.010168313980102539,0.0034114013362207345,0.2,5,2,10,300,0.9,"{'learning_rate': 0.2, 'max_depth': 5, 'min_samples_leaf': 2, 'min_samples_split': 10, 'n_estimators': 300, 'subsample': 0.9}",0.5111166420024602,0.5468500363273043,0.5377641476353721,0.5839474501138148,0.5240695459211979,0.5407495644000299,0.024773045462397014,1021
0.9721170425415039,0.0929917402183362,0.012944746017456054,0.004891703110314481,0.2,5,2,10,300,1.0,"{'learning_rate': 0.2, 'max_depth': 5, 'min_samples_leaf': 2, 'min_samples_split': 10, 'n_estimators': 300, 'subsample': 1.0}",0.4818282950113165,0.5647884644808775,0.49701991587729977,0.6025275420201517,0.516550551266913,0.5325429537313118,0.044782218179775894,1083
0.3589922428131104,0.04822366850125279,0.008663177490234375,0.0011634088711708931,0.2,5,4,2,100,0.8,"{'learning_rate': 0.2, 'max_depth': 5, 'min_samples_leaf': 4, 'min_samples_split': 2, 'n_estimators': 100, 'subsample': 0.8}",0.6376179031753855,0.65654866142728,0.42293694033627305,0.5840994433423392,0.4966945048710272,0.559579490630461,0.08799994316294879,883
0.30367627143859866,0.004475295723255414,0.006836080551147461,0.0005751640676796004,0.2,5,4,2,100,0.9,"{'learning_rate': 0.2, 'max_depth': 5, 'min_samples_leaf': 4, 'min_samples_split': 2, 'n_estimators': 100, 'subsample': 0.9}",0.666427496931331,0.6053542750586152,0.5464264302065596,0.5659512425261233,0.5018414518689847,0.5772001793183227,0.05568961722170204,680
0.27215576171875,0.006442872504984107,0.0074233531951904295,0.0012541462098430078,0.2,5,4,2,100,1.0,"{'learning_rate': 0.2, 'max_depth': 5, 'min_samples_leaf': 4, 'min_samples_split': 2, 'n_estimators': 100, 'subsample': 1.0}",0.6371289353341916,0.6270275420695491,0.5653494573567599,0.5907782891939812,0.48595747325664473,0.5812483394422253,0.05411528427842093,624
0.6881808757781982,0.07436400273671163,0.009067583084106445,0.0015195804960745274,0.2,5,4,2,200,0.8,"{'learning_rate': 0.2, 'max_depth': 5, 'min_samples_leaf': 4, 'min_samples_split': 2, 'n_estimators': 200, 'subsample': 0.8}",0.6356563118684135,0.6315071339074063,0.37843436878511905,0.5792247122732579,0.4773493750034826,0.5404343803675359,0.09908569440634073,1029
0.6587915897369385,0.020691051606459513,0.00864863395690918,0.0006412591840022221,0.2,5,4,2,200,0.9,"{'learning_rate': 0.2, 'max_depth': 5, 'min_samples_leaf': 4, 'min_samples_split': 2, 'n_estimators': 200, 'subsample': 0.9}",0.6661168996143818,0.5722879301886186,0.5107392752599151,0.5557915487383176,0.4736817233313336,0.5557234754265133,0.06513911459474986,906
0.6419464111328125,0.02529887037951973,0.0097900390625,0.0025358640170931954,0.2,5,4,2,200,1.0,"{'learning_rate': 0.2, 'max_depth': 5, 'min_samples_leaf': 4, 'min_samples_split': 2, 'n_estimators': 200, 'subsample': 1.0}",0.6198387957322475,0.6144637303037399,0.5611422323416326,0.5851421140100617,0.4678882825134941,0.5696950309802352,0.05512714459261725,778
1.0306827068328857,0.08696135122810837,0.012565183639526366,0.005260826098878582,0.2,5,4,2,300,0.8,"{'learning_rate': 0.2, 'max_depth': 5, 'min_samples_leaf': 4, 'min_samples_split': 2, 'n_estimators': 300, 'subsample': 0.8}",0.6356829214481785,0.6171396303057637,0.3723286389122553,0.5752336557664703,0.4692770976321775,0.533932388812969,0.09927586739988609,1070
1.125644826889038,0.14208846167230724,0.010964679718017577,0.0029691633947136566,0.2,5,4,2,300,0.9,"{'learning_rate': 0.2, 'max_depth': 5, 'min_samples_leaf': 4, 'min_samples_split': 2, 'n_estimators': 300, 'subsample': 0.9}",0.6678902397110826,0.5626033722650181,0.507314813513426,0.553271214059365,0.474836754581058,0.5531832788259899,0.06555688635054453,927
1.0170905113220214,0.08755169219230838,0.011004209518432617,0.0027890557241087247,0.2,5,4,2,300,1.0,"{'learning_rate': 0.2, 'max_depth': 5, 'min_samples_leaf': 4, 'min_samples_split': 2, 'n_estimators': 300, 'subsample': 1.0}",0.6164729099758899,0.6087406931919676,0.5563397135460286,0.5790675837101406,0.4583499514505063,0.5637941703749065,0.0569255108108696,843
0.35566439628601076,0.02594818325651514,0.010510683059692383,0.0017209432694984448,0.2,5,4,5,100,0.8,"{'learning_rate': 0.2, 'max_depth': 5, 'min_samples_leaf': 4, 'min_samples_split': 5, 'n_estimators': 100, 'subsample': 0.8}",0.6376179031753855,0.65654866142728,0.42293694033627305,0.5840994433423392,0.4966945048710272,0.559579490630461,0.08799994316294879,883
0.3373268127441406,0.02298601467355051,0.00792689323425293,0.0018250203376181263,0.2,5,4,5,100,0.9,"{'learning_rate': 0.2, 'max_depth': 5, 'min_samples_leaf': 4, 'min_samples_split': 5, 'n_estimators': 100, 'subsample': 0.9}",0.666427496931331,0.6053542750586152,0.5464264302065596,0.5659512425261233,0.5018414518689847,0.5772001793183227,0.05568961722170204,680
0.27204203605651855,0.018502349525293636,0.00788273811340332,0.0010032033901136359,0.2,5,4,5,100,1.0,"{'learning_rate': 0.2, 'max_depth': 5, 'min_samples_leaf': 4, 'min_samples_split': 5, 'n_estimators': 100, 'subsample': 1.0}",0.6371289353341916,0.6270275420695491,0.5653494573567599,0.5907782891939812,0.48595747325664473,0.5812483394422253,0.05411528427842093,624
0.6486671924591064,0.07207629635373748,0.011220550537109375,0.0024536510296412923,0.2,5,4,5,200,0.8,"{'learning_rate': 0.2, 'max_depth': 5, 'min_samples_leaf': 4, 'min_samples_split': 5, 'n_estimators': 200, 'subsample': 0.8}",0.6356563118684135,0.6315071339074063,0.37843436878511905,0.5792247122732579,0.4773493750034826,0.5404343803675359,0.09908569440634073,1029
0.6825981140136719,0.051484789444797,0.008559751510620116,0.0008710252870275129,0.2,5,4,5,200,0.9,"{'learning_rate': 0.2, 'max_depth': 5, 'min_samples_leaf': 4, 'min_samples_split': 5, 'n_estimators': 200, 'subsample': 0.9}",0.6661168996143818,0.5722879301886186,0.5107392752599151,0.5557915487383176,0.4736817233313336,0.5557234754265133,0.06513911459474986,906
0.6769223213195801,0.05036894476848767,0.009759855270385743,0.001300125105141348,0.2,5,4,5,200,1.0,"{'learning_rate': 0.2, 'max_depth': 5, 'min_samples_leaf': 4, 'min_samples_split': 5, 'n_estimators': 200, 'subsample': 1.0}",0.6198387957322475,0.6144637303037399,0.5611422323416326,0.5851421140100617,0.4678882825134941,0.5696950309802352,0.05512714459261725,778
1.0141631603240966,0.06646873648555698,0.00957021713256836,0.0013759511657613164,0.2,5,4,5,300,0.8,"{'learning_rate': 0.2, 'max_depth': 5, 'min_samples_leaf': 4, 'min_samples_split': 5, 'n_estimators': 300, 'subsample': 0.8}",0.6356829214481785,0.6171396303057637,0.3723286389122553,0.5752336557664703,0.4692770976321775,0.533932388812969,0.09927586739988609,1070
1.0175296783447265,0.07743571952954925,0.009488725662231445,0.0016870609348315672,0.2,5,4,5,300,0.9,"{'learning_rate': 0.2, 'max_depth': 5, 'min_samples_leaf': 4, 'min_samples_split': 5, 'n_estimators': 300, 'subsample': 0.9}",0.6678902397110826,0.5626033722650181,0.507314813513426,0.553271214059365,0.474836754581058,0.5531832788259899,0.06555688635054453,927
0.9569855213165284,0.0709936344248913,0.010272741317749023,0.0013003687824449319,0.2,5,4,5,300,1.0,"{'learning_rate': 0.2, 'max_depth': 5, 'min_samples_leaf': 4, 'min_samples_split': 5, 'n_estimators': 300, 'subsample': 1.0}",0.6164729099758899,0.6087406931919676,0.5563397135460286,0.5790675837101406,0.4583499514505063,0.5637941703749065,0.0569255108108696,843
0.32503161430358884,0.021636819802539647,0.007925033569335938,0.0011177422237807035,0.2,5,4,10,100,0.8,"{'learning_rate': 0.2, 'max_depth': 5, 'min_samples_leaf': 4, 'min_samples_split': 10, 'n_estimators': 100, 'subsample': 0.8}",0.6707195295562531,0.6261066136423439,0.45591967887116847,0.5994786888285085,0.5037350154609097,0.5711919052718367,0.07944763492695081,764
0.2987369060516357,0.0072965841133457564,0.007172727584838867,0.0006578754770046488,0.2,5,4,10,100,0.9,"{'learning_rate': 0.2, 'max_depth': 5, 'min_samples_leaf': 4, 'min_samples_split': 10, 'n_estimators': 100, 'subsample': 0.9}",0.6604204665390959,0.5882257222556417,0.584052674239639,0.5774812120020887,0.542361465102216,0.5905083080277362,0.038528999539792455,495
0.2914546012878418,0.010077060722879463,0.007717275619506836,0.0009897232974602462,0.2,5,4,10,100,1.0,"{'learning_rate': 0.2, 'max_depth': 5, 'min_samples_leaf': 4, 'min_samples_split': 10, 'n_estimators': 100, 'subsample': 1.0}",0.638440783143629,0.6544065562592045,0.5688133877451579,0.6213318988526609,0.537876985867593,0.6041739223736491,0.04390349100074962,315
0.5877167701721191,0.03749982652530782,0.008591175079345703,0.0017740385389080294,0.2,5,4,10,200,0.8,"{'learning_rate': 0.2, 'max_depth': 5, 'min_samples_leaf': 4, 'min_samples_split': 10, 'n_estimators': 200, 'subsample': 0.8}",0.6521043321194108,0.6011341350443793,0.40687530811900985,0.5890054852781409,0.4969505735728684,0.5492139668267618,0.08701408175186345,962
0.7422255516052246,0.06926016425501338,0.01282362937927246,0.0068123144733191554,0.2,5,4,10,200,0.9,"{'learning_rate': 0.2, 'max_depth': 5, 'min_samples_leaf': 4, 'min_samples_split': 10, 'n_estimators': 200, 'subsample': 0.9}",0.6609153917295659,0.5521448562112039,0.5607927260184975,0.5685728294669274,0.5322344580521594,0.5749320522956708,0.04466729403565405,715
0.6417032241821289,0.0725425655821539,0.009739351272583009,0.0027399261545590645,0.2,5,4,10,200,1.0,"{'learning_rate': 0.2, 'max_depth': 5, 'min_samples_leaf': 4, 'min_samples_split': 10, 'n_estimators': 200, 'subsample': 1.0}",0.6242074831913322,0.6303207375341671,0.5440490796286503,0.605516661803539,0.5269165493643375,0.5862021023044053,0.04255718333643578,555
1.009752130508423,0.07959302479246395,0.011517000198364259,0.002371566091591203,0.2,5,4,10,300,0.8,"{'learning_rate': 0.2, 'max_depth': 5, 'min_samples_leaf': 4, 'min_samples_split': 10, 'n_estimators': 300, 'subsample': 0.8}",0.6530814019652753,0.5865379055931321,0.39225709423455646,0.5771659609683581,0.4945649264964753,0.5407214578515595,0.08969303025682487,1023
1.0134000301361084,0.06507201700971046,0.008696794509887695,0.0011159024537000734,0.2,5,4,10,300,0.9,"{'learning_rate': 0.2, 'max_depth': 5, 'min_samples_leaf': 4, 'min_samples_split': 10, 'n_estimators': 300, 'subsample': 0.9}",0.660091391865517,0.5335286722441857,0.543832557257613,0.5609756771111589,0.521797436966039,0.5640451470889026,0.04971715160162599,842
0.8022743701934815,0.06514992115107628,0.01015782356262207,0.0065827773869070495,0.2,5,4,10,300,1.0,"{'learning_rate': 0.2, 'max_depth': 5, 'min_samples_leaf': 4, 'min_samples_split': 10, 'n_estimators': 300, 'subsample': 1.0}",0.6283206422061871,0.6073976774647967,0.5372550452452334,0.5960300104936835,0.5154964649035921,0.5768999680626986,0.043086574793014365,689
