Feature,Coefficient
EmailLength,-0.16494200190431538
WordCount,-0.20242645867253672
SentenceCount,0.024039214708895095
AvgWordLength,-0.39191944948835566
DigitCount,-0.030050792069751933
SpecialCharCount,-0.3020029556379336
aa,-0.1525727768233729
ab,0.015021626101194972
ab html,-0.09240923310915872
abil,-0.0400975013154673
abl,-0.28558207546091635
absenc,0.1446521338884433
absolut,0.3217316889268293
abstract,-0.07904034812721777
abus,0.1983496230148385
ac,0.16489392863235278
academ,-0.16057874021931579
acadia,0.1956653162927694
acceler,-0.03493453259188192
accept,0.20070015435190633
access,-0.26803708691576256
access request,-0.16081524247228568
accommod,-0.032897916011879774
accomod,0.028431345479555326
accompani,-0.1425471421374367
accomplish,-0.1170408227598191
accord,0.04331337946392774
account,1.2379739350504604
account manag,0.4770643841696198
accur,-0.09637252137288027
accuraci,0.023893842430509585
accuraci complet,0.04579544491949017
achiev,0.017608943408243583
acknowledg,-0.013615095976891029
acquir,0.174348613490038
acquisit,0.17620958529051595
acrobat,-0.30687541471100227
across,-0.1789423280186429
act,0.27009137181042264
act section,0.09728013384030364
act upon,-0.19955154758654883
action,-0.08006088159181042
action may,0.4118675590938677
activ,0.06761954273048817
actual,0.018725447440381765
actual result,0.2809163705710849
ad,0.20092273702120644
adam,0.006956265973661405
add,0.06058369127288874
addit,-0.6018268126037545
addit inform,0.09419426174525948
address,0.08390592461761377
address perman,0.5436032235689402
addresse,-0.08504758566089382
adequ,-0.03616524922239798
adjust,-0.11493786178090531
administr,0.1268083801286199
administr coordin,-0.04656832991873646
adob,0.1852624565009237
adob acrobat,-0.2962739601291756
adob creativ,0.1417047166470274
adob photoshop,0.21379813952360688
adob premier,0.1864642310363022
adopt,0.07441881118261473
adult,0.2877968412709871
advanc,0.11176269032495052
advantag,0.2779696458687828
advertis,0.7983592603914307
advertis solicit,0.542647471477001
advic,0.09589782398752665
advis,0.3235896486559415
advisor,0.14165553029544717
advisori,-0.044698002539504886
advisori board,-0.020649816628860063
affair,-0.045605968314893594
affect,0.1467125188765948
affili,0.11487815839903744
afford,0.38104406760190046
afraid,0.10358513263962495
africa,0.35051151914614015
afternoon,-0.3265588485359391
ag,0.13826481377697636
age,0.24205476351477126
agenc,-0.04305756892810101
agenda,-0.2836544281953907
agent,0.25346817888641926
agent squirrelmail,0.08601481076759625
aggreg,-0.08306185072377631
aggress,0.16656922129297141
ago,-0.19697029956821474
agre,-0.21067836839812115
agreement,-0.14832916446691838
agricultur,-0.07722621901094558
ahead,0.03672594192289674
ahmad,-0.10062209365262569
ahmad lon,-0.04525287274840575
aid,0.07614834237334622
aiesec,-0.07679439194680616
ail,0.1610394335698594
aim,0.3024731263820302
air,0.24925085506503958
air busi,0.13599050280834515
airlin,0.12730843683794216
airport,0.18614261255341408
al,0.4537084962892344
alan,-0.08205304195846046
alert,-0.18330710298323372
alex,-0.25215168484819556
alex huang,-0.07274757496226966
algorithm,-0.13437725851551863
alia,0.21474555716168728
allan,-0.04979482814417123
allen,-0.04014041896480368
allianc,-0.041980164229675376
alloc,-0.36551907258963173
allow,0.271863808609407
allow us,-0.12223068229510474
almost,-0.15804816516427544
alon,0.2036061391286619
along,-0.10542402735599704
alp,-0.048338323795385926
alp present,-0.019077374801763018
alreadi,-0.11986100403667896
also,-0.24333728920554296
also interest,0.15787761650827925
also like,0.0845170896386576
also need,-0.23588769966494552
also pleas,-0.11975216623553463
also provid,-0.03751630926737865
also want,-0.34242418985806644
also would,-0.04376128477000249
alt,-0.08756617634177906
altern,0.10253282139569472
although,-0.13306608418969437
alto,-0.07932025913505249
alumni,0.0008065928260171529
alway,0.39989318200646395
amaz,0.3290561113885014
amend,-0.12704892718312688
america,-0.2910453752419037
america corp,-0.07671371501044692
american,-0.05490062450585554
american electr,-0.06577293928684523
ami,-0.12413495397295012
ami oberg,-0.04247806245562404
amitava,-0.14819000417782596
amitava dhar,-0.13031480018733074
among,-0.05237402475886004
among competitor,0.15854466975533626
amount,-0.04117876327211462
amount chang,0.20883473092627616
analys,-0.08555754840279074
analysi,-0.5182729755109611
analyst,-0.26497785095687737
analyst associ,-0.0842251026426838
analyst program,-0.0965071189662774
analyt,-0.2874987438642338
analyz,-0.014437813923218197
andersen,-0.1403326785113746
anderson,-0.09079310624315548
andi,-0.006312844413290273
andmanyoth,0.7914340123782031
andrea,-0.05992296286729026
andrew,-0.06534003886871123
andrew cmu,-0.03424195292675601
angela,-0.0688258080304371
angela dorsey,-0.02484467009870454
anim,0.16473163906940452
anita,-0.2550835500058099
anita dupont,-0.09046642532938193
anjam,-0.28144986253679993
anjam ahmad,-0.09362510973533487
ann,0.14609657946834165
announc,-0.22127458261402017
announc today,0.12998731619972673
annual,-0.13718996862882318
annuiti,0.07824486482608828
anoth,0.1921969140416966
anshuman,-0.05973979522547375
anshuman shrivastava,-0.026069017620213276
answer,0.33308860412762525
answer question,0.17403317411886565
anthoni,0.0746543884601072
anticip,0.040436992845969855
antonio,0.350720530717002
anybodi,0.06022458540406626
anyon,0.2619036586800058
anyon els,-0.1284768693042489
anyth,0.17786175961432418
anyth els,-0.13616567696968956
anytim,0.10274366834649894
anyway,-0.2150589534819474
anywher,0.3604283668150717
aol,-0.35228657037696204
aol com,-0.36324260858514856
apart,0.09938548741937087
apolog,0.06540076348222251
appar,-0.15426914361461488
appeal,-0.07615870932979768
appear,-0.022315634346076314
appli,0.07084912764851778
applic,-0.09387711807281113
appoint,-0.14196454304036965
appreci,-0.4934564759562767
appreci could,-0.12837875174651217
appreci help,-0.1429087266723175
appreci opportun,-0.0037518624251316616
approach,-0.3411130614323346
appropri,-0.2270494368549834
approv,-0.17368005929684735
approv pleas,0.10608277944323838
approv review,-0.22049112329811157
approv stinson,-0.08378883106769427
approx,-0.08795647633761279
approxim,-0.2958951044449931
apr,0.12150577165142858
april,-0.5118158559254563
april http,-0.021130593933087135
april pm,-0.06422870013331536
april th,-0.1764250044465714
aram,-0.09349868350342286
arbitrag,-0.0799349643778991
archiv,-0.3011337454592292
area,0.6823791254415548
aris,-0.03631207834151953
arm,0.25721915667534495
around,-0.07986516557973149
around world,-0.1148474020437475
arrang,-0.42202102570568384
arrang meet,-0.07995900773651893
arriv,-0.10567885887187481
art,0.381395862197473
arthur,-0.06120624030298975
arthur andersen,-0.06755039004949104
arthurandersen,-0.09116081456819111
arthurandersen com,-0.09116081456819111
articl,-0.562128659860901
artist,0.26839292719284646
artwork,0.13188749358520138
asap,-0.2470725743625223
ashley,-0.02901978428776999
ashley baxter,-0.02396538370861177
asia,0.008961892285289532
asian,-0.10537320556720686
asian option,-0.06381660170703163
ask,-0.4503114296428297
asp,-0.2575613486714991
asp id,-0.2382693617055734
aspect,-0.09091588103582157
assembl,0.11868672649066854
assess,-0.04884931416154875
asset,-0.4162398936247189
assign,-0.4431789462054803
assist,0.16678417550759775
assist professor,-0.07373001820822357
assist shirley,-0.027094750567381334
associ,-0.5054261549317629
associ analyst,-0.1181060547841397
associ inc,-0.19039034475863803
associ program,-0.1404012318177828
assum,-0.476967883761675
assumpt,-0.14281485820000558
assur,0.6434441207738639
atlanta,-0.0692277016939122
attach,-1.4593379496705352
attach copi,-0.08207738835466342
attach file,-0.23217041341910707
attach pleas,-0.141241811847559
attach resum,-0.13197321042522717
attempt,0.4081411824860857
attend,-0.4906811830077708
attend meet,-0.05140833314678396
attende,-0.004715790652334306
attent,0.3626025143148335
attl,-0.17765240741532387
attl htm,-0.17765240741532387
attorney,-0.04082835526404892
attract,0.42670250078052235
attribut,-0.04726273256704008
au,0.11968537481774368
auction,-0.13244364979945497
audienc,-0.096012178253003
audio,-0.19959215201096833
audit,-0.112966225784703
aug,-0.05880547118857848
august,-0.44502762857681094
august subject,-0.032904230843413484
aurora,-0.17065143835073232
austin,-0.19147685395481212
austin austin,-0.04371613471035339
austin texa,-0.030653134193173486
austin tx,-0.049181618245739085
australia,-0.07327382618945778
australian,-0.07932270500052759
authent,0.5475985350008197
authent user,0.08601481076759625
author,0.03068803949702109
authoris,-0.014517591560386647
auto,0.0894714838780315
autom,0.5063591356909655
automat,-0.21246014638905714
avail,-0.03951759912467027
avail avail,0.17528932554848545
avail instant,0.34457289535485364
avail meet,-0.031745416151553886
ave,0.36922845136798527
avenu,0.04118586196401046
averag,-0.07385056799811586
averag custom,0.1807833186681954
avoid,0.02823159570097572
await,-0.12615909705782993
awar,0.25014363942550844
award,0.05631473800052331
away,0.24085855640353127
away futur,0.13599050280834515
azurix,-0.11072674327904013
back,-0.14136264043437594
back offic,0.047009646623905596
background,-0.38885989046558544
backup,0.1658243906601534
bad,0.34177494477800785
bag,0.010916756996391486
baker,-0.03439924637358657
balanc,-0.03529947278475536
ball,-0.18078221806010053
bambo,-0.13417829341277349
bandwidth,-0.1029243762092342
bank,0.6641049261776939
bank account,0.580016479224331
banker,-0.06638941369977056
bankruptci,-0.08376947403553239
barbara,-0.0887866258328499
bardzo,-0.22178465066319403
barrel,-0.0792804491525226
barrett,0.09076527121353838
barri,0.0166292926461703
barri castillo,0.08601481076759625
base,0.037347629910061665
base review,0.1807833186681954
basi,-0.15674223128316644
basic,-0.137920271515754
basket,-0.23829493723618558
baxter,-0.03691811453975578
baylor,-0.039136937693556716
baylor edu,-0.090184306945001
baylor univers,-0.06802264892468382
bbl,-0.0618425332644762
bcc,-0.048565435891296097
bear,0.00935596533133563
beauti,0.16167256113097447
becam,0.2058593510763693
beck,-0.021465090391962614
becki,-0.09671266186736653
becom,0.10791190241650929
bed,0.30505741126351676
bed thing,0.11766318023919713
began,-0.019069647683924607
begin,-0.23509810093081887
behalf,0.21499500491996573
behavior,-0.02681128676796368
behind,0.26894647035558233
belief,0.02599123163593533
believ,0.09755921131407957
belong,0.14874546937915756
ben,-0.1482580487476895
ben parson,-0.06693965715133719
bench,-0.024387580976845822
benchmark,-0.004652936176612394
benefit,0.07329041040551486
benefit creativ,0.10701379208192349
bennett,-0.10955966741264021
berkeley,-0.09698361578023194
berkeley ca,-0.031059156944406544
berkeley edu,-0.04999874803564254
bernard,-0.010838912520978185
best,0.2570252407286615
best regard,-0.3306696530855722
best reqard,0.10069265596200751
best way,0.017619282433586046
best wish,-0.3323826635472166
beth,-0.02127518782336827
beth miertschin,-0.007253673979237216
better,0.5057778209732756
beyond,-0.08067898559290874
bharati,-0.05929906937668073
bid,-0.3838484697137154
bid ask,-0.03660186901891665
bidder,-0.09002891602788508
big,0.18101957402747237
bigger,0.1417821014085735
biggest,0.2661744113927006
biliana,-0.010950506068435182
bill,-0.010382119743482595
bill bradford,-0.05450896489339858
billi,0.02694933341841512
billion,0.03668818082988394
billion dollar,0.13651314095233022
bind,0.013443355567825506
bio,-0.09362315267372028
bit,-0.15343619203124126
bit prioriti,0.08325015625985745
biz,0.5008476037988365
bjorn,-0.03903538492607321
bjorn hagelmann,-0.018654206973798156
black,0.14287904407777438
black schole,-0.15790403750234358
blame,-0.10659685028192305
blank,-0.0885670479472293
block,0.148708543857593
blood,0.15574092887938606
bloomberg,-0.07982986987613347
bnp,-0.1440562726286482
bnp pariba,-0.1502024080115421
board,-0.15289923495240923
board director,-0.013082907009500646
board meet,-0.10446945697417846
board mseb,-0.046128814757664546
bob,-0.34304017206083587
bob lee,-0.147081483792658
bodi,0.36649266619025056
bond,-0.31130830335703313
bonu,0.10411965026140348
book,-0.26808654554783523
boost,0.17535155825972085
boost revenu,0.12600554323326732
boost sex,0.07991994565561156
border,0.17765632686688426
born,0.1670128629149075
boss,-0.0792659484421279
boston,-0.10568881166943679
boston univers,-0.018365396127920857
bottom,0.0013714553564485386
bought,0.09306938215705388
bouillion,-0.016339823634586966
box,-0.010977949449132414
box waco,-0.10750350854185903
brad,-0.1279549992009373
bradford,-0.07178968030088828
bradley,-0.03210957495017823
brand,0.5873225169144468
break,-0.11269200539499746
breakfast,-0.07665560582746024
breath,0.13910677574490876
breath fresh,0.13599050280834515
breath new,0.13599050280834515
brent,-0.12601817588928943
brian,-0.010740216959652944
bridg,-0.10196628314851891
brief,-0.23753732656315862
briefli,-0.10169696121613923
bright,0.18232323896719155
bring,-0.24990110622574244
broad,-0.08761173842017447
broadband,-0.17924094729355694
broadband servic,-0.1055658335482508
broadcast,0.18427101813666846
broadcast email,0.11586356709802079
brochur,0.07905610167997631
broker,0.41356313110822995
brother,0.10822776697472632
brought,0.10426415807687403
brown,-0.09752614531442447
brown bag,-0.07156861751153457
brown robertwalt,-0.021031225325070364
brows,0.012872483761301293
brows site,0.12844766063963592
browser,0.03475531146023023
bruce,-0.07583637598743241
bryan,-0.06278920275504386
bryan seyfri,-0.06463094623512065
bs,0.08492587753279553
bu,0.04777183859040512
bu utexa,-0.0520875897421008
budget,0.02231132852400363
build,0.04370198787025741
builder,0.35804809348187877
built,0.135112147195589
bulk,0.38892849436923677
bullet,-0.009222104383878795
burn,0.3572874550719388
bush,-0.19796404972922418
busi,0.5363618701077321
busi administr,-0.06724830723990274
busi best,0.28351634210859883
busi day,0.007281442307209507
busi develop,0.07468685809846332
busi make,0.10177461185139498
busi model,-0.021990995066818963
busi organ,0.12960090307870437
busi plan,-0.08122913757528792
busi school,-0.10694945400020957
busi start,0.1281419970078636
busi unit,-0.2117623481302369
busi univers,-0.037441767393761614
button,-0.5221401130013965
buy,0.49744765373803124
buy get,0.12600665234798175
buy sell,0.10113084710683208
buyer,0.17825942521097662
ca,0.3996827013247162
ca mail,0.21987182059992255
cabinet,-0.06874648232294686
caida,-0.06997844549902636
cairn,-0.018431207319923617
cal,-0.029976313332598054
calcul,-0.21928040530108653
calendar,-0.49867365758465265
calibr,-0.11161280955768547
california,-0.5720271736955995
california berkeley,-0.013478112040827874
call,-0.5089316045354306
call question,-0.26154100074328296
call thank,-0.06707490968070119
call tomorrow,-0.06887508356143571
cambridg,-0.19096628321592865
cambridg energi,-0.2184949344439692
came,-0.2269085399360564
camera,0.18640171362342758
campaign,0.2717248656891779
campo,-0.06896897803423135
campu,-0.19517475490453068
canada,-0.19893322771560026
cancel,0.07470754107147091
candid,-0.2838309788078198
cannot,0.6603778521773649
cannot even,0.11595208174254508
cantekin,-0.17833524295014871
cantekin dincerl,-0.03480092996207461
cap,-0.19528692395671182
capabl,-0.1818541793142886
capac,-0.47829658591290813
capit,-0.15824401736826083
capit trade,-0.1415193200095481
captur,-0.16373428831629258
car,0.3477818732350504
card,0.7825674081153795
care,0.11883937292061873
career,0.025029359943267673
carl,-0.01684832258020683
carlo,-0.134964421530518
carlo simul,-0.05029203959991969
carnegi,-0.1268228781467488
carnegi mellon,-0.12060257979438922
carol,-0.029088336705724298
carr,-0.10081237834545509
carr collin,-0.10081237834545506
carri,0.19530080465449434
carrier,0.03723738227506665
carson,-0.12799886963438817
case,-0.27386062119880605
case studi,-0.10087660893051657
cash,0.23236644133445208
cash flow,-0.09215838414260415
castillo,0.08561227238053987
castro,-0.056252542301525855
catalog,0.08074801092376332
catch,0.018563360539755533
categori,0.0571678428048275
cathi,-0.01802838484768669
caus,0.19212756763675948
causey,-0.043944658223325384
caution,-0.2189730956830312
cc,-0.9637543945432617
cc bcc,-0.03507599820985206
cc sent,-0.059805726165024574
cc shirley,-0.029599330213172684
cc stinson,-0.04697711172925797
cc subject,-1.1640900560811323
cc vinc,-0.2233003614265315
cd,0.543663716649585
ce,0.21713763140567346
celebr,-0.1817576698106676
celest,-0.06605407768903382
celest robert,-0.049628722711214414
cell,-0.23515271364188894
cell phone,-0.031319852067099356
cent,0.2667299426391612
center,-0.05700570970280804
center energi,-0.038914497807039136
centr,-0.07962276696242714
central,-0.2646599386631853
ceo,-0.0017099545883397754
cera,-0.42690234591001763
cera com,-0.33194640866090735
cera confer,-0.07098862301772679
certain,0.1524779843089289
certainli,-0.25395438640432494
cfm,0.048454161864782345
chain,0.04581834332161114
chair,-0.11462972932787192
chair financ,-0.10368871222413155
chairman,-0.2898972862168534
challeng,-0.09514205505945385
chanc,0.350569998497992
chang,-0.9822412796237967
channel,0.10066152795236237
chapter,-0.1668602039347857
charg,-0.1316178912786225
charl,-0.10251199225763903
charlen,-0.13231595311812874
charlen jackson,-0.0824233870706629
charm,-0.0025232161973228837
charset,0.25511404955685935
charset iso,0.1666687241853439
chart,-0.07705157185375563
charter,-0.14652376758091887
chase,0.026886388135989918
chat,0.30596947133954155
cheap,0.5323342665801521
cheap oem,0.1814171384372232
check,0.425602133611987
cheer,-0.23262843634207314
chen,-0.058917698960466655
chicago,-0.1129733737481597
chief,-0.151282045817591
chief minist,-0.032069270796118945
children,0.3060411155547385
chilkina,-0.22852088304874044
china,0.23266893355238175
chines,0.14665069389184038
choic,0.3802681413586624
chonawe,-0.27951343225393216
chonawe supatgiat,-0.14553385357873694
choos,0.4946599153686003
chri,-0.18086280844026065
chri strickland,-0.05640731784458163
christi,-0.20259386187565978
christi forward,-0.046979098292525626
christi patrick,-0.15406085586248852
christian,0.010337512415394656
christma,-0.2036777863514509
christoph,-0.09299112906276331
ciali,0.6376914291372991
ciall,0.08280902147742557
ciall yet,0.11766318023919713
ciick,0.1582988353437275
cindi,0.0018069375818454622
cindi derecskey,-0.013367849236459914
circul,-0.028438784228283803
citi,0.18748532464232995
citi state,0.3963413177473839
cl,0.19889822209175304
claim,0.9171402103642426
clarif,-0.13214370233412173
clarifi,-0.08147440312065471
clark,-0.07053089168271662
class,-0.02967887740105458
claus,-0.32262759236863525
clay,-0.13453163901227944
clayton,-0.3644614480814503
clayton vernon,-0.119092693521818
clean,-0.0446176969303648
clear,0.00985119898643287
clear benefit,0.10701379208192349
clearli,-0.12765575466651255
clewlow,-0.04991421174881683
click,1.6360881402004643
click approv,-0.15364190427556976
click http,0.150113931865749
click link,0.07309278342881466
click see,0.13535949535387878
client,0.1681836386194281
cline,-0.067827430459219
close,-0.12343618877635423
closer,-0.08809889933384323
club,-0.20517658083776136
cluster,-0.11288540846962995
cmu,-0.07549982162257399
cmu edu,-0.03986590004297456
cn,0.19013314345006077
co,-0.2015447204771161
co rc,-0.14573469310858506
co uk,-0.10485506269162277
coal,-0.13106177103684455
coast,0.021640209142173027
cocktail,-0.08120818183967637
code,-0.22545230373072597
coffe,-0.045976710890014004
cold,-0.15117482037607016
collabor,0.06470754718238977
collar,-0.061134504007181074
colleagu,-0.43330625093949987
collect,0.5817463479574325
colleg,-0.17344311516106303
colleg busi,-0.07698121402695475
collin,-0.026041044265927474
collin chair,-0.10081237834545506
color,0.0663941532962868
color printer,-0.11142164785858222
column,-0.29829610244438104
com,0.659604687177033
com cc,-0.5803810674874352
com client,-0.17494507862512879
com enron,-0.13642119633961514
com http,0.18524718342547275
com mailman,0.16873229728578645
com mailto,0.21095727404398282
com pleas,-0.12462086319137058
com pm,-0.09374400863721542
com receiv,-0.23301966641859634
com request,-0.1247412127586868
com resourc,-0.15493510504638836
com rli,-0.19753036829791423
com sent,-0.019980461041481996
com shirley,-0.023627296023870394
com smtp,-0.01631307289684582
com subject,-0.25358241566029543
com thank,0.0779301913991824
com vinc,-0.0594373815416769
com vkamin,-0.08707556773736809
com wrote,-0.09401999108367447
combin,-0.12491248833313333
come,0.6495892956574182
come back,-0.12672056786970845
come houston,-0.07943867506719147
come tuesday,-0.01956603947242108
comfort,0.2575049139625126
comm,0.04349446235457034
command,-0.32748923825648063
comment,-0.5647532961678968
comment due,-0.014815935929460998
commentari,0.05097939531513295
commerc,-0.26877507483503627
commerci,-0.12552462641152537
commiss,-0.07340491199528555
commission,-0.06314368901893294
commit,0.1796308033272002
committe,-0.14153156159204094
commod,-0.5456651124525042
common,-0.06411584367593638
common research,-0.08012847519624533
commun,-0.17349920300648133
commun cc,-0.08187220809080903
commun enron,-0.16354498839952522
commun pm,-0.048617210483910246
commun sent,0.19805401329817138
commun subject,-0.061161917308855465
commun vinc,-0.05315708805391246
comp,0.08519422454596727
compani,0.6355400139522455
compani imag,0.4292942165215846
compani name,0.1133634506056278
compani would,-0.1062420855925319
compar,-0.009448300259323654
comparison,-0.09604650351979915
compens,0.02631514212290603
compet,0.18300268303760817
competit,-0.16315147899078342
competit price,0.17143781074381356
competitor,0.08729548618374819
compil,0.012159536077012754
complet,0.008576589404070925
complex,0.04900181732173982
complianc,0.0012950405921591046
complic,-0.08961109717739386
compon,-0.17936068070597116
comprehens,0.28258113151331316
comput,0.34998787396459335
comput financ,-0.06756356624555743
con,0.32158089904614373
concentr,-0.04523530372150645
concept,-0.11269184977390805
concern,-0.22847005919559432
conclud,0.14503914446738406
conclus,-0.0029702624573446582
conclus inform,-0.13604715578564278
condit,-0.08107178738644301
conduct,-0.046198096141026414
confer,-0.6711086546640667
confer call,-0.14344902690955386
confer particip,0.04358923891320548
confer room,-0.14429038838258543
confer vinc,-0.06432484195222042
confid,0.23956930459004777
confidenti,0.039090670459623604
confidenti inform,-0.08970545804143785
confidenti may,-0.09808359305277672
confidentiai,0.32192621584616005
configur,-0.009722283665012365
confirm,-0.44792168758169165
confirm meet,-0.050584662237087484
confirm order,-0.2614586208704178
conflict,0.03847418734587065
confus,0.15037393673666757
congest,-0.08824496418762677
congratul,-0.8480804115478735
congress,0.01994270336279815
connect,-0.10225546421844996
conoco,-0.08511435722796644
consent,0.0739085132754325
consequ,-0.05985860429727364
conserv,0.10691655993866495
consid,0.12839301554032845
consider,-0.34912039043683774
consist,0.06188109659767601
consolid,0.18193110997856082
constant,0.061113821260948956
constitut,0.15980288626124972
constraint,-0.06766452626248613
constru,0.2955188861732857
construct,0.07499432476783109
consult,0.08426014982565114
consum,-0.10164249975716909
consumpt,-0.09865096237959942
contact,0.24957780837903967
contact detail,-0.037408504809007335
contact info,-0.4484517559717488
contact inform,-0.010622991928551455
contact question,-0.12413957018269896
contact regard,-0.07668158175711995
contact us,0.5008019157552804
contain,-0.46834954788941063
contain inform,-0.018203132186263717
contain messag,-0.10894813685273352
content,0.15754860685672514
content transfer,0.12485921635857841
content type,0.015556515792624357
context,-0.21497965483947398
continent,-0.2826293796133653
conting,-0.12622550366351576
continu,-0.27240732192869116
continu work,-0.12735772764359948
contract,-0.2593703711158428
contractor,0.22663870716125498
contractu,0.16195546741459388
contribut,-0.2485608390271454
control,0.2676131451295148
controversi,0.0073032594246202785
conveni,-0.033172254526504796
convent,0.004046680935201434
convers,-0.1864328318613592
convert,0.0374574189675495
convey,-0.0987817994564239
convinc,0.16009117805752907
cool,0.2508567383383055
cooper,0.11705766565937466
coordin,-0.4908575072194757
coordin enron,-0.038739006371497006
copi,-0.3763705035357651
copi messag,-0.1176171474988376
copi resum,-0.05381591423015807
copier,-0.17272844143300964
copper,-0.09558602096244735
copyright,0.08294056970507681
cordial,-0.01247387052380743
core,-0.15217234558026468
corei,0.13747820398319735
corel,0.22147594394967043
corner,0.10403124312914894
corp,-0.7750059942525387
corp enron,-0.3047983640301426
corp research,-0.03024502873508771
corp smith,-0.031220806820718962
corpor,-0.4816476336192008
corpor financ,-0.11336377043113931
corpor relat,-0.017483366276195768
correct,-0.03444643195256313
correctli,-0.07655041128915843
correl,-0.3896349682490496
correspond,0.1928985842821829
cost,-0.14382457454037226
cost center,-0.10041451378891597
cost effect,0.31549996915992284
could,0.10818327270499578
could caus,0.22439920329374916
could get,-0.08712491484867013
could help,0.050921812289956646
could make,-0.03856819587501881
could pleas,-0.17283713256293695
could send,-0.04052957949845934
could use,-0.08455732758114806
count,0.06936946375328508
counter,0.11883110288705334
counterparti,-0.1546993279310964
countri,0.5793773556905031
coupl,-0.0847998749904911
coupl day,-0.1240803340931982
coupl week,-0.06340744385704493
coupon,-0.0240837186395538
coupon code,0.1453609307981798
coupon expir,0.1807833186681954
cours,-0.17968286464872923
court,-0.08840995418905259
cover,-0.21672647894615854
cover letter,-0.03832304974582907
coverag,-0.18012578727536677
cplex,-0.20566241802316726
craig,0.004466569919521643
creat,0.5416420264311191
creat date,-0.15364190427556976
creation,0.014988624071693294
creativ,0.4093794210718193
creativ custom,0.13599050280834515
creativ design,0.18578674910868326
creativ suit,0.1417047166470274
credit,0.30114499102451353
credit card,0.26035256405649787
credit deriv,-0.0743689932250971
credit model,-0.1425138501823683
credit reserv,-0.10301137854929837
credit risk,-0.06179370310211327
credit trade,-0.004385163292313659
creditor,-0.009025959027828734
crenshaw,-0.2926228511037962
crenshaw administr,-0.06109321965052837
crenshaw enron,-0.06916667332881243
crenshaw hou,-0.1477051677296709
crenshaw pm,-0.013549929473505137
crenshaw shirley,-0.04730976272966672
crisi,-0.12127560131968872
criteria,-0.06936060244680954
critic,-0.02823651953502802
critic success,-0.08366440310115669
crore,-0.10566728695377478
cross,0.0616138585898033
crude,-0.2694225330021422
crude oil,-0.05238164779378289
cruis,0.25452361105264776
cs,0.08727572306201896
cs adob,0.17721422433645898
cs macromedia,0.07260814991643033
cst,-0.22928973945926295
ct,0.08403233087366802
cultur,-0.09735884028067963
cum,0.3960183937864296
cumul,-0.10210922074428941
cunningham,-0.09715741402348693
cunningham na,-0.03444380407942611
curran,-0.024669459795589054
currenc,-0.15339051652423674
current,0.18368259925706618
current price,0.29753701038833946
current work,-0.04851011784651294
curv,-0.5667685159622862
custom,0.7466659456630514
custom design,0.23341509896726162
custom info,-0.477454420586641
custom review,0.1807833186681954
custom servic,-0.500388355660756
cut,0.002322299699121352
cut edg,0.1957675802686548
cv,-0.12305194781745547
cypru,0.010188409472671996
dabhol,-0.1914192404698657
dabhol power,-0.09352275378962988
daffin,-0.11377381359171404
daffin hou,-0.04517546445636572
daili,-0.09080462529435045
dale,-0.2095997138862544
dale nesbitt,-0.07169490971283689
dale surbey,-0.0500019924462572
dalla,-0.014227622710211451
damag,-0.0546130338472252
dan,-0.043222348310404196
danger,0.08741574476202825
daniel,-0.10015139488677657
darden,-0.017309000075923554
darrel,-0.06898895153009817
darrel duffi,-0.05687884208826158
dash,-0.01614559598131649
data,-0.43100608614854036
data set,-0.16044433093518715
databas,0.14066794880673533
date,-0.580205702591789
date coupon,0.1807833186681954
date jun,-0.062212809210929226
date pm,-0.10959041803787217
date time,-0.1351073624985141
date tue,0.018068340895171224
datren,-0.01940649830341217
dave,-0.181827292262857
davi,-0.3720508622604775
david,-0.32100709386253967
david port,-0.053888505725079916
dawn,-0.1304726613494327
day,-0.21144908925394565
day day,-0.019997044124140738
day shirley,-0.17011150752317836
day vinc,-0.060506992399488264
db,0.32615704787001926
dc,-0.09349437702292954
de,0.9177412077595395
de la,-0.06085291963456343
deadlin,-0.19978751517102034
deal,-0.0790281135105836
dealer,-0.24019747634195887
dean,-0.10735609873725087
dear,-0.05665619303556772
dear dr,-0.15866973418736607
dear mr,-0.41956778486233504
dear sir,0.35038528934705204
dear vinc,-0.28061172590471495
death,0.7449548162490962
debbi,-0.10340377735595943
debt,0.2025459210559335
dec,-0.23601004235732315
decemb,-0.386247676032668
decemb th,-0.05534870862583199
decid,0.006211378117361366
decis,-0.23370622177506267
decis make,0.19987586135780053
declin,0.05811136301533774
dedic,0.03810985170271041
deep,-0.08963785793751454
default,-0.24954593325605587
default rate,-0.07118397311700263
defin,0.2412942879191166
definit,0.1631286936066058
degre,0.1437682071225199
delainey,-0.10388329861786168
delay,-0.5072822431447848
deleg,0.07784501555470469
delet,0.5363546193255257
delhi,0.06989825102259001
delight,-0.04315225590344634
deliv,0.5268361021839353
deliv messag,0.09834205132503493
deliveri,0.7743221868981233
delta,-0.11679719255256496
demand,-0.25019125150741034
demo,-0.10094932624795527
demonstr,0.021480457670765094
deng,-0.12388863354937565
deni,0.09184083012876125
denni,-0.04728808226616387
depart,-0.6031042686148097
depart baylor,-0.10247725728774669
depart econom,-0.07338815808895728
depart financ,-0.15322477932290307
departur,-0.13181384755690878
depend,-0.3347416937582055
deploy,-0.3975802969166735
deposit,0.2599511650155412
dept,-0.10629973343198364
dept industri,-0.03016684066349646
depth,0.022998572954142215
derecskey,-0.013367849236459914
deregul,-0.1396856921437952
deriv,-0.6490348047448445
deriv cours,-0.027826643383950026
deriv market,-0.05572559927457112
deriv price,-0.06760938607057326
describ,-0.0604048019991887
descript,-0.1378846237091587
deserv,-0.1694471075192675
deshmukh,-0.028739071990057773
design,0.2685494098184338
desir,-0.008368653656577308
desk,-0.44295113570100114
desktop,-0.4326495421837908
despit,-0.14851941323440465
destroy,-0.13866807025220068
destroy messag,-0.1027856204256042
detail,-0.058988513270381585
detect,0.14669505136096136
determin,-0.1595959270723498
develop,-0.41364363759191397
develop cc,-0.05918859592781257
develop enron,-0.16093862429064132
develop model,-0.0996355748396164
develop new,-0.09098736942552026
develop pm,-0.053231563956987686
develop subject,-0.043207370754676774
devot,-0.08860991601093253
dhar,-0.1474828903107414
dhar corp,-0.019205205565051797
dial,0.04185203621449903
die,0.6365507413560857
diebold,-0.045286225337788144
diego,0.0357965052751092
differ,-0.13685556039818944
differ materi,0.24530217732290466
differenti,-0.13058067465593015
difficult,-0.11322058460885587
difficulti,0.04334025660478073
diffus,0.1187213286704623
digit,-0.09796525067898937
dilig,-0.02544695551582693
dincerl,-0.03480092996207461
dinner,-0.5539300525576671
direct,-0.40768934569424997
directli,-0.3098455297650255
director,-0.4998327830492091
director corpor,-0.012692506708052057
director research,-0.04446822551191882
directori,0.052253396788005994
disclaim,0.054310855322630185
disclos,-0.07528812246724617
disclosur,-0.057093532591361754
discontinu,0.11511426479757207
discount,0.15783993861333426
discount rate,-0.05598402300275683
discov,0.15308899802232398
discoveri,0.17807279494902944
discreet,0.1944187663660633
discuss,-0.8452839964933888
diseas,0.1665861601540984
disk,0.09487043684415662
dispatch,-0.0009782334052419073
display,-0.35828461438389797
disput,-0.04747268277713362
dissemin,-0.12310799145500093
dissert,-0.01787411524359214
distanc,0.11475796464935287
distinct,0.1629359134355663
distribut,-0.07541158771186414
diversifi,0.2457210139631333
divid,-0.10892209143332833
divis,-0.12221844180165874
doc,-0.6555903120360451
doc john,-0.042333935148839166
doctor,0.3221255887948627
document,-0.5072868364748659
dollar,0.55391232286866
dolor,-0.10718070905515832
domain,0.4790489246394516
domain name,0.3700616027910368
domest,0.048263165938183264
done,0.05087406099303088
donna,-0.08257943313575893
donna piazz,-0.09485317338143844
door,0.18985709304015366
dorothi,0.01183908948460301
dorsey,-0.02484467009870454
dose,0.11793331407866164
dose readi,0.07991994565561156
doubl,-0.18092519972674345
doubt,0.24307154617235943
doug,-0.0879272210356202
doug leach,-0.0380430109773806
dougla,-0.022143970368237422
dougla parson,-0.01759124456870412
download,0.14003641824622537
download coupon,0.1807833186681954
downtown,-0.1859951379278568
dpc,-0.14000382065719832
dpc board,-0.028744747865060448
dr,-0.1701461656498634
dr kaminski,-0.27268352009159813
draft,-0.2698324817511732
dragon,0.20910600732598206
dramat,0.01697454155995678
draw,0.2751003291934457
draw graphic,0.1106121178521839
dream,0.5024848396901457
dreamweav,0.12844766063963592
dreamweav mx,0.12844766063963592
drill,-0.15418332248463681
drink,-0.04001805890538892
drive,0.027294102330883988
driven,-0.1927297941190467
driver,0.04767389339182293
drop,-0.10607351289617795
drug,0.6577855305127134
ds,-0.05953119507292226
duan,0.02033820784964978
due,-0.26924705408186833
due date,-0.07636446093460002
due dilig,-0.22642791174381394
duffi,-0.10875596525255164
duffi stanford,-0.06666673324413257
duke,-0.07928681555310842
dupont,-0.09813254584253132
dupont na,-0.020064060028030656
durat,-0.04888814557979628
duti,-0.1215370204830655
dvd,0.49178018267431284
dyer,-0.02327573326709047
dynam,-0.17422970743955815
dysfunct,0.18840959411461056
earli,-0.054669091248509
earlier,-0.20781474035344724
earliest,-0.08380495921788605
earn,0.5977947537884299
eas,-0.3447326867310889
easi,0.6281777372346364
easi use,0.19581911211599332
easier,0.12809973137015648
easili,0.37563653062946994
east,-0.14938641174720235
easter,0.011969163831858146
eastern,-0.19507813807430677
eb,-0.44466821817211
eb eb,-0.011859970612231915
eb research,-0.05086105005885693
ebay,0.5517933726970713
ebl,-0.15969982123698245
ebl houston,-0.028024798455777586
ecommerc,-0.07597314968324227
econom,-0.40502571557857814
economi,-0.14026870888270726
economist,-0.07345953852338305
ect,-0.80924506084991
ect cc,-0.6440499479210116
ect christi,-0.014919588363457964
ect dale,-0.032518546451688723
ect david,-0.04004311044439412
ect ect,-0.6441446815134575
ect enron,-0.23845525697738118
ect grant,-0.0432266064783402
ect john,-0.031601651447346224
ect kevin,-0.04627328140230449
ect mark,-0.03866574660697579
ect maureen,-0.01818558279308719
ect michael,-0.04189546048744222
ect mike,-0.05792667688273999
ect pinnamaneni,-0.017778923372090735
ect pm,-0.3951873676168536
ect richard,-0.02039112778685175
ect shirley,-0.07025977978952275
ect steven,-0.0393050530788085
ect stinson,-0.09369082544794806
ect subject,-0.3888221791125862
ect tanya,-0.04091403623245952
ect ted,-0.02811483291350872
ect vasant,-0.03237821287902136
ect vinc,-0.15204631539993446
ect william,-0.030561876655949848
ect zimin,-0.04561252380064046
ed,-0.06222599787880296
ed krapel,-0.06683403176524313
edg,0.147721242576585
edison,-0.16710946602964502
edit,-0.19087354256671527
edit adob,0.17005652385700193
editor,-0.16128124687962167
edu,-0.7668496723051942
edu cc,-0.06463254553006197
edu home,-0.13437058718937328
edu html,-0.1022532498009876
edu http,-0.15504592953532143
edu jg,-0.08378596136082953
edu phone,-0.053187563675392346
edu subject,-0.07953227601461237
edu web,-0.2170753703540581
educ,0.16329067511249623
educ research,-0.03034069825014772
edward,0.16499848718141358
ee,-0.2515749294431357
ee cc,-0.07832354825348183
ee ee,-0.13550060606405145
effect,0.39448147841036924
effici,-0.06985235402780782
effort,0.05625415825929213
effort spent,0.1319758273656796
ege,-0.04489365807905103
egf,-0.0656360229146281
egm,-0.14349631840197868
ehronlin,-0.12173903967028474
ehud,-0.05232363635171535
ehud ronn,-0.06953445030599932
eiement,0.08833067023618425
eight,0.18254382229712976
eim,-0.15449765892590725
either,-0.4085942986172338
ekrapel,-0.0720217202512148
ekrapel esaibo,-0.06693260973091358
el,-0.10468757361824998
el paso,-0.09869558253594224
elect,-0.32164113512336734
electr,-0.4507614015657109
electr board,-0.09730344343786632
electr market,0.12373120892499546
electr power,-0.05894966181095871
electr price,-0.11243214413216379
electron,-0.2301901143756897
electron mail,-0.49092468714559073
element,-0.07886756767245265
elena,-0.3126593051149561
elena chilkina,-0.22660200730487612
elig,0.03926289865442664
elimin,0.18702645692330103
elizabeth,-0.11396048915767491
els,-0.30859155613055766
elsb,-0.13251173793393284
email,0.8055149474711963
email address,0.23706753840305156
email error,0.15872462319054434
email http,-0.04604889032718614
email list,0.21932587944755016
email messag,0.14870193792455483
email pleas,0.13510303472023102
email shirley,-0.06219987658110106
email sponsor,0.3504268250349034
embed,0.12205606704284401
emerg,0.009736355778149528
emerg technolog,-0.014601368035253946
emerson,0.2019511098639769
emf,-0.056152202782112276
emiss,-0.10096507513659597
empir,0.0032443630455008306
employ,-0.08174463622757638
employe,-0.8448051079904488
employe feedback,-0.04088227357035285
employe name,-0.09825565704382765
empow,-0.09531290129277896
en,0.013362409024599996
ena,-0.3427709547302953
ena rac,-0.06515750969921115
enabl,0.1879640438504122
enclos,-0.17688668483996245
encod,0.13534891508319222
encod bit,0.08943630019194278
encount,-0.03918665560554192
encourag,-0.18671645589921507
end,-0.23255059293099578
end perform,-0.04288835145939647
endors,-0.03967224035666055
ene,-0.04414487193335826
eneh,-0.08012847519624533
eneh houston,-0.08012847519624533
energi,-1.3952419649136099
energi compani,-0.17786822686135573
energi deriv,-0.1514101300498589
energi financ,-0.057280229576295076
energi industri,-0.14843325515880965
energi institut,-0.03686040057161115
energi market,-0.22165567655237778
energi price,-0.00868626689369414
energi research,-0.2184949344439692
energi risk,-0.04835178121882828
energi servic,-0.06168072908582481
energi trade,-0.12407769852642395
engag,0.03712546778032743
engin,0.503241312186502
engin may,0.1319758273656796
engin oper,-0.05995944294017714
engin stanford,-0.014081767656844543
england,0.006348123786407176
english,0.0856221936040901
enhanc,0.7629946188738592
enjoy,0.03568973363220875
enjoy meet,-0.05892484881468656
enough,0.19288719292159218
enrol,-0.3084158015081677
enron,-2.3345347361992386
enron broadband,-0.10977211267785777
enron build,-0.17293370842048067
enron busi,-0.04559620680900078
enron capit,-0.12392859679144062
enron case,-0.016669420778065477
enron cc,-0.2215584704210884
enron com,-0.7127749541746861
enron commun,-0.1780721821137381
enron corp,-0.36466526170868074
enron credit,-0.05773044009862507
enron dear,-0.057544148576516324
enron develop,-0.1782141480357293
enron employe,-0.10344515256123162
enron energi,-0.04480422744353151
enron enron,-0.21786847635927684
enron enronxg,-0.1639536809746315
enron europ,-0.12435263959567514
enron global,-0.21880214232280137
enron hi,-0.04273753613392033
enron india,-0.04738663301328228
enron industri,-0.06259261640990564
enron iri,-0.06005274362576737
enron kevin,-0.0628589204640057
enron mark,-0.015061427977838486
enron may,-0.03412402191050745
enron mike,-0.047016342982559044
enron net,-0.11630717164515111
enron north,-0.20447886282013364
enron pm,-0.20443252379419277
enron purchas,-0.2324170823757289
enron research,-0.14018206585277007
enron shirley,-0.021590455059075277
enron shmuel,-0.009096637867646713
enron stanford,-0.08724483222180766
enron subject,-0.11834711520764482
enron vinc,-0.0899684541976794
enron wholesal,-0.10433316215491098
enron would,-0.16166820393296225
enroncredit,-0.09840760401819164
enroncredit com,-0.09293024542961208
enrononlin,-0.09432219065152168
enronxg,-0.16910291047736364
enronxg pm,-0.07812276831999285
enronxg subject,-0.04501643263343621
enronxg vinc,-0.03088173169041261
ensur,0.10913253986985956
enter,0.509569980861625
enterpris,-0.1735435318715857
entertain,0.42613665220522906
enthusiast,-0.06781998751209077
entir,0.16084053374488066
entiti,-0.14299742528957485
entitl,-0.25601950392651696
entri,-0.20049289170463153
environ,-0.13122132070196124
environment,-0.09593400934352003
eogi,0.1956653162927694
eol,-0.20737143414327022
eott,-0.03409616589219226
eprm,-0.1425563591112496
eprm articl,-0.14144100921936628
epsc,-0.03956685696312121
epsc hou,-0.0238168715755949
equal,-0.04316569110060576
equat,-0.034705793696598576
equip,0.07084932748084195
equiti,-0.17815148367007458
equival,-0.011872559310016491
ercot,-0.09796258010087272
erectil,0.20128257874111927
erectil dysfunct,0.17619443038815755
eric,-0.12670801337632823
erisk,-0.42142848217814755
erol,-0.018148254968842068
eronn,-0.03801505675012351
eronn mail,-0.03801505675012351
error,0.36033651746341694
error pleas,-0.16869870492427466
errrectlon,0.11766318023919713
errrectlon provid,0.11766318023919713
es,0.2816202726560518
esai,-0.14009317710343705
esaibo,-0.11109127470390767
esaibo com,-0.11109127470390767
escrow,-0.14286703799410014
esmtp,-0.1172233878810809
esmtp id,-0.0252985110621804
especi,-0.30436760658438433
essenti,-0.20350564052484318
est,0.25811518599045474
establish,0.05822621280815861
estat,0.36503938751088477
estim,-0.1618016452703725
et,-0.19554027046005143
et enron,-0.05222528258817426
etc,-0.2120551839346576
etcheverri,-0.01575210690145687
etcheverri hall,-0.015752106901456855
eu,-0.07778428080493045
eu enron,-0.04137167259121655
euro,0.046684673996745515
europ,-0.16469124043449726
european,-0.16742497410473553
european confer,-0.0050549578671970265
eva,-0.011977503570669595
evalu,-0.3630275349120288
even,-0.14259860904408336
even imagin,0.11766318023919713
even though,-0.05059897451756782
event,-0.2200971300366256
eventu,-0.12080851078555921
ever,0.6731500800219418
everi,0.3044631487194502
everi day,-0.11110228544802143
everybodi,0.014190503580173632
everyon,-0.3842474991575334
everyth,0.4152417358221081
evid,-0.049142295913629175
evolut,-0.09125214241601419
ew,-0.07660460674983428
ex,0.0968012048041487
exact,-0.06560012100277997
exactli,0.02707001563965493
examin,-0.08344650048929121
exampl,-0.08950331025416945
exceed,-0.011669796551379664
excel,-0.2416272432995165
except,0.07246750012804268
excess,0.037655337702367044
exchang,-0.08464988447370896
exchang act,0.2560608045028228
excit,-0.17150976007185784
exclud,0.43989582317649345
exclus,0.29189401223779504
execut,-0.385212474956957
exercis,0.361420969600421
exist,0.12186011940418308
exit,-0.1673155203778412
exot,-0.14581735942318683
exot option,-0.019233360019423704
exotica,-0.1292839910241311
expand,0.1359742656052525
expans,-0.06242025876363574
expect,-0.2588128694842324
expect estim,0.17506368155508456
expedit,0.1302224996067239
expens,-0.10506836411196847
experi,0.03987446681824261
experienc,0.10945795227272836
expert,0.028214691753203982
expertis,0.06560566737470179
expir,-0.025792574962107583
explain,-0.22015124618841417
explor,-0.3592579123145967
exploratori,-0.015160670159023991
export,0.27330680274806607
exposur,-0.059454515503492664
express,-0.11263998700968829
express interest,-0.030814172003400857
ext,-0.09800937074886448
extend,0.18731198355706966
extens,-0.2930031315999142
extent,-0.10460772120172167
extern,-0.03743093573889225
extra,0.35656390467089943
extract,-0.027632258640554776
extrem,0.03845200335558635
eye,0.369232179591144
fa,-0.0787691406406377
face,0.08616488918495382
facil,-0.5703882819448813
facilit,-0.10359139433610412
fact,0.1669615022303736
factor,-0.028502872220013974
factor load,-0.04056310494720486
factor model,-0.0963915432870347
factual,0.10377660277384909
faculti,-0.15010560396547626
fail,0.6287198727582112
failur,0.7439257216583701
fair,-0.12347838955939756
fairli,-0.13380945619774948
faiz,-0.010496451288468194
fall,-0.037261195834924904
fallon,-0.12100668376586408
famili,0.33165856957387874
famili member,-0.005828079117396849
familiar,0.10314593113371233
fap,-0.07144101480813478
far,-0.0951449266227829
fast,0.8344271598185582
faster,0.1683967165863695
fastest,0.16787531397833183
fastow,-0.0331549145070782
fat,-0.07128279243020855
father,0.27564252788761284
favor,0.009287698609948755
favour,-0.010879554623261178
fax,-0.6753780297836823
fax email,-0.27247944510584327
fax internet,-0.03881553160040682
fax machin,-0.04051026503726511
fax mail,-0.02508433191120098
fax martin,-0.10081237834545506
fax number,0.03674272993638467
fax origin,-0.012580509598559915
fea,-0.012200791106462251
fea com,-0.1210140283846197
fear,0.40991916283939467
featur,0.08804606972437855
feb,-0.17910278792778575
februari,-0.3322564213696297
februari pm,-0.05373000403694696
fed,-0.11087051855678891
feder,-0.18055473821769755
fee,0.1542831064310954
feed,0.06080954294589274
feedback,-0.25878929762482383
feedback due,-0.06995074530243059
feedback form,-0.02150984764049667
feel,0.21285735135464867
feel free,-0.6331335636277962
feldman,-0.04691430186275639
felt,-0.015755818572100903
feng,-0.0693384589299985
ferc,-0.28872691029366293
festiv,-0.04411937889750501
field,-0.28493434585108296
field applic,-0.06440804525316461
figur,-0.13211728403925846
file,-0.5305875688571635
fill,0.04371622013373478
fill form,0.3171945981346225
final,0.17017763683003465
financ,-0.6947008035677211
financ confer,-0.05277920794617738
financ depart,-0.09326089015601084
financ educ,-0.03150466490445615
financ financ,-0.10081237834545506
financ program,-0.03125812819113733
financ univers,-0.06688706852164564
financi,-0.01793902584081255
financi engin,-0.06176272904979169
financi institut,-0.02277981657906234
financi market,0.0067057333316286535
financi mathemat,-0.05515377692618169
financi risk,-0.09759003332244909
financi servic,-0.13750647937338575
find,-0.1747290209691462
find attach,-0.1317610945097352
find softwar,0.09549386736753267
fine,-0.3005638216175587
finish,-0.3049474462814671
fire,-0.1322987909741744
firm,-0.18415365948756987
first,-0.45258525497404223
first quarter,-0.10501301494300948
first time,0.04189135213202884
first week,-0.1039036410244888
first year,-0.0066552400512205805
fit,-0.1685111499700368
five,0.2661188714598563
five year,-0.06813990013823171
fix,-0.10766382047561107
fix incom,-0.09874647534148148
fl,0.44470577696060193
flat,-0.047157528075034524
flaw,-0.10127723618562799
fleme,-0.01730188944132427
flexibl,-0.0882113301819783
fli,0.03983616593696549
flight,-0.03570166604933448
float,-0.07876014238856488
floor,-0.3379340243593712
florida,0.23764147446657188
flow,-0.20707399984672864
fma,-0.006265606525817571
fma european,-0.00561154931435019
focu,0.014438702793880221
focus,-0.13525641064018118
folder,-0.15258995795505909
folk,-0.13842802681196556
follow,-0.48994537136266675
follow address,0.4595548086740346
follow link,0.3458615293975728
food,0.23991378106521213
footer,0.04430012267444302
forc,0.00615470798078291
ford,-0.05305060494829115
forecast,-0.2851159710145142
foreign,0.4442733416666451
forese,0.0032688099114400668
forest,-0.20040731171201326
forev,0.18247467015822505
forget,0.11674598576612732
forgot,0.03062011970213031
form,-0.06767926721289481
form complet,0.001221422023574034
form inform,0.07695731096737368
formal,-0.15771120216716403
format,-0.029212586300730443
former,0.07011978453637896
formula,0.08072400199166904
forth,-0.04060573682364596
fortun,0.012377109231580072
forum,0.05028110148049995
forward,-0.9465491183439286
forward christi,-0.04663932135685351
forward curv,-0.1999868473011048
forward hear,-0.1924766598824407
forward kevin,-0.0980032503075602
forward look,0.3240301321633876
forward meet,-0.20816329161292557
forward messag,0.07504438425636213
forward mike,-0.06320133537833096
forward price,-0.08486178452237782
forward ravi,-0.05968418520016015
forward resum,-0.1442414295640789
forward see,-0.13964757858255478
forward shirley,-0.09341036794968181
forward stinson,-0.059256714612776755
forward talk,-0.16535343161282848
forward vinc,-0.28970429259678515
forward work,-0.11511030979861572
forward zimin,-0.08089451669966768
foss,-0.008118670542867414
found,0.42101537821080776
foundat,0.24563145062639535
founder,0.08585786634542728
four,0.03434036515743842
fourth,-0.26093379507124354
frame,-0.017527435560389815
framemak,0.17005652385700193
framework,-0.10137291518929621
franc,0.013338789532291236
franci,-0.038892989443329605
franci diebold,-0.03919908436427571
francisco,0.12549606208107103
frank,-0.0031337795846837005
free,1.199409683165002
free call,-0.1139754381177383
free contact,-0.2456132482709847
french,0.052586299733036995
french spanish,0.12844766063963592
frequenc,-0.05194844608060069
frequent,0.012061886540989783
fresh,0.305990660079641
fresh air,0.13599050280834515
fri,0.0225002990552727
fri mar,-0.03353226454091629
friday,-0.6653435902348585
friday april,-0.08282986035245173
friday decemb,-0.07111431003173735
friday march,-0.08512438887025651
friday may,-0.05837987937544075
friday septemb,-0.10707529835402142
friday th,-0.06905848025495959
friend,0.31733115712236815
friend mine,-0.07972702929366335
front,0.00029432059599635864
front end,0.01667798574699106
ft,0.05001052322053724
ftp,-0.08859400376378747
fuel,0.02110914014269685
fuel oil,-0.015200540761529033
full,0.014538960592667117
full time,-0.0535045190801361
fulli,0.3620697400293364
fun,0.12146659553959194
function,-0.20914683265861672
fund,0.6438653144630878
fundament,0.06759886742889992
futur,0.31445804295083085
futur mail,0.3156626451358409
futur success,0.12216705716255265
fw,-0.15038216527572892
fwd,-0.22061058110654397
fx,-0.15746613555809916
fyi,-0.4878751793279199
fyi forward,-0.07365439919235486
fyi vinc,-0.02250874177055467
ga,-0.12286345971033642
ga electr,-0.1301587657394724
ga market,-0.10825695554469739
ga model,-0.02347442885757945
ga pipelin,-0.04950421000295151
ga power,-0.13862453604201544
ga price,-0.08006673853465936
ga storag,-0.1904725375323187
gain,0.3150824226117628
gambl,0.03724166305675218
game,0.19017200308785023
gamma,-0.09098421620104138
gandi,-0.05460022121287813
gandi enron,-0.03126331100564792
gandi na,-0.028447808776502416
ganjoo,-0.10497928018325772
gap,0.29924611897968506
gappi,-0.052219802775473514
gari,-0.1188984903576123
gari hickerson,-0.11745978439889071
garp,-0.11866342809221983
garp convent,-0.037105496279086714
garven,-0.07736366589437338
gatech,-0.10851983052212681
gatech edu,-0.10851983052212681
gather,-0.05824088400794866
gave,-0.21014360966167636
gbm,-0.09346622757725276
gbp,-0.13373723990895725
geman,-0.09683646682740402
gene,-0.1368426441919189
gener,0.31171759202203997
gener unit,-0.08132580265949646
genethera,0.12861627503270834
gentlemen,-0.05909519801816563
geograph,-0.055165988530370975
georg,-0.10538637046914522
georgia,-0.060516957284258044
georgia institut,-0.07410140040031064
germani,0.08614162064625268
gerri,-0.030355552408402642
get,0.7585135823487481
get back,-0.0006793171034241273
get free,-0.32136651971435853
get inform,0.24019595195110868
get start,0.2069832004179424
get thing,0.03911711577861087
get togeth,-0.2084971323622344
get touch,-0.08884167378481846
gibner,-0.24064873545491378
gibner enron,-0.10973052027083531
gibner hou,-0.09655527843362328
gibner pm,-0.027166579442487668
gibner vice,-0.0203855108865235
gift,0.581549813557838
girl,0.30036369042698297
giusepp,-0.06183610738705148
give,-0.10062082700086228
give call,-0.2608101428189201
give opportun,-0.026099699075265822
give us,-0.051455880316008035
given,-0.5390365365162316
given endors,-0.13604715578564278
glad,-0.2641287231301454
glad meet,-0.019542131352903985
global,-0.44976837087361415
global market,-0.023876830846020554
global risk,-0.07131305328805612
gmt,0.02039890528230326
go,0.4230131282528762
go ahead,0.11107243987956655
go forward,-0.09796307649975539
go http,0.40931929340682804
go well,-0.0448213852989955
goal,-0.11505504508984352
god,0.46328961277243885
godbol,-0.018071308814545863
godbol committe,-0.026698575562377133
goe,-0.06865635755476591
gold,0.507911635583797
gone,0.03279387743946562
good,0.2887599452498096
good afternoon,-0.07208661159082688
good idea,-0.11297708489235322
good luck,0.08778924484358908
good morn,-0.08874834283581404
good time,-0.020371495537473104
goodpastur,-0.014402393017285612
gordon,-0.018419654937739765
gorni,-0.0201241283221926
got,0.456822244458629
gov,-0.05032299578922445
govern,0.16970106482580896
govern grant,0.02836131297190535
governor,-0.072812402983469
govt,-0.029168157269396748
gpcm,-0.14145823587830209
grade,-0.35914430933378494
graduat,-0.3737467254709164
graduat school,-0.23781034444224106
graduat student,-0.04657536990140728
graham,-0.07093120748338921
grand,0.2171158188744332
grant,-0.2443719840932206
grant masson,-0.15704671412687438
graph,-0.20158535018873977
graphic,0.057094603049157734
graphic softwar,0.17005652385700193
graphic suit,0.1106121178521839
grate,-0.11390859123593032
great,0.08959341755208546
great day,-0.1479584290634338
great errrectlon,0.11766318023919713
great weekend,-0.0808711679477008
greater,0.2032617264471184
greatli,-0.10071633936470868
greatli appreci,-0.20073117264732743
green,-0.05976889253404168
green card,0.021857581988544733
greet,-0.12322620710705245
greet london,-0.022800988519969305
greg,-0.21311620729993408
greg whalley,-0.10876736501832077
grid,-0.24883744206540637
griebl,-0.0943787298071616
grm,-0.058407091134606064
gro,-0.06631389692465646
ground,-0.045060261008997286
group,-0.5789269255324225
group enron,-0.10806243952227061
group good,-0.040899261484840896
group pleas,-0.0335395570777185
group updat,-0.005527657108039676
group vinc,-0.043966151973146614
group would,-0.0686386623827367
grow,0.20955160227127073
growth,0.30857002911538767
gsb,-0.0942623074092246
guangdong,0.024319234148134188
guarante,0.7315321096694569
guarante provid,0.21714494420015318
guess,-0.15316856774927964
guest,-0.033579763902794164
guid,0.44937472430091174
guidanc,-0.031410623327419195
guidelin,-0.11137005205642464
guy,-0.18400776959398632
gwen,-0.026401334384299025
gwyn,-0.07636773623131476
gwyn koepk,-0.051794723538529194
gzo,0.04678014755876194
gzo tue,0.08601481076759625
hagelmann,-0.018654206973798156
halal,0.0
half,-0.2068924258717321
hall,0.07460385502020607
hall univers,-0.011324129108795126
halliburton,-0.05567886790243381
hamilton,-0.07279121559832727
hand,-0.2288875078359677
handl,0.13986405319966413
hannon,-0.013573717506307982
hansen,-0.01730792273951007
happen,-0.1414965238140024
happi,-0.0270738527852939
happi new,-0.018575394137215533
hard,0.023958126063850164
hard copi,-0.15483137606832587
hardwar,0.15267865405615597
harri,-0.051761493330798845
harvard,0.14131290194610663
harvard busi,-0.1214097874506811
haymarket,-0.0205100888140139
hea,-0.4396643798713616
head,-0.07499955699969717
head research,-0.027882443243560952
headcount,-0.043375962502710946
health,0.4230748518976598
hear,0.09331731278612371
hear best,0.18003785201562245
hear regard,-0.022733934463265593
hear soon,-0.10080097918802379
heard,-0.37469154861030685
heart,0.21762775314879784
heat,0.17490993722717446
heat rate,-0.06665892077403794
heather,-0.022054360526336712
heaven,0.17988491848647128
heavi,0.16987534432909765
hector,-0.1440439756749622
hedg,-0.2445241543203174
held,-0.2611002034903143
helen,-0.09701576716429593
hello,0.5006123144113955
hello everyon,-0.4870188000585195
hello vinc,-0.33313053179180635
hello welcom,0.4209211117181244
hello would,0.12844766063963595
helo,0.05182033549970779
helo mailwisconsin,0.0824770915966925
help,0.3070973840452769
help desk,-0.22906046357405052
help us,0.1682098891095375
helyett,-0.22642050831605726
henc,-0.20242216936686291
henderson,-0.007869521599731774
henri,-0.0542526805727145
henwood,-0.1464685090364193
herein,0.2894008516522505
hesit,-0.18435623198792425
hesit contact,-0.24784438807190462
hewitt,-0.054093416727627894
hewitt lon,-0.03169137639671997
hey,0.3018887766427724
hi,-0.19615486689443187
hi shirley,-0.045834289037997335
hi thank,-0.01652594313661654
hi vinc,-0.48126876062497675
hib,-0.05894214920543433
hib visa,-0.046323882772967145
hickerson,-0.12361072834141569
high,0.660992708719154
high level,-0.03534475970965489
high tech,-0.021267852691417496
higher,-0.34389567104988505
highest,-0.1952172513762347
highli,-0.05555582635894655
highlight,-0.2468884344437334
hill,0.08143077224864192
hire,-0.2313887911134255
histor,-0.24804909072906167
histor data,-0.13119130409663884
histori,-0.1080685038101367
hit,0.03006083099233752
hold,-0.10748885018905091
hold compani,-0.06340826659632184
holiday,-0.38308189465502696
home,0.33181755741307245
home biz,0.17005652385700193
home html,-0.10081237834545506
home page,-0.6685124698661595
home phone,-0.0036659519437586777
homeland,0.12577585308477782
homeland secur,0.12577585308477782
homesit,0.12844766063963592
honor,-0.0172575900299634
hope,-0.8382941599083086
hope abl,-0.06273214775313381
hope see,-0.2525619598537841
hope well,-0.030300964378501338
host,0.3322483291333167
hot,0.6768087385133151
hot offer,0.13599050280834515
hotel,-0.08161894531909422
hotmail,0.11305845714205036
hotmail com,0.20625946670428347
hou,-0.513669404106101
hou ect,-0.501804094275727
hou ee,-0.1465099933301121
hour,0.10414381613306935
hour readi,0.11766318023919713
hourli,-0.1115702551457094
hous,0.0485446995865429
houston,-0.8858442442833329
houston common,-0.08012847519624533
houston research,-0.024977921403741835
houston texa,-0.24857691060673487
houston time,-0.04785849257523519
houston tx,-0.09461591148757742
houston vinc,-0.058374248692839845
houston visit,-0.06371431214186948
howard,-0.09862008424535129
howev,-0.38703693630286684
hr,-0.47725340604942573
hrgovcic,-0.052661716234374885
hrgovcic hou,-0.029941919910829326
hsb,-0.049048253277225895
hsb baylor,-0.10894437999739148
htm,-0.031234832543164077
html,-0.008272907702005188
html charset,0.18044730998862077
html martinj,-0.1022532498009876
http,1.5541202251649875
http garven,-0.08435194125649335
http hsb,-0.1022532498009876
http id,0.08601481076759625
http www,0.055379827798202386
huang,-0.07980260236542032
huang corp,-0.02259578604862377
hub,-0.10007464187090237
huge,0.38581810040364295
human,0.18068517331317252
human resourc,-0.21768931387355214
hundr,0.5890493503337328
hundr thousand,0.3704118820059975
hunter,-0.060228740830224885
huntington,-0.0736894719286256
hurrican,-0.25090479346498795
husband,0.3417871802945267
hyatt,-0.060934101157281435
iaf,-0.0931318601778308
iain,-0.08167068284684526
ian,-0.010142857868924224
ibm,0.19434099477611366
ibuyit,-0.10414135586245479
icon,0.0007049811812601299
id,0.177659255915613
id approv,-0.08012847519624533
id date,-0.13775721725890694
id gzo,0.08601481076759625
id password,-0.33238081930881147
idbi,-0.012726731943946797
idea,-0.09877789002030823
ideal,0.12488325294992157
ident,0.5469361057552599
identif,0.3077699752254468
identifi,-0.2467382657479217
ie,0.5199112131413395
ieor,-0.05443548330226508
ieor berkeley,-0.02693118608576842
ignor,0.2071816458698358
ii,-0.13704590480400974
iii,0.029991527451166185
ikenberri,-0.02891250360784839
il,0.21178768391490313
illiquid,-0.15876330606179265
illustr,-0.04983796824005862
ilug,0.31574123072539045
im,0.25361184777631407
imag,0.2581722656588015
imagin,0.22253768489948816
imagin like,0.13226395903669688
immedi,0.8324215353422973
impact,-0.19840068415161588
implement,-0.45345176899525996
impli,-0.0750304053110119
implic,-0.22708637601111037
import,0.022989385830013566
import normal,-0.14035425562360979
import role,0.07612040767756934
imposs,0.1609036139462712
impress,0.12255452355913951
improv,0.328617628751933
inc,0.44205752002466686
incent,-0.11745078678537606
includ,-0.06715742420185583
incom,0.15814619366448143
inconveni,0.2757800482769841
incorpor,-0.26090728535853797
increas,0.36083207722778365
increas onlin,0.1319758273656796
increasingli,-0.13890469592096408
incred,0.42654641374784397
incred low,0.07225345856390268
increment,-0.05536384998383344
inde,0.06461826378399944
independ,0.17282353182567942
index,-0.1944299944162238
india,-0.2230454397199432
indian,0.17139073602157753
indic,-0.06706584260249623
individu,-0.1606674828087611
individu entiti,0.021525386867395826
industri,-0.15845703721328788
industri engin,-0.022443629237814587
industri market,-0.06559235214487726
inflat,0.0019656984866867453
influenc,-0.057871969506973125
info,0.44526817440729627
infocast,-0.05249271869967328
inform,0.43515580065108006
inform contain,-0.02777974065762806
inform may,-0.1595241983521553
inform messag,0.3511272921367333
inform need,0.0431494075244809
inform pleas,0.028061698181131658
inform provid,0.2220610969647589
inform regard,0.019944213536785604
inform risk,-0.09749014686258793
inform submit,0.045826604812440615
inform vinc,-0.08125004485569834
inform within,0.18554248922816946
infrastructur,-0.04430683146920935
inher,0.10105465927868328
initi,-0.09940763303434641
innov,-0.1502313869973746
input,-0.22506357043802228
inquir,0.01726035407364173
inquiri,-0.12569868574334842
insid,0.02511614578422879
insight,-0.1493597981711393
instal,-0.183625208229437
instanc,0.09336391599066349
instant,0.1595999601786971
instant download,0.2809156351366366
instead,0.17779989922858208
instead go,0.1890000787318423
institut,-0.4387233544593056
institut technolog,-0.06288428544110147
instruct,-0.008797905098104854
instrument,-0.00630579196471632
insur,0.03466686850495588
insur profession,0.19805401329817138
integr,-0.3516668876111413
intellig,-0.0067946107788334
intend,-0.010790904057228235
intend recipi,-0.16742233893075517
intens,-0.024668131296297153
intent,0.004756672976844025
interact,-0.06803620700589486
interconnect,-0.14446628146005294
interest,0.403614951473752
interest enron,-0.0550540672600226
interest rate,-0.04802275794643671
interest vinc,-0.05324234420778623
interest work,-0.06238588039272546
interfac,0.02373361768236521
intern,-0.026963069301530702
internet,0.5463307577136642
internet email,-0.1060118414872706
internet explor,-0.31716257062395814
internet secur,-0.3228533799346195
internship,-0.17743486017263066
internship enron,-0.019195798355478796
interpret,-0.21115081815060158
interview,-0.6071675496778226
interview conveni,-0.02024910017225938
interview enron,-0.06310018769644495
interview research,-0.01610080233937463
interview schedul,-0.12359090220827756
interview vinc,-0.07663053786435262
interview would,-0.04352889790815783
intra,-0.1347485605896731
intranet,-0.26074312198455646
introduc,0.4604709934046069
introduct,-0.0402463655849838
inventori,-0.039392326553748996
invest,0.7820120392637879
invest advic,0.35134961453248026
invest advisor,0.4332234030083971
invest bank,-0.112128147591772
invest stock,0.10506599351816474
invest time,0.15181785990687438
investig,0.33068181419055537
investor,0.18157208663376231
invit,0.005798268119244953
invit attend,-0.06085492714315921
invit speak,-0.013822307593507707
invoic,-0.2518584790739411
invok,-0.146740471161196
involv,0.07816776664141124
iogo,0.1354399588636969
ioqo,0.12574896874747968
ip,0.1525461760839809
iraq,0.020346851143155254
iri,-0.229271228211978
iri mack,-0.10558768522217162
iri origin,-0.045666982985169254
irvin,-0.0918624855547424
island,0.1363467833677788
iso,0.1914598019574833
iso content,0.15834045266342847
issler,-0.1688727347263277
issler hou,-0.026160104305977455
issu,-0.3975012845776616
isy,-0.09483895326148867
isy gatech,-0.10771450569967837
item,-0.0027424872836627583
iter,-0.06882964237688927
itinerari,0.0010721754074682229
jack,-0.1436503409956556
jackson,-0.023037548462773536
jacob,-0.09397206238077288
jaesoo,-0.09170743957515037
jaesoo lew,-0.06827723007851905
jame,-0.08084192584060039
jame bouillion,-0.014179443065868835
jan,-0.18726943893466405
jana,-0.23259601636909402
jane,0.0007097157680616985
januari,-0.3203441195652427
januari pm,-0.03542849240797112
japan,-0.06141669890411959
japanes,-0.02706246944483112
jason,-0.2606599298029268
jason sokolov,-0.1350999750822253
java,-0.06498392930247293
jay,-0.1480418510968249
jcc,-0.14384204082860844
jean,-0.030026899469046534
jean mrha,-0.02186170666503837
jeff,-0.5739991287891
jeff shankman,-0.14122131173439892
jeff skill,-0.12787396188739242
jeffrey,-0.10101224041297915
jeffrey shankman,-0.03373620191569044
jen,-0.01083331712387767
jennif,-0.08897912038336582
jeremi,-0.02231572168016275
jess,-0.07271679350474371
jess jone,-0.06195591603201675
jest,-0.31174044169836457
jg,-0.08491103496571942
jim,-0.23454629994762058
jim irvin,-0.10900712190236359
jinbaek,-0.03569667142981433
jinbaek kim,-0.03241289952541024
job,-0.13374922780304685
job descript,-0.017261193695616683
jodi,0.021709397585398273
joe,-0.2694455163385834
john,-0.40404271926432545
john goodpastur,-0.013705802420555057
john griebl,-0.09215084284595916
john lavorato,-0.03785151465926006
john martin,-0.06350291071401096
john nowlan,-0.022053920227638257
john sherriff,-0.0460036815138895
johnson,-0.07849975504333855
join,-0.19028121080178476
join enron,-0.07793055853065121
join us,-0.3283196456429272
joint,0.0890241143222041
joint ventur,0.1686481239024184
joke,0.14203015668307492
jone,-0.21663774910197503
jone graduat,-0.13303663426339604
jone school,-0.06435453266246134
jose,-0.20453219757127392
jose marquez,-0.13657426483419524
joseph,-0.055357186699357325
joseph hrgovcic,-0.030352062205510805
journal,-0.38837095136398453
jr,-0.16784561521963656
juan,-0.03552630712510073
judg,0.13019483646276453
judgment,0.1294040444784476
jul,0.3523384857186944
jul messag,0.08601481076759625
jul receiv,0.05635502627746057
jul subject,0.12057260677299371
juli,0.08807686082080687
juli pleas,-0.06524203095564345
juli th,-0.014591416201748563
julian,-0.024065357684478324
jump,-0.05862645100884513
jun,0.11529858312025866
jun employe,-0.06085202701432008
june,-0.3437171701629657
june th,0.016473324096357194
justif,-0.021223938612781906
justifi,-0.1570832548042353
kaminski,-1.8038296332655348
kaminski cc,-0.1422367396512486
kaminski ect,-0.06288531933380359
kaminski enron,-0.3388189339226341
kaminski hou,-0.5825575318546845
kaminski manag,-0.0789725052771737
kaminski pm,-0.04332073916229885
kaminski research,-0.018941554140491895
kaminski stinson,-0.018927853424976743
kaminski subject,-0.032666409337449874
kaminski thank,-0.10438585268845142
kaminski vinc,-0.08643551510066066
kaminski vincent,-0.009918340031841494
karen,-0.10707555422222824
karla,-0.0738982213009671
karla feldman,-0.051843238028264266
kate,-0.012924948788046536
kathi,-0.11774108747340997
kathi spradl,-0.04623552768676277
kean,-0.042100249927475915
keen,-0.06382915834850006
keep,0.2847524102335683
keith,-0.11152161923791155
kelli,0.06723678688653487
ken,-0.20042641677411951
ken lay,-0.08255461059325182
ken rice,-0.027006200943295172
kenneth,-0.07387042212229669
kenneth parkhil,-0.09074711250896282
kent,-0.044584304861200144
kept,0.19083119362484136
kevin,-0.7531582346996919
kevin kindal,-0.14305846324118715
kevin moor,-0.3914376351038979
key,-0.041695604182862084
keynot,-0.10375394721206506
keynot speaker,-0.07036236738014129
keyword,-0.11238539615772103
kick,-0.04594832990178114
kid,0.15429038047140414
kim,-0.23655918949863122
kim whitsel,-0.057064554983172616
kimberli,-0.08088757520526996
kimberli watson,-0.025291073102979393
kin,0.3320374817154524
kind,0.2658746709989366
kind regard,-0.057369109070388974
kindal,-0.151978275259128
kindal corp,-0.03621785419066231
kindli,0.11331088733064562
kirste,-0.20982194906451593
kirste hewitt,-0.049275287608348955
kitchen,-0.053629692682853364
kmv,-0.01769841796463507
know,-0.211402044167012
know anyth,-0.04803933785563825
know avail,-0.019386114788050572
know interest,0.10215697180984766
know need,-0.11170170229910116
know question,-0.206611290781778
know soon,-0.13141457256690633
know thank,-0.13613429519038073
know think,-0.003825707649302771
know thought,-0.05301904726763662
know time,-0.03916220200010973
know websit,0.1319758273656796
know whether,-0.054867627516912355
know work,-0.04892274461221864
know would,-0.13490439022045025
knowledg,0.09288802027721305
known,0.22364445016477455
koch,-0.06433142762859927
koepk,-0.10130153388516257
koepk na,-0.014888119340832938
kohli,-0.2146052863728515
kohli enron,-0.07315384991589026
koi,0.0904048743720658
koi think,0.0904048743720658
krapel,-0.09689164249541214
krishna,-0.3360696068574653
krishnarao,-0.15650316774954362
krishnarao hou,-0.05733763055321699
kristin,-0.09660616833150665
kristin gandi,-0.047118940660186015
kulatilaka,-0.016180544358198417
kulatilaka boston,-0.01661611186350965
kwi,-0.0022444152365001073
la,0.17514207601900808
la roch,-0.036872852215779704
lab,0.022106027319920077
laboratori,0.26812136384502255
lacima,-0.09650316813502943
lack,-0.050053998834122204
lake,-0.0027107291557357752
lama,-0.20553483420633561
lanc,-0.1298858813570113
lanc cunningham,-0.08691306294783074
land,0.12647900271682147
languag,0.0767159298804382
languag avail,0.12844766063963592
laptop,0.20190208940112925
larg,-0.06635598797055575
larger,0.3394414538481788
largest,0.0007923357360023254
larri,-0.11326600743952771
last,-0.5878416313384752
last day,-0.176242343637307
last month,0.16874736894513506
last night,-0.08247759992250381
last week,-0.2372344055788655
last year,-0.5062546084164862
late,0.03253493449274826
later,0.05000942084765081
later today,-0.0631639044329401
later week,-0.09335865198452444
latest,-0.16184597289382635
latest oem,0.17005652385700193
launch,-0.14078603857418964
laura,-0.029288774727910236
lauren,-0.014439334541171916
lavorato,-0.03921617313740054
law,0.08503450639032965
lawrenc,-0.09636884091858174
lawyer,-0.01754530519210369
lay,-0.14012630688299335
layer,0.019331355350057297
le,0.30329896587487964
leach,-0.0380430109773806
lead,0.32536685180556324
leader,0.10667188836389017
leadership,-0.1733827945492421
learn,0.9151572107623358
leas,0.09504922889676899
least,-0.15371875400074947
leav,-0.17951276393659102
lectur,-0.11184714898674654
led,0.23046259424588453
lee,-0.19086538264795586
left,-0.37052542750267997
legal,0.3642689539743911
legal notic,0.18170471079854222
legisl,-0.03752228643485419
lend,0.23785765757626307
lender,0.30376421939033277
leno,-0.048913656259531604
leno trigeorgi,-0.04254824795972879
leppard,-0.1530627534167411
leppard lon,-0.047760739608081526
less,0.5854317381946801
lesson,-0.03465207155318676
let,-0.595578486938879
let know,-1.1189481466022484
let us,0.215334917951981
letter,0.010117520035648508
level,-0.40207394021577547
leverag,-0.15188386000506168
lew,-0.06423403166190378
lewi,-0.05546450204944318
lf,0.22408861842560643
li,0.006504808409846841
li xiao,-0.016785557919431295
liabil,-0.1574854128093921
librari,-0.12465471232818025
licens,-0.37464247507737364
licens agreement,-0.029531853668928184
life,1.5716624980223586
life busi,0.1380708854663284
life insur,0.13670067415185155
life posit,0.07991994565561156
light,-0.12312291655981329
like,0.941727105871703
like bring,-0.04275776589561716
like conduct,-0.020285070907876325
like discuss,-0.07410022823354416
like get,0.08040090798322938
like invit,0.012367468501960582
like know,-0.05665525938152043
like make,-0.06410867980049054
like meet,-0.06118634875952084
like offer,0.19076158854265252
like one,-0.11579062208676673
like real,0.1621521460185735
like see,-0.021777421120126615
like send,0.3557199773993289
like take,-0.2224404874525774
like talk,-0.03411064459183104
like thank,-0.09786001152423178
lim,-0.07836861833953047
limit,0.8288220546812988
limit time,0.25147686963601834
lin,-0.14863751565571995
line,0.14342645055101752
link,0.40458529103411434
linux,0.5217794709019558
linux ie,0.4288614608740789
liquid,-0.09703817767863136
list,0.18563318144548727
list employe,-0.07758392725924403
list pleas,0.0773181909555062
list price,0.03440414960499995
list repli,0.24984795791210154
list send,-0.15334203393936544
listen,0.19218534815596403
listinfo,0.40925638129759956
littl,0.23263959388657687
live,0.40656944906828074
llc,0.33704575946357057
lloyd,-0.04302577418466182
lng,-0.18852337252887372
lo,0.37647388655405195
load,-0.16543393912724433
loan,0.4965197707894978
lobbi,-0.153729656072911
local,0.3929936951364279
local softwar,0.17311112877255172
locat,-0.3696669381634456
lock,0.20568467606319385
log,-0.6177403722400485
login,-0.24756730951765427
logist,-0.0273708576749744
logo,0.45788909134210803
logo stationeri,0.16809536597541186
lon,-0.16279535296537545
lon ect,-0.21253422407348363
london,-0.5363153255841299
london enron,-0.024214166478902153
london offic,-0.11255537335952445
london research,-0.11150078066316986
long,0.33118651395609056
long term,-0.04635564411915976
long time,0.40375491586764484
longer,0.1476734522031515
look,0.310723827968636
look forward,-0.5087848045137154
look good,0.056037410314013686
look like,-0.19817697881467994
look statement,0.299603875648016
loop,0.077843245309459
loos,0.12483449481451596
loqo,0.15779860634050794
lose,0.4080507036097476
loss,0.08694369922651206
lost,0.2682283469654107
lot,-0.16986204190300144
lot thing,0.03797744124319777
lotu,-0.23071529866189547
lotu note,-0.24048410770488135
lou,-0.10266692443222963
loui,-0.04319596855137137
louis,-0.10766603031873723
louis kitchen,-0.03208523784874542
louisiana,-0.03994071116409629
love,1.001722139979859
love result,0.2634268607585809
low,1.0045699074306034
low price,0.29734542827928534
lower,0.4504374359424607
lowest,0.48908558503179317
lst,-0.12558044428987478
lsu,-0.13310521095625635
lsu edu,-0.07592178085838613
lt,0.23687774694539435
ltd,0.14618502871969682
lu,-0.10605378511366094
lu hou,-0.11704751853738965
luck,0.14931764564253347
lunch,-0.3501024191073124
lunch meet,-0.08921999829987931
luncheon,-0.03884430135960819
luncheon meet,-0.003733900429818227
lyn,-0.055087138533108884
lynn,-0.035629870953917404
machin,0.1586500526864347
mack,-0.16178251877802652
mack enron,-0.029520917216439062
mack iri,-0.06741049849783178
macromedia,0.29890836806908716
macromedia adob,0.17005652385700193
macromedia studio,0.20477416232279155
made,0.13969733913009083
magazin,-0.041123382740187155
mage,-0.03434358818690587
mage hou,-0.03043367958066434
maharashtra,-0.10027569166316876
maharashtra state,-0.06060636531079017
mail,1.3369714294666042
mail address,-0.06958549838545232
mail aol,-0.21576225574412564
mail list,0.16226687480768964
mail messag,0.4998553573819524
mail oren,-0.009433158495731385
mail phone,0.11941321657759084
mail pleas,0.5987279020673153
mail sent,-0.23194551209908648
mail utexa,-0.09537144728602935
mail vkamin,-0.052263642879509735
mail wish,0.19436759083061267
mailbox,0.13890647129971673
mailer,-0.14052767764712573
mailer squirrelmail,0.08601481076759625
mailman,0.43346402721110205
mailman enron,-0.026914568112888768
mailman listinfo,0.40925638129759956
mailto,-0.5427957691007105
mailto vinc,-0.046320650936108376
mailwisconsin,0.0860148107675962
mailwisconsin com,0.0860148107675962
main,-0.08272139112833295
main street,-0.10882137844959112
maintain,0.26119849429741215
mainten,-0.1716831189529539
major,0.07263305041474821
majordomo,-0.3754548622915173
make,0.3101270458622847
make chang,0.007267219183457131
make money,0.07817658823876579
make present,-0.039375967270130895
make reserv,-0.05309410043051489
make sens,-0.19056148308259305
make site,0.1062460179492929
make stand,0.13599050280834515
make sure,-0.28775608331897035
maker,-0.0773027463684356
male,0.6101261033947538
man,0.8765132392985601
man bed,0.11766318023919713
manag,-0.5554053504853793
manag director,-0.28366904708577456
manag energi,-0.040258804530115266
manag enron,-0.07047353055126844
manag group,0.010614575889403802
manag oper,-0.04708236153311612
manag process,-0.056066283581731526
manag research,-0.09715434280748178
manag rice,-0.09363917945131074
manag risk,-0.13484284626219
manag system,0.03438695135631365
manag team,0.04453730307228332
mani,0.02820492372317533
mani other,0.1555914680943272
mani thank,-0.24851099949455563
manner,0.023113928396584715
manual,-0.17823163963132874
manufactur,0.3069060210977985
map,-0.29998201016482257
mar,-0.20644556667752612
marc,-0.11820785851364099
marc de,-0.036068434975603615
march,-0.44221502105758026
march pm,0.0405152200725899
march th,-0.08692595446521655
margaret,-0.18585582329316933
margaret carson,-0.0928738922530431
margaret daffin,-0.0784106173345667
margin,-0.17117005284726833
margin cost,-0.08549949241056526
mari,-0.13128357432595955
mark,-0.44983329701634595
mark market,-0.06382284144457233
mark palmer,-0.06662415835258866
mark tawney,-0.03707137953876137
market,-0.0735447577891393
market data,-0.036041653863927145
market design,-0.073324370394607
market develop,-0.023713730228450063
market effort,0.16556242912007169
market particip,0.123944404081904
market price,-0.12971874186077142
market research,-0.09793727662945666
market risk,-0.10391600356414062
market would,-0.11721646528828371
marketinq,0.16067989836009633
marketplac,-0.06604011304863178
marketpoint,-0.03447217322670012
marquez,-0.13657426483419524
marshal,-0.06852682887722189
marshal brown,-0.023701709777667244
marti,-0.04330693904449493
martin,-0.24552991206386401
martin baylor,-0.08591006620477355
martin carr,-0.10081237834545506
martin lin,-0.12353938216153501
martinj,-0.1022532498009876
martinj home,-0.10081237834545506
maruti,-0.004601557706968654
marvin,-0.027860707016521363
mass,0.16173226146980463
massey,-0.11960760570004393
masson,-0.16699624218583906
masson hou,-0.0567240583527816
master,0.18376773352738165
match,-0.33114282729691713
materi,0.00893022919730387
materi fact,0.12328578559058377
math,-0.1580998391098495
mathemat,-0.2812558992201789
mathwork,-0.030798667218839622
matrix,-0.16703950093341643
matt,0.09434565093441737
matter,0.15667987903785335
matthew,-0.08827028263713925
matur,-0.127238012506085
maureen,-0.2933635055157622
maureen raymond,-0.19094639130860686
max,-0.13472735220544962
maxim,-0.06905705087566628
maximum,-0.041595882536698874
may,-0.32060556443278787
may also,0.1799795176762769
may begin,-0.03411770437414338
may contain,-0.12227672650649353
may copi,-0.12089023830095885
may enron,-0.044062644774826694
may forward,0.056867919617064486
may identifi,0.21098962694052692
may increas,0.18123450770108743
may interest,0.1780175507381103
may need,-0.1554632040919917
may pm,0.026507146004077508
may privileg,-0.14021846943489255
may th,-0.1061393801597682
may use,-0.11456091617452754
may want,-0.06723475621424885
may would,0.05397270546844576
mayb,0.5940112307475804
mb,-0.13921156534238974
mba,-0.16882148426576485
mba program,-0.0775697386542297
mbd,-0.030714371624721647
mccarti,-0.02991229342907219
mccomb,-0.03784977184856791
mccomb school,-0.03784977184856791
mcgregor,-0.033005445459250285
md,-0.2628667254636259
meal,0.035581340224070876
mean,-0.041946246843855825
mean effort,0.1319758273656796
mean revers,-0.09463403265893561
meaning,-0.07000850571377952
meantim,0.14655226483455108
meanwhil,0.010979377808167951
measur,-0.1572795190244185
mec,-0.01749625753041806
mechan,0.004317864196941255
med,0.42976270104354436
media,0.21086590292829382
medic,1.2052703661960833
meet,-0.9024847449076453
meet discuss,-0.07197741741602363
meet held,-0.08022929612315807
meet may,-0.028510346554705208
meet need,0.0812715854859364
meet next,-0.06402376104038869
meet pleas,-0.10352893469713291
meet schedul,-0.04153245753421189
meet thank,-0.0802359064240438
meet vinc,-0.0944893122968385
meet would,-0.03462929401432294
megawatt,-0.10836395778856342
mehta,-0.07194031308861841
melani,-0.03915469284415097
melinda,-0.02140073286269772
melinda mccarti,-0.021393452749729962
mellon,-0.12132938408498609
mellon univers,-0.07892999182554435
member,-0.12707889971713832
member group,-0.059862163579615074
membership,0.4044766940912355
memo,-0.26671981617012797
memori,-0.03203346816904898
men,0.7660760995383182
mention,-0.33514178989296567
mentor,0.11014171914676053
merchant,-0.09931674881977051
merger,-0.03628618021330622
merit,-0.14225433581402128
messag,0.7219536971606922
messag advertis,0.5471125824086839
messag attach,-0.05064543961474925
messag cc,-0.04956948581838771
messag id,0.11072190326676767
messag instead,0.19041614760909628
messag kaminski,-0.05495478470267787
messag person,-0.04637627023703415
messag relat,-0.1360471557856429
messag return,0.11339996664664054
messag sent,-0.027974618251050302
messag vinc,-0.09078626096340976
met,-0.11067468132763295
metal,-0.10600998543100103
meteorologist,-0.05621978463815709
method,0.010612631258976594
methodolog,-0.21721116209532032
metric,-0.11791386064671726
mexico,-0.08673697344036241
meyer,0.021879751230118205
mg,-0.21631352423755232
mg metal,-0.06616276220788644
mgmt,-0.12996900499754208
mgusa,-0.014039473630404415
mi,-0.13960705631111126
michael,-0.11963883980953044
michel,-0.25239736496614606
michel nezi,-0.012436973912673784
michigan,-0.014028506492027509
microsoft,0.47248271931100166
mid,-0.21950817884288829
mid year,-0.08552180080554983
middl,-0.0974223650849683
miertschin,-0.007253673979237216
might,0.11527812612819323
might abl,-0.012566576806384778
might interest,0.27946692721245125
might need,0.23981757722986255
migrat,-0.5931440237702986
miiiion,0.29675361339995227
mike,-0.40989690882740865
mike robert,-0.28503014749011363
mile,-0.1911280833373972
miller,-0.06327720315155644
million,0.6884410237489346
million dollar,0.3575107212446861
mime,-0.09356848828329684
mime version,-0.2806112292101424
mind,0.21443214610703476
mine,-0.04885429360472644
ming,-0.03800033383129115
minim,0.0026972211709043897
minimum,0.042310928019876175
minist,0.08369671752384492
ministri,0.3714440311291473
minor,-0.22006251019172238
minut,0.22655039465098983
minut mix,0.11766318023919713
miss,0.0836442677384444
mission,-0.0165583141898531
mistak,-0.13708523014005009
mit,-0.045719119256651744
mitig,-0.019708512855957903
mix,0.06760628690822393
mlm,0.09837650223985923
mm,-0.10047050005909483
mmbtu,-0.017025415295341333
mo,0.2549950958771779
mobil,0.6100958542444632
model,-1.430398468380439
model develop,-0.061882135393442485
model price,-0.13533642555035633
model use,-0.10099005430616062
modif,-0.07814876627225363
modifi,-0.24170289411148507
modul,-0.01807740538358346
molli,-0.14374448245470087
molli mage,-0.0774096469995381
moment,-0.04713152937932858
mon,0.03051205990727726
monday,-0.5717687476821622
monday april,-0.10047799680555342
monday march,-0.07273617482763564
monday morn,-0.04265775440087182
monday octob,-0.040057054843477456
monday th,-0.0842119995939747
monday tuesday,-0.01614673482087051
money,1.5784795957023412
money back,0.11587536455252907
money buy,0.09218282874064575
money order,0.13428295741496352
money websit,0.1319758273656796
monitor,-0.4782381770392098
mont,-0.11874280231698138
mont carlo,-0.1171022929211819
month,0.20349687769313804
monthli,0.05138256442836271
moodi,-0.3079685389794379
moor,-0.41770107792511413
moor hou,-0.0737488546074832
morgan,-0.18600271164443685
morn,-0.6472542945330182
morn offer,-0.03369639063313112
mortgag,0.5147141056868683
mostli,0.06629136415099089
mother,0.3036813762242498
motion,0.11703378668373408
motiv,0.4403385197864264
move,-0.3159722980261556
move forward,-0.05717348298660628
movement,-0.015642218292317253
movi,0.3596122200396511
mr,0.14865658628509285
mr kaminski,-0.4080785401659169
mrha,-0.02186170666503837
ms,0.17236034321163926
mscf,-0.12267292946315463
mscf speaker,-0.07972859667498473
mseb,-0.2001880914030553
msn,0.2198426534260584
msn com,0.27550626605685846
much,-0.2078802110298739
much easier,0.12236300291986324
much like,-0.126897801399204
much time,0.03228257066645448
mulong,-0.013567359173961239
multi,0.10937349386157819
multi factor,-0.02378686759640199
multipl,-0.0003324458732363035
mumford,-0.031085222029730415
murphi,-0.13061899004962713
murphi hou,-0.032088781717719964
music,0.4032295588612718
must,0.1823794573143384
must submit,0.12146705700349872
mutual,-0.004332413022431292
mw,-0.1431314478648112
mx,0.4237078674775924
mx aol,-0.053866339033304074
na,-0.6860460285770471
na enron,-0.1523528979265326
nalin,-0.016566721409567026
nalin kulatilaka,-0.015931349623038393
name,0.25915600319427284
name address,0.4727308308050234
name date,-0.09098738683049755
name eneh,-0.08012847519624533
name mail,-0.19455823659991187
naphtha,-0.062390685045263974
narg,-0.01723389805316025
nat,0.12267081199988772
nath,-0.03644036136261599
nation,0.23030048303094333
nativ,0.23658086421209965
natur,-0.028765370011876384
natur ga,-0.371745668525352
naveen,-0.1332662066841097
nbp,-0.13728953835152238
nd,-0.2630418533119411
ne,0.35937801112103374
neal,-0.15701183616781073
near,0.041358209632045125
near futur,-0.1587376099856064
nearli,0.20751665475175488
necessari,-0.01751252970699595
need,-0.2990194613873871
need addit,-0.09004386526797295
need anyth,-0.1159812838490692
need get,-0.045251145124618225
need help,-0.03896269997218986
need inform,-0.03518440229160373
need know,-0.16180941820445596
need wait,0.12616275704066668
neg,-0.023873969939893706
negoti,0.18545085680483986
neil,-0.026042286725605948
neil mcgregor,-0.027318500782103256
neither,-0.0328298794971717
neither given,-0.1360471557856429
nelson,-0.1284093930312681
nelson neal,-0.0416509290882407
nepool,-0.025601923425215303
nesbitt,-0.07923149261429666
net,0.7986850300074251
net email,0.3504268250349034
net work,-0.048700559180968314
netscap,-0.014869172204984283
network,-0.5753887187393033
network world,-0.5516150936925106
never,0.7493942823729444
new,-0.44240632656949636
new busi,-0.10622560118110813
new england,-0.03056929712200705
new hire,-0.21721484384784392
new life,0.22295321620884026
new market,-0.028670243971138872
new pc,-0.005817181172229072
new product,0.11222836395247789
new version,-0.143919851327805
new year,-0.2430543115833178
new york,-0.28221601763369786
news,0.2336450886338857
newslett,-0.11444888007782673
next,-0.22639115237699312
next day,-0.0326125383800386
next kin,0.4201296349209027
next month,-0.09340705466568867
next step,-0.10694777805995653
next week,-0.547431456485367
next year,0.055557517612177525
nezi,-0.012436973912673784
nezi marvin,-0.012436973912673784
ng,-0.009032097887870004
nice,0.1398569315681474
nice day,0.44642225160486865
nick,-0.07444874656605983
nick bambo,-0.026415716427276612
nie,-0.48148678177046794
nigeria,0.2494236023123126
night,-0.031027216216356054
nine,0.14684818372151373
nj,-0.018141400711511834
nobodi,0.05826580550300408
nomin,-0.04276806216953772
non,-0.20053698490443422
none,0.003219437037854403
noon,-0.1738104534124762
norma,-0.3127677757928651
norma villarr,-0.10730997885223112
normal,-0.15552226697413776
normal import,0.08068907776494696
north,-0.17499224987462594
north america,-0.21431381807408245
north american,-0.20429645916057476
norton,0.09504744523697464
note,-0.5530431417634085
note receiv,-0.07854302223340778
noth,0.7221409698203172
notic,0.4933368109842644
notif,0.7264451181100208
notifi,-0.12101014660979784
notifi sender,-0.14544407293732425
nov,-0.053628393139830595
novemb,-0.24375876776062486
nowlan,-0.022053920227638257
npng,-0.01182302874585618
npng enron,-0.01182302874585618
nt,-0.22262769864164864
nuclear,-0.017847919887793735
number,-0.5891755407608766
numer,-0.1296900448596957
ny,-0.09178132646660213
nyc,0.12435128381732363
nymex,0.11681548660429701
nyse,-0.11331245022822786
ob,0.14227794474272984
oberg,-0.04247806245562404
object,0.08902254386261418
oblig,0.45173267381634696
observ,-0.013205104195035053
obtain,-0.04124992432226176
obviou,-0.04371689868526232
obvious,-0.0944768813447828
oc,-0.018772438648536116
occur,0.12172915561060271
oct,-0.19178759276694976
octob,-0.24717615717399782
octob th,-0.05120757535695096
oem,0.7854501349168486
oem packag,0.17005652385700193
oem version,0.10132755042637774
offer,0.39155894379646816
offer creativ,0.13599050280834515
offer latest,-0.011569698571195658
offer local,0.12844766063963592
offic,-0.5515839807384655
offic chairman,-0.18086327725331086
offic fax,-0.1819933734193808
offici,0.05575466785042524
offici busi,-0.1373136704820182
offici said,-0.02299678520100566
offsit,-0.057639300276577904
often,0.10556603660581969
oi,0.2544402737134292
oi ga,0.20570156112364912
oil,-0.09632483932033964
oil ga,0.23929327108637372
oil price,-0.037406856890617464
ok,-0.16002985404299233
okay,-0.017075962188886903
ol,-0.001910626946972109
old,0.11294278989329516
oliv,-0.0441344280254093
one,0.8866644224023716
one day,-0.1249209325116211
one thing,-0.061364487912675424
one time,-0.15733843243296952
one two,-0.10517511807368753
one year,-0.049366831502251816
ongo,-0.09129787491502905
oniin,0.3659504127301446
oniy,0.1821029618776826
onlin,1.1332532568372309
onlin sale,0.07536627140522983
onto,-0.4007546703726784
oo,0.11892743349846312
oooo,-0.023494675061805487
op,0.1075713331272229
open,-0.18438030229000402
open posit,-0.023492614192106777
oper,-0.12934294664667567
oper offic,-0.07535930172420052
oper research,-0.034667019782223044
oper risk,-0.15880007374034352
opinion,0.20020164411552993
opinion conclus,-0.13604715578564278
opportun,0.017087284577669323
opportun enron,-0.11291841543369219
opportun work,-0.046908984577081474
oppos,0.1454773726386949
opt,0.39814919391742876
optic,0.07401035609218612
optic network,0.009648001033862083
optim,-0.1786871150866948
option,-0.759223602020418
option chapter,-0.008140401403122223
option confer,-0.07819176916990692
option model,-0.08609526772111616
option price,-0.17333935010531742
option valuat,-0.15304366861248922
order,0.21391082865088792
order report,0.09734187535000625
order soft,0.07991994565561156
ordin,-0.046460487437623356
oren,-0.09081480459764159
oren ieor,-0.009433158495731385
oren professor,-0.025034632423456753
org,0.3114049248988531
org mailwisconsin,0.0860148107675962
organ,-0.18731098890043996
organis,-0.207889070805225
organiz,-0.11721233264356219
orient,-0.3701293496772504
origin,0.1910530712336584
origin group,-0.053435032636030555
origin messag,0.16208962701574542
osman,-0.10403465117946678
osman sezgen,-0.06444553616250555
otc,-0.17276031186679155
other,0.17825917784573778
other adob,0.17005652385700193
otherwis,-0.2455732718438568
outag,-0.15964639288248778
outcom,-0.03785667072335107
outlin,-0.12737760807139287
outlook,-0.5237048964995537
output,-0.07476547501865438
outsid,-0.2279339172212196
outstand,-0.02819403092458065
overal,-0.05620422814203189
overdu,-0.1755640776642485
overhead,-0.11006797807096329
overview,-0.016622519233406317
owe,0.16878048950473637
own,0.10199934721883482
owner,0.3707417179369489
ownership,0.06566639773279084
pa,-0.2689406998931414
pac,-0.11205575158560262
pack,0.06782501547215931
packag,0.04938075669054928
packet,-0.27866111001621463
page,-0.20754955912873096
page http,-0.2377392008337028
paid,0.5333321783015371
painter,0.049720377783022046
paleologo,-0.03127648823983274
palm,0.14272087334169256
palmer,-0.07542945889784133
palmer corp,-0.011784548603047385
pam,-0.10942656090606566
panel,0.06009677284498345
panel discuss,-0.06556618200582903
panelist,-0.056856869191998324
paper,-0.35854504693642575
paperwork,0.0013765831276979308
paradigm,0.008100480116349916
paragraph,0.14033786201910864
paramet,-0.09974882197275381
parent,0.03644791895734227
pari,-0.2015731397025641
pariba,-0.13712851395773068
park,-0.1831149612429411
parkhil,-0.0942379733109723
parkhil na,-0.04218931066038147
parson,-0.12026816767453981
part,0.043183764593485295
part time,0.09295216486251832
parti,0.03125047152478327
partial,0.061777910207496754
particip,-0.3786668257359548
particip import,-0.07610668064240085
particular,-0.15507847219944598
particularli,-0.09132258764690192
partner,0.3112818813183255
partnership,0.17070196988033304
paso,-0.09869558253594224
pass,-0.20650462550840606
pass along,-0.08550829389830356
password,-0.835400513588792
past,0.05125417487480269
past year,-0.044896450584079324
pat,-0.07450864837358895
patch,0.39024627755434604
patel,-0.09058899264785641
patent,0.4119184091704228
path,0.12813236567359454
path receiv,-0.02641052456427592
patricia,-0.03571271651215726
patrick,-0.163666256325032
patrick enron,-0.043193818406271345
patrick hou,-0.048414783538511065
pattern,-0.09330413861455664
paul,-0.3398599901094902
paul quilkey,-0.03775226658430639
paula,-0.06364525177582475
paulo,-0.20192743833803714
paulo issler,-0.16717379102512656
pavel,-0.022681376438894042
pay,0.22902840448460243
payabl,-0.25471630514205607
payment,0.08571577679291875
paypal,0.6155615417117906
payrol,-0.16757300068341463
pc,0.051517816360046695
pdf,-0.7178258090455716
pdx,-0.028655771348910522
pdx ect,-0.028655771348910522
peak,-0.08463327899460164
penalti,0.3077355783462582
pend,-0.1048771620681958
pend approv,-0.04705105753292616
peni,0.6429659487147055
penni,0.27588829980731155
pennsylvania,-0.09133441029966358
peopi,0.09346098810207401
peopl,0.30233242929459425
pep,-0.21941865890290008
pep help,-0.04431355249115383
per,0.4650285546351946
per cent,-0.10960342616973485
per day,0.14871240699719301
per dose,0.08460734941200619
per month,0.4214362850802557
per week,0.2543924164652508
per year,0.03034563480623995
percent,-0.06357792550474312
percentag,-0.1188482181201104
perfect,0.4728925991767726
perfmgmt,-0.031167226647624353
perfmgmt enron,-0.04074718143252381
perform,-0.09996210021455945
perform feedback,-0.05100272437907047
perform manag,-0.08627667237821386
perform review,-0.0483730545900414
perhap,-0.1403427760532841
period,-0.2872011098381689
perman,0.05898777321183229
perman error,0.1604882134308796
permiss,0.04740625125572629
permit,-0.10892702137419989
person,0.2771499257867455
personnel,-0.13980040075722514
perspect,-0.1733756606958938
pertain,-0.034045960489605315
peter,-0.042384894583109914
petrochem,-0.026700628089338835
petroleum,0.09970080869227674
petrona,-0.041173008500627106
petrona com,-0.030037991075559562
peyton,-0.07900634852228784
pg,-0.1283249642414401
ph,0.016617248526634387
ph candid,-0.019715383394756713
ph student,-0.061475331890767135
pham,-0.011970864085075328
pharmaceut,0.2531317784060594
phase,-0.15701012878823675
phase ii,-0.07636390851300752
phd,-0.0805439329258298
phil,-0.16466949983824955
philadelphia,-0.07657943889420826
philadelphia pa,-0.09844824964539577
philipp,-0.1692478020818653
philipp ste,-0.08651462611257997
phillip,-0.13762301693634862
phone,0.22787688623316446
phone call,-0.10743378595593028
phone fax,-0.20788139744133727
phone interview,-0.03922072110051629
phone mail,-0.08152348359369686
phone number,-0.0848564422561817
photo,0.33761958611448983
photoshop,0.21379813952360688
photoshop cs,0.10970563740151083
php,0.9360775615948178
physic,-0.07955062979689599
piazz,-0.10538841547820424
piazz wharton,-0.09059628680080777
pick,-0.24025118365524523
pictur,0.20697108118108123
piec,-0.09658060763157174
pierr,-0.11591151839577905
pierr philipp,-0.08102580806725536
pilot,-0.21464843996593444
pinnamaneni,-0.127557359975358
pinnamaneni krishnarao,-0.06310212741493125
pioneer,0.20874216427734033
pipelin,-0.3687547926167549
pittsburgh,-0.05829968406126878
pjm,-0.6765468729668951
pjm com,-0.32099724932218976
pjm custom,-0.5815408797363826
pl,-0.3004633982022368
place,0.07204881169328743
placement,0.029113357500325215
plain,0.3292761940772443
plan,-0.345429173754879
plan attend,-0.07526303408986496
plan competit,-0.027148785776935695
plant,-0.05322066411941809
platform,0.08367763671751308
play,0.3124723475769332
play import,0.07612040767756934
player,0.21049682662774274
pleas,-0.6601892233007465
pleas advis,0.2120750537248821
pleas announc,-0.06834958815035767
pleas call,-0.39778178380415974
pleas check,0.11896452096489855
pleas click,0.3531649658182699
pleas confirm,-0.0475139603166445
pleas contact,0.14209919616696357
pleas email,0.11041879203199247
pleas feel,-0.45168797899833407
pleas fill,0.22663870486821647
pleas find,-0.3638622977069113
pleas forward,-0.19681645157718863
pleas give,-0.16063763231155254
pleas go,-0.04267529894648821
pleas hesit,-0.22752458505980588
pleas includ,0.5328782159288277
pleas inform,-0.06644738027276016
pleas join,-0.15035010479833655
pleas keep,-0.1875592134319625
pleas let,-0.7631906046771353
pleas make,-0.17007095270322595
pleas note,-0.1329221591270842
pleas notifi,-0.09607095926269495
pleas print,-0.11883772189128923
pleas provid,-0.1464451816506834
pleas read,0.04604542607129045
pleas repli,0.3686738072636224
pleas respond,-0.2365525767706235
pleas review,-0.10949015008705924
pleas see,-0.1647189180673447
pleas send,0.11486201909395774
pleas take,-0.21615957492703122
pleas tell,0.05178017589374222
pleas use,-0.06829673797513341
pleas visit,0.20451951828986456
pleasur,0.23749930559585056
pledg,-0.1271672416297871
plu,0.11058391714739457
pm,-0.6418819516207512
pm cc,-0.09081613699268828
pm christi,-0.021084179648173072
pm enron,-0.03381501120774315
pm kevin,-0.041942928148391546
pm pleas,-0.12243347713222702
pm pm,-0.22446693419866506
pm request,-0.1081737297712332
pm shirley,-0.08669937605886181
pm stinson,-0.05991978993122668
pm subject,-0.07343980698451527
pm vinc,-0.24924559322997764
pm vkamin,-0.0774862546496571
pm wrote,-0.06333244398574121
pm zimin,-0.04867058717213895
po,0.027950642719699992
po box,0.08870287506741702
point,-0.3471305912206087
poland,-0.03816446371130834
polici,-0.10693127213792006
polit,0.09985685741608974
pool,-0.010761821425298995
poor,0.40287444878553397
pop,0.15965994971793232
popul,0.27326013142211947
popular,0.36112231798209377
porn,0.20070844964195306
port,-0.017307323045700256
portfolio,-0.15437563319475903
portfolio manag,0.2714717994957718
portion,-0.04850602181874165
portland,-0.05635130381071774
posit,-0.4042860545696468
posit enron,-0.07288694663121505
posit time,0.07895393687904853
possess,0.15187146250160638
possibl,-0.13088551257090403
possibl pleas,-0.0595370270878596
post,-0.044997863138517266
postal,0.2384339864235355
poten,-0.013099695384006918
potenti,0.07304534895463567
pound,0.028566292557039446
power,-0.6574733397555756
power compani,-0.11582868620583285
power ga,-0.07765807164532937
power gener,-0.0386034281090448
power market,-0.22808262441612687
power plant,-0.17402510092508996
power price,-0.20535358262852801
power project,-0.0537447248198166
power purchas,-0.19409281429305011
power risk,-0.03721760079853313
power system,-0.005766702864867315
power trade,0.331659837416457
powerisk,-0.037690138178260384
powerpoint,-0.010110578707809658
ppa,-0.062212250413770216
ppi,-0.01678718088624063
ppt,-0.024294024829335296
pr,-0.052490951610731126
prabhu,-0.0766863428050965
practic,-0.026278867798932903
practition,-0.1685903934646154
prc,-0.14868994669947383
prc meet,-0.028092896290929332
pre,0.17008570283633986
precipit,-0.03144595080368553
predict,-0.06622457524794108
prefer,-0.005089419327097164
preliminari,-0.1050794572542652
premier,0.3015376520315055
premier home,0.17005652385700193
premier pro,0.17005652385700182
premium,0.023908775333137875
prepar,0.10013431446096877
prescript,0.6781883235807298
presenc,0.015519776403726107
present,-0.3091318119917794
present vinc,-0.08074856118310964
presid,-0.09859851482821409
presid chief,-0.06984770487147281
presid robert,0.06061552426751455
press,-0.03609681141363852
press releas,0.015375812792191365
pressur,0.012165858957923234
pretti,-0.048577779028366096
prevent,0.3007038287642956
previou,-0.19722939935726774
previous,-0.05743499335158363
price,-0.08151631500753005
price cap,-0.2133738269748011
price curv,-0.17374513468337727
price data,-0.03630598166848971
price forecast,-0.06860891443380265
price hot,0.13599050280834515
price look,0.14307285239002784
price model,-0.15324849828266313
price price,0.02275003934536709
price risk,-0.039440435402399145
price save,0.2512691175027864
price volatil,-0.10034986992993697
primari,-0.03231939267123094
primarili,-0.0807389624431653
princip,0.1165593166572687
principl,0.20220707016048012
print,-0.054893338263844946
printer,-0.09505105738747377
prior,-0.23111938968773812
prioriti,-0.0754099173024129
prioriti normal,0.007536635478522163
privaci,0.3482086337533595
privat,0.14778800590025343
privat firm,-0.0767480102511701
privileg,-0.33881238618665355
privileg confidenti,-0.12057550423159454
prize,-0.032610495826164286
pro,0.5049194818565993
pro learn,0.17005652385700193
pro window,0.13041659238659256
probabl,-0.3903927775081158
problem,-0.5299468873542235
problem vinc,-0.02764583977177056
procedur,-0.24013519159614918
proceed,-0.12924818538975777
process,-0.04326013121648289
process follow,0.036153561764739044
process pleas,-0.050409818692808264
process provid,-0.07425805186186561
procur,-0.08242023957878486
produc,-0.1726334156929374
product,0.39888944135945553
product servic,0.24743208626156893
prof,-0.14826310904808088
profession,0.8772869510098328
profession commun,0.2089512243841321
profession edit,0.11582293326245394
profession remov,0.19805401329817138
professionai,0.41319995024414663
professor,-0.2919436586893691
professor dept,-0.011324129108795133
professor financ,-0.09962417139102654
professor nalin,-0.01661611186350965
profil,0.02870978483898355
profit,0.15101494125070472
program,0.20990314868310714
program vinc,-0.02484244192277615
programm,0.08495134618571319
progress,-0.2951396019217364
prohibit,-0.08872290790018815
project,-0.6069581238517241
project vinc,-0.0631797450095885
projecthoneypot,0.5865205490734683
projecthoneypot org,0.5865205490734684
projecthoneypot projecthoneypot,0.5865205490734684
promis,0.048981769513118105
promot,-0.26894146451952683
prompt,-0.1890180612022528
proper,0.05704458983184581
properti,0.41000542358286785
propos,-0.3550662455199709
proprietari,-0.22597287886695186
prospect,0.23072090652206426
protect,0.5681189218988405
protest,0.09899734209092748
protocol,0.013868696384618783
proud,0.2159576947913099
prove,0.10787205645340836
proven,0.6382354528636511
proven way,0.3322823780171717
provid,0.05375500695621481
provid feedback,-0.04646188013312562
provid inform,-0.07035189601279626
provid unlimit,0.19883504746255595
provis,-0.16969966868133202
ps,-0.295469602558969
pserc,-0.04214494198776958
public,-0.2438007590059944
public relat,-0.04933513577417497
publicli,0.005250788001269183
publish,-0.22382807727337536
publish newslett,0.03486138693608659
pull,-0.10238051293417796
pulp,-0.08507077708749158
pulp paper,-0.06958965113037723
purchas,-0.21315379366158763
purchas agreement,-0.07271435189004789
pure,-0.02442475208666312
purpos,0.14721900122280068
pursu,-0.3361253134046761
push,0.040047000001004
put,-0.36651439857914037
put togeth,-0.20000601032915155
px,-0.018554811625887367
qf,-0.06167476084336803
qmail,0.16180117582685152
qmail invok,0.05365203764302802
qualif,-0.0065220693572756476
qualifi,0.7093868336216899
qualiti,0.5001820135764649
quant,-0.12139989356029171
quantifi,-0.15612191849184223
quantit,-0.15817191042878992
quantit research,-0.045630340361601136
quantiti,0.0025778000068898584
quarter,-0.0791486760372498
quarterli,0.028521906457801005
quentin,-0.11428116950176002
queri,-0.0511143940735784
quest,0.07643405931036178
question,-1.0468665690710994
question comment,-0.45667760521201434
question concern,-0.14125533108214733
question may,0.2671423412345943
question pleas,-0.3583255934852886
question regard,-0.2639706404271298
question thank,-0.4131397828297162
questionnair,-0.06854126070564089
quick,0.14329122597708538
quickli,0.316618398777373
quilkey,-0.03847308169789484
quilkey enron,-0.018972422244944886
quit,-0.04475337331570114
quot,0.10760737674388908
rab,-0.1285010489834536
rabi,-0.14025187758846294
rabi de,-0.11469667358310695
rac,-0.12439910255444254
rac egf,-0.06515750969921115
radisson,-0.00822470271876513
rais,0.006179976534893173
rakesh,-0.09347719618470536
rakesh bharati,-0.050019253478121056
ram,0.03713046426824077
rang,0.35140654664088694
rank,-0.10112788036860865
rapid,-0.1428751750946947
rapidli,-0.09238116023991226
rate,0.7110337939777203
rather,-0.1610028035737931
ratio,-0.008888434101538084
ravi,-0.28239894398283943
ravi thuraisingham,-0.14562181788205186
raw,-0.034816895836395884
ray,0.024151776180250665
raymond,-0.18233584406141856
raymond hou,-0.025210444796181616
rc,-0.18323641719921735
rd,-0.0658210447698429
reach,-0.09758267379871807
reaction,-0.24815043952299143
reactionsnet,-0.4023322729042296
reactionsnet com,-0.4023322729042296
read,-0.2730993245617244
read write,-0.04523250610806029
reader,-0.12402438987173006
readi,0.3392998870967078
readi boost,0.07991994565561156
readi start,0.09374543320128101
real,0.20050392002760234
real estat,0.2752908540070336
real man,0.11766318023919713
real option,-0.21391640660836958
real time,0.16403790619790473
realist,0.28410396570034063
realiti,0.26489134715269336
realiz,-0.03142790398654553
realli,-0.1915828179093845
realli appreci,-0.22417077268393354
realli enjoy,0.011988667203718488
reason,0.4004622427655557
rebecca,-0.09794423898579396
recal,-0.09349906121677119
receipt,0.047340352304925
receiv,0.5500416476767633
receiv email,0.21692173033838988
receiv inform,0.02125387770976598
receiv mail,0.12497625844737213
receiv messag,0.17317577481830412
receiv offer,0.16414109892723075
receiv qmail,0.05365203764302802
receiv special,-0.028796848665062866
receiv squirrelmail,0.08601481076759625
recent,-0.4082758906273878
recept,-0.015629779618064082
recipi,0.6792234419581723
recogn,0.18908523210500944
recollect,0.22898126597851476
recommend,-0.13684835191125252
record,0.5482992989215227
recoveri,-0.08455985291383304
recruit,-0.140141928734677
red,-0.07116160767428431
reduc,0.08697442946816299
reduct,-0.038207751559065174
refer,-0.3602149866896262
referenc,-0.09274005778197572
referr,-0.050239314586241694
refin,0.2836918203522465
reflect,-0.21329694978204666
reform,0.14673717630346741
refresh,-0.029932763483755235
refund,-0.12703277131986337
refus,0.1393999722571054
regard,-0.9442748584876383
regard anjam,-0.3139575474361664
regard chri,-0.07318008663563991
regard grant,-0.05790640805194149
regard iri,-0.10044765586071096
regard sandeep,-0.13585215214212
regard shirley,-0.037554625549520736
regardless,-0.07248288271366368
region,-0.07925693914819004
regist,0.10902336794248398
registr,-0.14794010929333912
registr form,-0.0011485868559578149
regress,-0.14950541674632492
regul,-0.16972401829981504
regular,-0.24902818068395208
regulatori,-0.16720085920058808
reimburs,-0.2350467861117663
reinsur,-0.23928155083210162
reject,0.04212744444615429
rel,0.2220828644390073
relat,-0.2996400291058226
relat offici,-0.047979662523316216
relationship,0.0520254631946508
relay,0.08212881618365689
releas,0.023958353662610666
relev,0.02224802000439013
reli,-0.05164377337623212
reliabl,0.13190952743244128
relianc,-0.09234582589329686
reloc,-0.06405905088836465
remain,-0.3273311572543124
remedi,0.37245522660380453
rememb,0.3638838132302936
remind,-0.32553318020715283
remot,0.1214510149512533
remov,1.2956604891286991
remov list,0.32887418710878724
remov mail,0.0435385244454995
remov subject,0.24938939549306272
renegoti,0.2940204135854325
renew,-0.07285056402321034
rent,-0.17376755041163097
rental,-0.14902882112706284
rep,-0.09015765924096157
repair,0.1565343676914777
repeat,0.04512347055939277
replac,-0.021210984923262014
repli,0.9349582457535901
repli email,0.3023676531388366
repli messag,-0.038211714667330844
report,-0.45540934266315636
report report,0.13769136174475768
repres,-0.3028893247373809
represent,0.07207757913526573
republican,-0.07238821733644438
reqard,0.10069265596200751
request,-0.6731745210138543
request creat,-0.06313266359763452
request feedback,-0.04309767550569351
request id,-0.15364190427556976
request inform,0.23378232683582378
request request,-0.18003605161631042
request submit,-0.21341753177371675
request thank,-0.12986246583281172
request vinc,-0.13841298407103006
requir,0.19262865657273254
reschedul,-0.05442609636279005
resco,-0.0037671674572714933
research,-1.5763319278823893
research alloc,-0.08874201455263782
research associ,-0.22346283243973292
research enron,-0.05277241204180258
research etcheverri,-0.011324129108795133
research group,-0.5672797919297058
research institut,-0.032584908924070476
research project,-0.0785447580683756
research read,-0.08012847519624533
resend,-0.14808161483679566
reserv,-0.27685372989467283
reserv model,-0.05951548603605721
reservoir,0.07825137704157827
resid,0.24534581150954318
resolut,-0.15493355059116132
resolv,0.09955401824663702
resourc,-0.6013424487775226
resourc corp,-0.11923360199584698
resourc name,-0.15495825728865503
resourc type,-0.15364190427556976
respect,-0.04808773103724985
respond,0.17510262622078046
respond cc,-0.05653407319829753
respons,-0.3947716202333768
rest,0.15237657455742556
restaur,-0.09981248466662188
restrict,-0.07089730094563386
restructur,-0.10541746616562664
result,-0.1544038363624908
resum,-0.5669964532668613
resum doc,-0.07315291286731695
resum forward,-0.025482641189395337
resum vinc,-0.02310928177863276
retail,0.03613310096201661
retain,-0.19298919836022363
retent,-0.11371276652247127
return,0.16202854742165085
return path,0.1187888584978735
reuter,-0.1297861047703965
revamp,0.07812953741907473
revamp front,0.13599050280834515
revenu,0.022330796771830162
revenu manag,-0.016447677779802574
revers,0.04504022265795553
review,-0.5436254861620281
review act,-0.15364190427556976
review base,0.1807833186681954
review group,-0.04166461621457154
review write,0.12576626380946462
revis,-0.20133519353362414
reward,0.1855474139228368
rfid,0.060969184186088876
rice,-0.6108958316416666
rice edu,-0.3634478249735658
rice enron,-0.07588632417950798
rice univers,-0.14928108599737047
rich,0.19472725038557537
richard,-0.24177809254484697
richard causey,-0.016616121089295
richard lewi,-0.021371719529040722
rick,-0.28348496650886573
rick buy,-0.11587389423528024
right,0.2155617603888276
right away,-0.02676896467116825
right order,0.1602812224585857
right reserv,0.3409650759492008
riqht,0.200767849885947
rise,0.13273908104224713
risk,-0.8712133141053819
risk book,-0.03756059409050761
risk co,-0.06820085943109869
risk control,-0.11863108857524726
risk factor,0.005905043245635022
risk free,0.08092286751281534
risk manag,-0.3709219148987141
risk measur,-0.07015674973949705
risk model,-0.0652807590861461
risk public,-0.07223127949860925
risk uncertainti,0.3308516933302554
riskcalc,-0.13762518163110224
riski,-0.08100786903840604
risktrac,-0.1282623059205256
riskwat,-0.08064349365618756
riskwat com,-0.08064349365618756
rli,-0.22087728213015126
rlyc,0.05757785016916921
rm,0.14545317617748424
road,0.1899519184892582
rob,0.17156623930710496
robert,-0.2617196591640103
robert hou,-0.09397719461567854
robertwalt,-0.028064444768448292
robertwalt com,-0.02031600614754857
roch,-0.027458115964996387
rocket,0.040105367259147415
rocket stock,0.08391447075995878
rodney,0.07115401524817243
rodrigo,-0.15518173313934416
roger,0.04594452557329548
role,-0.09406109835142798
rolet,0.5230335636592046
roll,0.13160753615253512
roman,-0.1436038746753038
ron,-0.12221999069512017
ronn,-0.06478124586731697
ronni,-0.09187099267370702
room,-0.2934960301427366
room ebl,-0.03133111363184183
rose,-0.017476773588940907
ross,0.004354527398305908
rotat,-0.2040010734112898
rough,-0.09126620889464894
round,-0.044617373759439215
roundtabl,-0.14117387314191768
routin,0.08924344118573191
roxxi,0.1949279113649582
rpi,-0.021143828568454263
rs,0.10862261772582621
rs crore,-0.10566728695377478
rsvp,-0.14689541765735215
ruan,-0.024825291911755684
rudi,-0.06601983077135848
ruf,-0.08515336738787743
ruf rice,-0.08515336738787743
rule,0.039845127825141886
run,-0.20281595266851524
russel,-0.08291073555937804
rutger,-0.010037553893992676
sa,-0.365412118629324
safe,0.6236625159617348
safeti,0.5505846902291591
sai,0.0996641714921135
said,0.015617980919432124
said would,0.011047577463884847
salari,-0.12883309309098506
sale,0.37126690256485406
sale dramat,0.1319758273656796
sale rank,0.1807833186681954
salli,-0.03345381328402926
salli beck,-0.03369181348491141
sam,-0.18850506709278136
samer,-0.16084652656769596
samer takriti,-0.03233721595800027
sampi,0.21322779599472785
sampl,0.11987100002729346
san,0.03359738562450062
san antonio,-0.11629529668887882
san francisco,0.12549606208107103
sandeep,-0.2547255910028977
sandeep kohli,-0.21102424626125896
sanjay,-0.04130218061802049
sap,-0.2748355740481093
sarah,0.17934624404031235
satellit,-0.1770782753621714
satisfact,0.3780394487873775
satisfact guarante,0.24382796903223972
satisfi,0.3999685059118041
saturday,-0.34071946579761686
save,0.8907874320018568
save avail,0.1807833186681954
save money,0.3007870780195612
saw,0.0646326207862705
say,0.5164123110484043
scale,-0.09495637191263932
scenario,-0.12117078355839392
schedul,-0.7218892255664158
schedul interview,-0.037147663276870364
schedul meet,-0.03971869346048602
schedul pleas,-0.11095547918061142
scheme,-0.03459525376151469
schole,-0.19504717231799568
school,-0.44070247359084375
school busi,-0.10820526373829085
school engin,-0.012196535141157844
school industri,-0.05466708500314261
school manag,-0.16741588734857388
scienc,0.13519941392088508
scientif,0.0025476344757565522
scope,-0.13207180095232068
score,0.03642438638926475
scott,-0.11629104417726803
screen,-0.008584191284233333
se,0.1761810454845251
sea,0.26895451165043766
sean,-0.047664355383556525
search,0.44437612487471806
search engin,0.28686658545825355
search inform,0.1319758273656796
season,-0.13039345687223783
seat,-0.06896423975832135
sec,-0.13690365182282252
second,-0.04755781619675208
secret,0.5369663292121374
secretari,-0.058653126743247117
section,0.12374238184834721
section secur,0.1849792315952953
sector,-0.12406990452092911
secur,0.21310543117785927
secur act,0.29233338414006227
secur compani,0.19830414389997525
secur exchang,0.12401777042246645
see,0.28475942481836025
see attach,-0.28314141015690536
see soon,0.02595361252525625
seek,0.19804568869269373
seekercent,0.08703267931188938
seem,-0.30325478702913194
seem like,-0.11359353056693829
seen,0.022415452764119527
segment,0.04412096639119763
select,0.017194306748307905
select review,-0.06097916680379079
self,0.09088045266833425
sell,0.4537287657494003
seller,0.05610781412055768
semest,0.0349315333964791
seminar,-0.2555482241258826
seminar seri,-0.12407816256926936
senat,0.014414789580332935
send,-0.32459995985508033
send copi,-0.09727148374613523
send email,0.3567003738321639
send inform,0.06078019164505577
send mail,-0.0932174183376444
send program,0.09754393227694862
send resum,-0.06641493592533809
send us,-0.0016027286491294354
sender,0.25034507652338955
sender repli,-0.12001439185713875
senior,0.14169228559480726
sens,-0.22212876715073732
sensit,-0.13692158307338664
sent,0.009617477327253755
sent friday,-0.1476753647038184
sent insur,0.19805401329817138
sent monday,-0.13469901420162775
sent thursday,0.13524631009347726
sent tuesday,-0.15393551206255318
sent wednesday,-0.09546130878311261
sep,-0.00776586185754555
separ,-0.2730584367812352
seppi,-0.02372971556286717
septemb,-0.14749462197160454
septemb th,-0.03319896283699495
seri,-0.3456375346953013
seriou,0.027054001407482473
serious,-0.05836141619329905
serv,-0.2828990945428862
server,0.1896970505940476
servic,-0.031791771304823614
servic provid,-0.2674041309514688
session,-0.059858917733109765
set,-0.39414663359868723
set interview,-0.031149449090533743
set meet,-0.06780907021785908
settlement,-0.13799719543515798
setup,0.01306196973535807
seven,0.20822172142959225
sever,0.012728744428296584
sevil,-0.17331069855618436
sevil yaman,-0.0979750145529842
sex,1.0819552176411695
sex life,0.34540118331039477
sexual,0.7040420575587552
seyfri,-0.05655469314447173
sezgen,-0.06444553616250552
sezgen hou,-0.044715528400786186
sf,0.26583135992311396
sf net,0.38406069895701095
sh,0.151961024869881
shalesh,-0.11659388595078518
shalesh ganjoo,-0.10352349628566493
shall,-0.5157580337470627
shall ask,-0.02440372442724921
shall call,-0.0960709297325955
shall glad,-0.11548162118840774
shall send,-0.17178347663682836
shall understood,-0.1360471557856429
shanbhogu,-0.15112794964971094
shanbhogu hou,-0.04235560809320129
shanbhogu oct,-0.04376705060000096
shanbhogu vasant,-0.05119501707192821
shane,0.17332924584401707
shankman,-0.1626196484588331
shankman hou,-0.03160965532829203
shape,-0.29063439723119294
sharad,-0.1345805081480227
share,-0.05371868652100076
sharehold,0.1127313657138672
shebl,-0.0050993555636830576
sheet,-0.4429103206593524
sheila,-0.14802135715078416
sheila walton,-0.06545702640227068
shell,-0.08815288259804316
shelli,-0.14904849038002282
shen,-0.03230379009416239
sheridan,-0.03511651157102453
sheridan titman,-0.026676927671082186
sherri,-0.0605877508996807
sherriff,-0.04613676728088171
sherriff lon,-0.04262173944470136
shift,-0.11469243994086778
shiji,-0.03910086056573461
ship,0.2869917851879359
ship countri,0.10998542914848598
shirley,-0.9110144300015073
shirley crenshaw,-0.2983836203689511
shirley forward,-0.04762895722696372
shirley pleas,-0.09056196572863076
shlpplng,0.37321932582638623
shmuel,-0.029566197932982863
shmuel oren,-0.023504477210705196
shoot,-0.14599800425213696
shop,0.7186887814436641
short,-0.09289214366883645
short term,0.06130566683167705
shortli,0.12220697013316613
show,-0.07594578060358156
shown,-0.0478729892450673
shrivastava,-0.03941452663155758
siam,-0.019419450397636692
sick,0.07802319578078004
side,-0.006639943256794755
sie,-0.4409404297088508
sierra,-0.0021134300239049964
sight,0.2391791130188476
sight mail,0.299419819396587
sign,-0.1419510382737765
signal,0.3221720943740711
signatur,-0.04839573586651513
signific,-0.4965912605904717
significantli,-0.11250274017962611
silver,-0.14744681739550863
similar,-0.08281085439763823
simon,-0.0060656984019749555
simpl,0.2693998846767004
simpli,0.7944922618320592
simpli must,0.13197582736567962
simul,-0.22921965618195345
simultan,-0.06611558225468835
sinc,-0.6902645704008834
sincer,0.15294270572790414
singl,-0.048390575483835435
sir,0.5752628056942304
sit,0.04690201751571743
site,1.041853854348974
site find,0.09912998059725675
site http,0.0946100818348642
site licens,-0.3548874262827799
site www,-0.08369994157724939
situat,0.2620472160305362
six,0.2102082597473818
six month,-0.1329473168225984
size,0.30830163298628427
skill,-0.33997575071058567
slide,-0.10572077897168744
slightli,-0.1333591718435086
slot,-0.01978439021724731
slow,0.10834422160388393
sm,0.30928131344517207
small,0.36580405330995575
smaller,-0.06052440617013057
smith,-0.2704086986586349
smith corp,-0.017636236466853607
smith street,-0.049993680160049944
smooth,0.004269443109621469
smtp,0.1278891375785706
socal,-0.15581518980732462
social,-0.010476289289968754
societi,0.01761728942541433
soft,0.308240569624214
soft viagra,0.07991994565561153
softwar,1.7069886406443375
softwar avail,0.01123790822623554
softwar languag,0.11817088442219795
softwar licens,-0.10821577111244883
softwar need,0.32545633963686554
softwar version,0.13495005066889923
sogomonian,-0.04663669460353387
sokolov,-0.15488211638489033
sold,0.5309247875649323
sole,0.10269916914806303
solicit,0.5693019856514435
solut,-0.06623676957479323
solv,0.1837170707176787
soma,-0.015645913639125576
somebodi,0.14106091324425515
someon,-0.15216190904788293
someon els,-0.10264655351216075
someth,0.18802447078699797
sometim,0.042140760684941624
son,0.19370258348280414
soon,0.01970970352157765
soon best,-0.07689282039279907
soon possibl,0.3576846151865944
sophi,-0.02902828135614279
sophist,-0.08847360730845101
sorri,0.16438683498707637
sorri delay,-0.12436976712913089
sort,-0.07918207943873704
sound,0.1056635816920728
sourc,-0.1518384878752965
sourc said,-0.028387673368265406
soussan,-0.008674310847737746
south,0.11633996661184025
southern,-0.05915467525247275
sp,0.171408368094236
space,-0.057198086449756325
spam,0.816612869072599
spamassassin,0.3115513928861846
spamassassin sight,0.2404315951579854
spanish,0.05800096671162951
speak,-0.2611045094730485
speaker,-0.3596663428664431
speaker seri,-0.07291041840356423
special,0.4932445549851637
special offer,-0.046118126976189035
specialist,0.08609661658119776
specif,-0.27184256998522477
specifi,-0.257767734972679
specul,0.08173860980606408
speech,-0.07354137551422527
speed,-0.02604157433952322
speed improv,-0.04704648354361563
spend,-0.12776093634081223
spend time,-0.13580533865870215
spent,0.024323367616947773
spent vain,0.1319758273656796
spike,-0.0940519347894942
split,-0.06810836204888328
spoke,-0.45819264169221124
spoken,-0.1548756462610611
sponsor,0.020632039426141804
sponsorship,-0.0261635511012194
sport,-0.08697908486003741
spot,-0.09696458756416905
spot price,-0.03303693232456383
spradl,-0.06066121264922312
spradlin,-0.06938654679490903
spradlin rice,-0.06858018007914883
spread,-0.3824216220925374
spread option,-0.11316834441036691
spreadsheet,-0.5942538227711872
spring,0.08942399941966282
spur,0.3934303388599154
squar,-0.009122121089788054
squirrelmail,0.08601481076759619
squirrelmail authent,0.08601481076759625
squirrelmail mailer,0.08601481076759625
squirrelmail mime,0.08601481076759625
sr,-0.10950141571688232
st,0.21201464504962955
staf,-0.09579896406032264
staff,-0.28715356572058554
stage,-0.07108926366314662
stake,0.11263680406080015
stand,0.17826918688835444
standard,-0.3518536676997517
standard adob,0.18520696440045356
stanford,-0.31505407585260153
stanford ca,-0.170154831011106
stanford edu,-0.22187500665615117
stanford program,-0.08132393335743748
stanford univers,-0.12353234507036143
star,0.25346030730900115
start,0.367099292146597
start date,-0.0523231232431692
start revamp,0.13599050280834515
start within,0.13506892974618281
start work,-0.11354435725792461
state,-0.0016199547037126368
state art,0.0830059434842718
state electr,-0.11167952013403273
state govern,-0.10744669690011091
statement,0.2648540639323949
statement made,0.04634448946602611
statement within,0.26457844803326835
station,-0.09142058244153428
stationeri,0.6335777567439341
stationeri web,0.13599050280834515
statist,-0.43941867658385997
statu,0.42147157577921696
stay,0.027308283408026917
ste,0.09644903340072025
ste mari,-0.09781518264757574
steel,0.034603607899743274
step,0.09364854694849288
step step,-0.057511829753600995
stephani,-0.05360286353199668
stephen,0.00952728976944586
stephen bennett,-0.10184200772827613
stern,-0.03484935092064444
steve,-0.6765937537883207
steve leppard,-0.03503585785176171
steven,-0.14638515242844422
steven kean,-0.012750011467441289
steven leppard,-0.07701149211882453
stewart,-0.031779014439513795
still,-0.3767175857538732
stinson,-0.9166643949504579
stinson forward,-0.03914333104774533
stinson gibner,-0.2246875650797718
stinson vinc,-0.05885246125798192
stochast,-0.11820904739532813
stochast process,-0.04200500946462149
stock,0.4162417383196494
stock option,-0.1084825287930361
stock report,0.09835733738452451
stone,-0.09491230552035138
stop,0.5417481624407144
storag,-0.4310251772210436
storag model,-0.10949054154610832
store,0.23974154832733371
store valu,0.05757785016916921
stori,0.1333493494240004
strateg,-0.13079881089466472
strategi,-0.1398729812065157
stream,-0.05942553989462763
stream busi,0.1319758273656796
street,-0.20215591219171627
street room,-0.031704311485269886
strength,0.14800011514352923
stress,-0.00752206876186729
strickland,-0.06674073511902166
strictli,-0.010713877678323623
strictli prohibit,-0.1818982988594985
strike,-0.1036241995997845
strip,0.0026226500591518803
strong,0.02415891400997744
strongli,0.03934428949708808
structur,-0.19019645283354517
struggl,0.24703170384898906
student,-0.44164578434517365
studi,-0.308365906752187
studio,0.35728908796688064
studio mx,0.20477416232279155
stuff,-0.13852345058139062
style,-0.04790531063232468
style option,-0.03830827726529199
sub,-0.18321399500136673
subject,0.8598709854249759
subject agenda,-0.17786911047094792
subject alp,-0.022983549395376095
subject approv,-0.18684925921675385
subject barri,0.08325015625985745
subject chang,0.06514278331040557
subject check,0.1734696005557141
subject christma,-0.038821641928342976
subject confidenti,-0.10435042960458205
subject confirm,-0.19178857650540496
subject congratul,-0.6185484835635663
subject credit,0.02952937407491976
subject dr,-0.06169499264054532
subject energi,-0.12674729209048954
subject enron,-0.2896376836995966
subject eol,-0.09477360175046388
subject eprm,-0.10707617238585183
subject follow,-0.06943947217850722
subject fw,-0.22342184355049072
subject fwd,-0.20843313818394882
subject garp,-0.06380347541423477
subject get,0.5196036406461516
subject good,0.21419565280121644
subject graphic,0.07428733426443457
subject greet,-0.0009389011957075459
subject hello,-0.16625004851049083
subject hi,0.2512506722662058
subject houston,-0.025612952720932884
subject inform,0.4668356686389997
subject interview,-0.1542301103160771
subject invit,-0.03099546568022689
subject job,-0.24437168292320166
subject line,0.4118349887719209
subject lng,-0.08745805802405723
subject local,0.12844766063963592
subject london,-0.1190752011238144
subject meet,-0.14801925911594074
subject messag,0.20787456998393347
subject mscf,-0.0592378297862655
subject new,0.024488555820789758
subject next,-0.020417817647233064
subject perfect,0.15950137940740053
subject power,-0.06030502169415248
subject present,-0.08034095501370835
subject real,-0.05031928680772555
subject request,-0.21006968597274905
subject research,-0.22297266087570858
subject resum,-0.15263025044699458
subject rice,-0.10255286919582864
subject risk,-0.12597047733474143
subject save,0.34374582340612225
subject softwar,0.4644459693979696
subject spring,-0.025094410535113063
subject subject,-0.044121080744942254
subject summer,-0.32704921691492
subject telephon,-0.04762616683967402
subject term,-0.03737861371611336
subject thank,-0.2616772613403303
subject transit,-0.005527657108039676
subject uk,-0.10002343961263789
subject updat,-0.21476832090905118
subject vacat,-0.11824734182763222
subject var,-0.11627856853287437
subject vinc,-0.09417506105431314
subject visit,-0.08574285604543695
subject weather,-0.09583283765379473
subject wharton,-0.07347922818633577
submiss,0.050763086488789334
submit,-0.29996421468411777
submit access,-0.09701838896249816
submit websit,0.17600390558382858
subscrib,-0.326494072286425
subscript,-0.44576109774576583
subsequ,0.01939652700203395
subsidiari,0.0034820876271150574
substanti,0.14439062027100935
succeed,0.2068315325667141
success,0.15610628809253957
success busi,0.29044313664915944
success enron,-0.08798176156586426
successful,0.286982719691016
suffici,-0.11478131771532539
suggest,-0.6315176234621019
suit,0.14603583436788065
suit dreamweav,0.12844766063963592
suitabl,-0.0228023991631913
sum,0.2465306849188168
summar,-0.04966180524978775
summari,-0.2720983522364815
summer,-0.6055362444406743
summer associ,-0.08907510471687449
summer intern,-0.21841408305128038
summer internship,-0.14696102990312956
sun,0.26652197592932136
sunday,-0.20001398953418384
supatgiat,-0.15441731209097784
supatgiat corp,-0.15015450948857118
super,0.06493611924226386
super saturday,-0.160109119726523
superior,0.19806258260851536
supervis,0.0918877107512925
supervisor,-0.20226069169105224
suppli,0.2401942810264824
supplier,-0.07322594967045656
support,-0.18770647711045751
suppos,-0.16180961008047295
surbey,-0.0500019924462572
surbey lon,-0.04214913977572043
sure,0.09805893243461829
suresh,-0.06142602464235593
surpris,0.38664623135149834
survey,0.5397773261423681
susan,-0.02259488104585761
susan hansen,-0.013550041016358788
suspect,-0.04557705421431485
suspend,0.49166719100811834
swap,-0.279162540728529
swing,-0.05579450271208948
switch,-0.3498825715953527
sydney,0.037778679126453246
symbol,0.0034434053008113533
symposium,-0.07708808903962973
system,0.05931971657041931
system develop,-0.13051246735547353
system requir,0.10715241242713934
tab,0.4162599914683265
tabl,-0.2938264965852428
tag,0.14193094052475963
tai,0.05643100260890901
tail,-0.1694892693619383
take,-0.0490192253463768
take action,0.003945786660068381
take advantag,0.33560295521510997
take care,-0.12679119069862488
take day,-0.12124448284972326
take look,0.05707801789220837
take minut,0.012199897073985002
take place,-0.15794484789634158
take time,-0.10425274372621371
taken,0.2946022566355165
takriti,-0.0578534788394668
talent,-0.1621661718101708
talk,-0.49735491373923785
tamarchenko,-0.09681086859355757
tamarchenko hou,-0.04839100850552343
tani,-0.032227090454072
tani nath,-0.03644036136261599
tanya,-0.5429382892635763
tanya tamarchenko,-0.10615504656202816
target,0.25953970052556297
target price,0.19826533955774386
tariff,-0.027654585670608838
task,-0.07809414526008493
tawney,-0.043383401300672156
tax,0.03390468495014224
taylor,0.0867634367466782
teach,0.33389384729260824
team,-0.352361381845651
team member,-0.10349745106019194
tech,0.07471551325650394
technic,-0.32735504322494824
technic analysi,-0.10690898860546694
techniqu,-0.05952820995200414
technoiogi,0.17633830073371512
technolog,0.3412150544199947
ted,-0.23744306965918033
ted murphi,-0.10417766377961893
tel,-0.3576192247433006
tel fax,-0.3584470498073328
telephon,-0.11474046442387617
telephon fax,0.017076025402095296
telephon interview,-0.05763432596168189
telephon number,0.11023523622738353
teler,-0.06741119602259416
televis,0.04544041785333032
tell,0.3544668497187504
temperatur,-0.06065905007768052
templat,-0.11259120988397249
temporari,-0.06142797039352743
ten,0.33961613276932184
tent,-0.04100435853683179
term,-0.1340352905850982
term contract,0.13035613381818736
term structur,-0.06571086841102507
termin,-0.04939550221732391
termin notic,-0.07998160304239724
terri,-0.032056144253759376
test,-0.020197580131505983
texa,-0.27007698653854995
texa austin,-0.11694399515238643
texa financ,-0.039572051489661794
texa phone,-0.08178115849382891
text,0.19597696961684824
text html,0.33080374986968736
th,-0.6058175016605981
th floor,-0.13332912045748463
th juli,-0.11675061844456201
th may,-0.02806764246338518
th pleas,-0.06585575095305933
th th,-0.12428292231744353
th vinc,-0.07860103486721624
thank,-1.8672393027187248
thank advanc,-0.2921024227369732
thank best,-0.03678737417693975
thank christi,-0.07951562428890031
thank forward,-0.044102433011029195
thank great,-0.13573504319106297
thank help,-0.2075497662293317
thank interest,-0.05099937372723215
thank invit,-0.1179951925368716
thank iri,-0.1138731032995675
thank kevin,-0.3117624624145816
thank look,-0.06414673327957217
thank lot,-0.038572608943779486
thank messag,-0.15509031233667192
thank much,-0.369789600369418
thank particip,-0.11772703893157685
thank prompt,0.07347849970904982
thank regard,-0.01155282558924906
thank shirley,-0.36972374560155596
thank sincer,0.0016221179411550347
thank steve,-0.07348638938676591
thank stinson,-0.1711449099249598
thank support,0.023765061432278536
thank take,-0.08157221779830583
thank time,-0.07413728737599182
thank updat,-0.0345226470321587
thank vinc,-0.26287377713168825
thanksgiv,0.01267039921264267
theoret,-0.12648566990087007
theori,-0.07865282260445883
therefor,0.12359204029148597
thesi,-0.026335833653025637
thing,0.665737406680171
thing go,-0.04869643395331535
thing great,0.11766318023919715
thing tri,0.02950303636823065
think,-0.32308246180825234
think breath,0.13599050280834515
think would,-0.13415849625594714
thinkgeek,0.17901668050014258
third,-0.17718049016326548
third parti,-0.030402564819805394
thoma,-0.09155843616735232
thorn,-0.02563543590027901
though,-0.0944523473894966
thought,0.24490808016199767
thought might,-0.1066139679003819
thought would,-0.09148227508870566
thousand,0.6845388935948831
thousand dollar,0.21041722018857553
threat,0.1768708202103039
three,0.09677901306312867
three busi,0.27279603441723144
three year,-0.07330112673211432
throughout,-0.06938695512487802
thru,0.2780001906428341
thu,-0.16487007530543377
thur,-0.03243403599392665
thuraisingham,-0.1587948955673226
thuraisingham enron,-0.061567927281133
thursday,-0.22895740419990335
thursday friday,-0.055784856346198876
thursday march,0.15295393743472036
ticket,0.00018767715479097585
tie,-0.22456046819712655
tiger,-0.14218590101231318
tiger team,-0.10326358989581418
till,0.03877958291647978
tim,-0.06209694469184537
time,-0.24862506098523435
time frame,-0.12818139092557573
time money,0.09157510556217947
time period,-0.09158619914185508
time pleas,-0.11253552776031844
time right,0.08291846802321473
time select,-0.07037742566260909
time seri,-0.1392823560176451
time thank,-0.04446862516213967
time time,0.13700615687632287
time vinc,-0.11838800675907037
time work,0.02914391156133218
time would,-0.0458048697116287
timothi,-0.01705514858314367
tip,0.13254180521160802
titl,0.19204309485453977
titman,-0.03125079377640399
tlapek,-0.08263678135297363
tm,0.051087496289357784
today,-0.03434473090135937
today pleas,-0.005697333148279728
todd,-0.1386999514302967
togeth,-0.4790483047853245
togeth come,-0.043284836255846275
told,-0.47403183910919044
toll,0.1871503217219678
tom,-0.2318763968678356
tom halliburton,-0.054368850631521214
tomorrow,-0.6270869183559397
tomorrow morn,-0.02036703712681851
ton,0.33158578200086886
toni,-0.2228430431547636
toni hamilton,-0.0709389007341584
tonight,-0.07413310908811531
tooi,0.22644566722672946
took,0.056223800800325026
tool,-0.06296264140535632
top,0.46630197424836023
topic,-0.23423240725225275
toronto,-0.03145336639706523
total,-0.022417834257271098
touch,-0.0010403630928708405
tour,0.2129291285836877
toward,-0.11023542884039735
town,-0.09944189970445778
traci,-0.11105177697708578
track,0.13534404655382876
trade,-0.2818021026244865
trade compani,0.026331395142297317
trade group,-0.07603924831661485
trade platform,-0.08465895840819183
trade resourc,-0.11686345706019108
trade risk,-0.06396285086212328
trader,-0.4319916298409866
tradit,0.0843057647559237
traffic,-0.08847267892424437
train,-0.13711335197718635
train cours,-0.023318855890499857
transact,0.21630417207409255
transcript,0.3668765514135423
transfer,0.5752133303029359
transfer encod,0.12485921635857841
transform,-0.05304284057117059
transit,-0.06872145900079911
transit research,-0.005527657108039676
transmiss,-0.22820844864083614
transmit,-0.2360174348623818
transpar,-0.028269295796634033
transport,-0.12429479787712351
travel,0.10185661466165363
treasuri,-0.008372328684839435
treat,0.14893146278150055
treatment,-0.04467651766290221
tree,0.22228342575358112
tremend,0.04181789949642708
trend,-0.19346182168516995
tri,0.2978170703823893
tri ciall,0.11766318023919713
tri get,-0.14072945264030065
trial,-0.09539907777688539
trigeorgi,-0.04334411417069157
trigger,0.003250675267584936
trip,-0.21454508668267638
trip houston,-0.07120113522941515
troubl,-0.10513433479543381
truck,-0.14391031222182737
true,0.14392219600233058
truli,0.34476928183603034
trust,0.4382801161927645
tue,0.46483284460949803
tue jul,0.4849990793343874
tuesday,-0.23780076684696458
tuesday april,-0.0750733529489962
tuesday morn,-0.034548994320492764
turkey,0.02861489345149157
turn,0.2674041910865311
turnaround,0.12430581036612082
tv,0.41951849051695966
twenti,0.3632620510261746
two,-0.5871128830096919
two day,-0.048446660706320185
two week,0.06276381286939663
two year,0.11792342620048091
tx,-0.26518234885898484
tx offic,-0.10081237834545506
tx phone,0.007389550345759943
tx voic,-0.05168036200182452
txt,-0.1540934128067664
txu,-0.07600273885606959
type,-0.4155250225142284
type directori,-0.08012847519624533
type text,0.2225394361742834
typic,-0.25714838905123305
uc,-0.046884512632441415
uh,-0.05504027310115816
uh edu,-0.04726594138105555
uk,-0.3388285130002661
uk ga,-0.04456928232814221
uk power,-0.08118777934081593
ultim,0.053937268861139885
um,0.3278310075119778
un,0.3856989419284953
unabl,-0.13544984413858147
unauthor,0.16578522385516112
uncertainti,0.038020417052037014
undergradu,-0.04658509317286929
underli,-0.2063175842847152
understand,-0.5754492446091376
understood,-0.16250697396980457
understood neither,-0.1360471557856429
underwrit,-0.047911963539945486
unfortun,-0.12620133346783186
union,-0.002348853537299276
uniqu,0.47370472855833057
unit,-0.24389437163372524
unit state,0.27061570665367
univers,-0.4089962353628669
univers california,-0.045337354648035094
univers houston,-0.053631342764534955
univers main,-0.09947431814306802
univers pennsylvania,-0.060489799497215405
univers po,-0.10081237834545506
univers texa,-0.07900101627728544
unix,-0.11175819176362384
unknown,0.49929511274344035
unless,0.0043818200790337
unlik,0.025944517461740268
unlimit,0.45325553360587356
unlimit amount,0.198835047462556
unsolicit,0.25675532400972495
unsubscrib,0.5687202629484152
up,0.10426465311486056
upcom,-0.345324146960767
updat,-0.6892390801396678
upenn,-0.1671884449017545
upenn edu,-0.16718844490175452
upgrad,-0.06540466345460358
upon,0.3961603678445388
upon request,-0.12511561178566527
urg,0.1355558366244238
urgent,-0.05683978839305542
url,-0.3131704214665333
url http,-0.14931634829246632
us,0.635521718247522
us know,-0.08288486525786316
usa,0.22668174408323827
usag,0.15762321757286207
usd,0.07144352076101826
use,-0.04279458892037588
use content,0.08592343972134747
user,-0.0598407343682499
user agent,0.08601481076759625
user group,0.19407180040423447
user id,-0.2663000095122161
user projecthoneypot,0.0860148107675962
usernam,-0.2115441999349831
usual,-0.2976518216178164
ut,-0.06487135168542638
utexa,-0.16143797282494488
utexa edu,-0.16143797282494488
util,-0.5429733973031371
va,0.25090786991418657
vacat,-0.16948436359395846
vacat day,-0.138436962846168
vain,0.1319758273656796
valeri,-0.026168519825497234
valeria,-0.004516365343260625
valid,0.14870712010928241
valu,-0.03276480145279354
valu risk,-0.1584162093305187
valuabl,0.03791484943085443
valuat,-0.24952764811729866
van,-0.09593446430674095
var,-0.5689571360199438
var model,-0.06343023534875063
vari,0.31565192521112306
variabl,-0.1381692243710224
varianc,-0.05869660844132906
variant,0.07917897301845767
varieti,0.18641205375740766
variou,-0.3457903577007894
vasant,-0.5138995898863435
vasant shanbhogu,-0.10034096432710435
vehicl,0.1764584031772609
vendor,-0.27999242523447365
ventur,0.16971975430620223
vera,-0.006678409840011528
verif,0.29191788849946027
verifi,0.31335273903365474
vernon,-0.12923418271154133
version,-0.5201297459101238
version content,-0.25354559856106007
versu,-0.17396518077637174
via,-0.5270269943811283
via email,-0.03471610493699279
via mail,-0.0682669719236101
viagra,1.1546913671501093
viagra incred,0.07991994565561156
viagra per,0.07991994565561152
viaspac,0.20383645214150203
vice,-0.2782344918054719
vice presid,-0.22903350030633482
video,-0.0030003264439878593
video confer,-0.10615102186401248
view,-0.09737116149226364
viewstori,-0.2382693617055734
viewstori asp,-0.2382693617055734
vilasrao,-0.03032234557564606
vilasrao deshmukh,-0.03032234557564606
villarr,-0.11443195411837136
vinc,-3.378876038907284
vinc christi,-0.03392439055958548
vinc dale,-0.03741619193247067
vinc enron,-0.04530731219017103
vinc forward,-0.2004859825335829
vinc get,-0.13378745483977839
vinc group,-0.04556967718229351
vinc hope,-0.11538985364774693
vinc iri,-0.03589345191787742
vinc john,-0.035980057018284245
vinc juli,-0.042400745712892124
vinc kaminski,-1.0126235137309485
vinc pleas,-0.17787562043913405
vinc sent,-0.05040164910362169
vinc shirley,-0.0416177454241925
vinc shmuel,-0.007510852732634115
vinc sorri,-0.05279787930466439
vinc steven,-0.029602425823391294
vinc stinson,-0.24727998124582543
vinc subject,-0.05767862472780311
vinc thank,-0.23677582934315006
vinc vinc,-0.017968158139145103
vinc want,-0.16515015035942004
vinc would,-0.0983827807783775
vincent,-0.38738238348596105
vincent kaminski,-0.34668142335355945
virtual,0.11266100004051183
virus,0.028526282068453212
visa,-0.06430494483443579
visibl,-0.03688221330786882
vision,0.23814626473766118
visit,0.6892464892954978
visit enron,-0.1626715498228206
visit houston,-0.06767137747327227
visit http,0.2409557770485882
visit site,0.5036865017813612
visit us,0.20941303181761695
visit vinc,-0.0610139560373164
visit web,0.1893781125151676
visit websit,0.17539553505915464
visitor,0.17302474306625543
visitor stream,0.1319758273656796
visuai,0.2121219068775348
visual,0.28451854270492993
visual ident,0.248003070037473
vita,-0.07019241746495582
vkamin,-0.5039241919774725
vkamin ect,-0.0468647598388741
vkamin enron,-0.45722974136221944
vkaminski,-0.4297933933435656
vkaminski aol,-0.2755053179537792
vl,-0.029110376441871855
vl adob,0.17005652385700193
vladimir,-0.043462370272704304
vnbl,0.03448033064753164
voic,-0.022465060475870994
voic fax,-0.26248952569275996
voic mail,-0.15767288692875794
voicemail,-0.15858847904141166
vol,-0.1607314748386416
volatil,-0.3297557576830653
volatil curv,-0.080862839464621
volum,-0.13441540385954193
volunt,-0.0755601265409923
vote,-0.11038232109164504
vou,-0.22072185401160402
vp,-0.24791060529236686
vs,-0.20528153011391898
vspc,0.20668345705456012
waco,-0.06328689431312477
waco tx,-0.1094238028231859
wade,-0.07911108215121924
wade cline,-0.061874310689403356
wait,0.42837508550484266
wait week,0.13149819314411978
walk,0.47591365360926724
wall,0.0839988164820831
walter,-0.024002019183363497
walton,-0.09241461172677809
wang,-0.04798326351507077
want,0.5227721832481839
want get,-0.08880050408312344
want know,0.16419184906140608
want let,-0.13674718630835464
want make,0.14696710853265643
want peopl,0.09095908819281748
want thank,-0.13245106061428416
war,0.3850138634457476
warm,-0.0696102623291664
warn,-0.10778679077854568
washington,0.004350084549250293
watch,0.6018638387929006
watch visitor,0.1319758273656796
water,0.13479694932517275
watson,-0.05418493937498579
way,0.23615775936160993
way make,0.3494218832994686
wayn,-0.000672505735012687
wealth,0.09601272421164067
weather,-0.6743896449176164
weather cours,-0.023790828924577363
weather deriv,-0.19679686627978252
weather desk,-0.04736348832165211
weather risk,-0.17792775955825604
weathereffect,-0.019001504519601545
web,0.27214189377810166
web http,-0.1681007069992303
web page,-0.11554583745172334
web site,0.14770666622742248
webmast,0.043042214769788666
websit,0.6156824314763604
websit boost,0.1319758273656796
websit http,-0.2550823607015901
websit oniin,0.05828003203236404
websit onlin,0.07855134238596495
websit search,0.14569968260269087
websit simpli,0.13197582736567962
websit www,-0.0636952624181734
wed,0.1332927559500712
wednesday,-0.5167261576819301
wednesday april,-0.17400308619708904
week,-0.28898279013128714
week ago,0.08914817081762533
week cd,0.12616275704066668
week pleas,0.41007707091395357
week vinc,-0.12081508401307312
week would,-0.0573342403470574
weekend,-0.4111548623112208
weekli,-0.043436661861630865
weight,0.21138919265332168
welcom,0.012760706598408219
well,-0.3014468319224658
wendi,-0.06215655292668736
went,-0.17289987557687886
west,-0.07019678297482564
western,-0.05571074726308546
wg,-0.07898603135974366
whalley,-0.13405167012003683
wharton,-0.31727755667484137
wharton school,-0.1610388731424784
wharton upenn,-0.13989625031271935
whatev,0.0451505973001093
wherebi,-0.0200899205920895
whether,-0.16146820026557954
white,0.10206627819897539
whitsel,-0.07376291460896575
whole,0.003304264191266832
wholesal,0.022279011949613733
whose,-0.008301261958839427
wi,0.3931172052830074
wide,0.158811973781313
wide rang,-0.02580714869819829
wife,0.30225202303750814
wiii,0.21607955361157255
wiil,0.21188979602499494
wil,0.03956795982423405
wili,0.22642312582830124
will,-0.034381542287409673
william,-0.3397209527098779
william smith,-0.06775119868034023
win,0.6764652530649065
wincenti,-0.34109567286963793
wincenti kaminski,-0.20720972014804034
wind,-0.1037101273624116
window,0.06584835087815223
window xp,0.2641440231729817
winner,0.20180828099904857
winston,-0.09712434441404905
winter,-0.2243584517543279
wire,0.41119561428492335
wish,0.4335699939246317
wish receiv,0.4405042378802823
within,0.5292635605649526
within day,0.2248826691649337
within email,0.09634741597718817
within enron,-0.34004174540831505
within mean,0.35058124370464505
within minut,0.16476389725666585
within next,0.34378589647887
within three,0.15942987657500723
without,0.5066756584417753
without notic,0.2858733766681498
woman,0.3294221916255116
women,0.4688338871021844
wonder,0.31215771320718605
wood,-0.01720507433812045
word,0.2832581846922244
work,-0.6056817106957091
work best,-0.20837272869871673
work close,-0.07661168559634406
work compani,0.33433004743178013
work enron,-0.16802838755269422
work group,-0.1180160553055047
work home,-0.07974610059334568
work interest,0.3370528621446604
work pleas,-0.010416908448715317
work us,0.026900224153398093
work vinc,-0.11866935175836239
workshop,-0.22831032452068256
world,0.29914175604176513
worldwid,0.8979568416516054
worri,0.32941765169335824
worth,0.1696109483768605
would,-1.484222527757433
would abl,-0.01730610338019507
would also,-0.12163677314136814
would appreci,-0.24064672230476358
would best,-0.03016536204795651
would get,-0.14361953836213848
would glad,0.006132012734057169
would good,-0.06263061995410059
would great,-0.09898341203960398
would greatli,-0.05247160508127352
would happi,0.010357148623330568
would help,-0.1238619085663532
would interest,-0.08467850841514826
would like,-0.2276120267598551
would much,-0.04923104340770573
would need,0.008582358011682212
would pleas,-0.04312509467753933
would prefer,-0.035900091388490256
would provid,-0.06393275753484072
would realli,-0.0845613007243078
would take,-0.14773308882206895
would use,-0.14243908242942913
would work,-0.0499688893079437
wrap,-0.07434534481766268
write,0.06550434075219753
write review,0.1807833186681954
written,-0.17073985181906956
wrong,-0.07290497091973945
wrote,-0.23075646268838468
wti,-0.12881199794029127
www,0.42414017006533483
www cera,-0.31486142712656917
www reactionsnet,-0.4023322729042296
www ruf,-0.08495314850398922
www stanford,-0.1803550451214015
xara,0.17005652385700193
xara vl,0.17005652385700193
xiao,-0.01833848598757432
xl,-0.195704397051539
xll,-0.05155719610466585
xp,0.24191240915781703
yahoo,-0.1442536740239295
yahoo com,-0.008921484506016156
yaman,-0.11602384781527367
yaman corp,-0.05132228672507877
yaman sevil,-0.0439370574955121
yanni,-0.07844854803979688
ye,0.5910675502856841
year,-0.42026145671932286
year ago,-0.06257263816913489
year end,-0.09077719351229159
year old,0.3913797683332479
year perform,-0.038794570547482386
year year,-0.09538610426467499
yesterday,-0.44434058679561184
yet,-0.06565626239259525
yet cannot,0.11766318023919713
yield,0.03353176662001823
york,-0.2808870599845512
young,0.37187498532035623
youyi,-0.02447224964795675
yr,0.00079532266511552
zadorozhni,-0.04972775154039505
ze,-0.589510474717089
zero,-0.06260784084202221
zhang,-0.049642430763041305
zhendong,-0.025509279113698876
zimin,-0.6366971820155694
zimin lu,-0.17543167570313659
zip,-0.24804463027464732
zipter,-0.05595965029058555
zone,0.22910915217319872
