Category,EmailLength,WordCount,SentenceCount,AvgWordLength,DigitCount,SpecialCharCount
1,1484,324,10,3.5277777777777777,3,136
1,598,89,0,5.685393258426966,0,1
1,448,87,3,4.057471264367816,10,8
1,500,98,5,4.040816326530612,30,25
1,235,52,9,3.480769230769231,0,13
1,478,84,3,4.511904761904762,6,10
1,9340,1703,72,4.374045801526718,41,291
1,446,95,9,3.610526315789474,4,13
1,507,121,2,3.12396694214876,61,34
1,446,95,9,3.610526315789474,4,13
1,709,146,13,3.780821917808219,9,33
1,446,95,9,3.610526315789474,4,13
1,879,167,9,4.1437125748503,8,20
1,8196,1557,71,4.17276814386641,60,293
1,684,117,5,4.743589743589744,1,16
1,1000,196,15,4.025510204081633,2,33
1,215,43,3,3.953488372093023,3,9
1,663,138,11,3.717391304347826,40,40
1,80,13,0,5.076923076923077,0,5
1,2560,485,55,4.082474226804123,21,107
1,349,73,7,3.73972602739726,0,12
1,649,136,11,3.772058823529412,13,32
1,715,127,8,4.519685039370079,0,20
1,294,59,6,3.915254237288136,1,11
1,350,67,5,4.164179104477612,0,7
1,993,210,16,3.638095238095238,0,38
1,936,176,18,4.056818181818182,8,24
1,466,86,4,4.244186046511628,3,11
1,497,89,4,4.415730337078652,5,11
1,446,95,9,3.610526315789474,4,13
1,97,16,1,4.875,18,2
1,3319,617,29,4.293354943273906,16,80
1,619,136,9,3.463235294117647,22,38
1,1357,366,41,2.685792349726776,43,161
1,1990,406,31,3.9014778325123154,167,107
1,1386,332,36,3.0843373493975905,121,113
1,206,44,4,3.636363636363636,8,10
1,539,101,5,4.257425742574258,1,15
1,240,54,7,3.3703703703703702,6,15
1,958,184,16,4.108695652173913,3,49
1,542,99,4,4.313131313131313,6,10
1,374,81,8,3.54320987654321,0,19
1,9352,1703,72,4.381092190252495,43,290
1,281,49,3,4.673469387755102,6,8
1,355,74,8,3.716216216216216,0,19
1,1033,216,12,3.7314814814814814,66,33
1,261,49,3,4.26530612244898,2,7
1,2132,535,59,2.9102803738317755,249,199
1,216,47,4,3.5531914893617023,8,11
1,18999,3361,198,4.630764653376971,144,500
1,668,131,7,4.068702290076335,1,22
1,9345,1703,72,4.376981796829125,38,287
1,627,101,4,5.148514851485149,0,13
1,200,38,3,4.2368421052631575,12,8
1,347,75,7,3.546666666666667,1,16
1,3418,651,23,4.168970814132105,14,52
1,662,138,11,3.710144927536232,40,40
1,607,122,7,3.9098360655737694,3,12
1,354,63,9,4.428571428571429,0,10
1,345,73,12,3.671232876712329,2,16
1,4927,980,58,4.016326530612245,63,120
1,5805,1077,50,4.312906220984216,57,211
1,166,35,5,3.657142857142857,0,8
1,446,95,9,3.610526315789474,4,13
1,1526,331,27,3.528700906344411,3,60
1,653,126,8,4.0,24,21
1,1168,220,6,4.222727272727273,2,20
1,682,122,7,4.524590163934426,0,14
1,568,97,6,4.77319587628866,2,13
1,326,95,6,2.3263157894736843,13,52
1,115,22,2,4.181818181818182,0,4
1,828,163,10,4.042944785276074,11,38
1,661,138,11,3.7028985507246377,40,40
1,561,107,10,4.08411214953271,6,27
1,1459,324,11,3.450617283950617,3,137
1,327,64,6,4.03125,9,16
1,2960,555,24,4.333333333333333,134,129
1,1738,405,41,3.180246913580247,26,103
1,539,101,5,4.257425742574258,1,15
1,841,157,8,4.286624203821656,0,15
1,458,78,4,4.730769230769231,0,9
1,439,81,8,4.37037037037037,19,21
1,200,41,4,3.829268292682927,0,5
1,4398,824,39,4.254854368932039,27,147
1,347,75,7,3.546666666666667,1,16
1,347,75,7,3.546666666666667,1,16
1,1569,314,20,3.9713375796178334,17,28
1,432,111,10,2.855855855855856,42,58
1,10069,1819,77,4.51456844420011,194,321
1,402,76,6,4.289473684210527,0,15
1,1275,254,13,3.9291338582677167,2,25
1,589,114,7,4.149122807017544,14,19
1,1026,197,17,4.030456852791878,10,48
1,3161,612,46,4.083333333333333,45,124
1,569,103,5,4.349514563106796,0,23
1,417,72,3,4.583333333333333,0,8
1,278,56,5,3.892857142857143,2,8
1,927,181,6,4.0497237569060776,1,17
1,708,125,8,4.552,0,20
1,446,95,9,3.610526315789474,4,13
1,480,106,6,3.452830188679245,6,25
1,965,205,14,3.6439024390243904,0,22
1,2918,563,25,4.1172291296625225,45,95
1,325,61,9,4.278688524590164,4,15
1,662,138,11,3.710144927536232,40,40
1,398,92,11,3.217391304347826,20,25
1,783,155,21,3.95483870967742,5,32
1,227,41,7,4.487804878048781,9,11
1,904,231,10,2.8484848484848486,0,122
1,1364,288,35,3.701388888888889,16,79
1,1415,261,15,4.340996168582375,7,42
1,237,51,5,3.588235294117647,3,7
1,284,54,5,4.203703703703703,0,9
1,461,106,6,3.349056603773585,2,21
1,912,193,20,3.6321243523316062,12,46
1,76,18,1,3.2222222222222223,4,4
1,2543,489,32,4.10838445807771,82,94
1,661,138,11,3.7028985507246377,40,40
1,761,133,8,4.503759398496241,27,17
1,207,43,8,3.72093023255814,23,12
1,762,207,11,2.632850241545894,0,124
1,1008,205,13,3.760975609756097,25,42
1,81,15,1,4.4,8,2
1,397,90,13,3.2777777777777777,1,20
1,1159,240,15,3.758333333333333,8,40
1,494,85,3,4.635294117647059,6,10
1,19174,3367,149,4.663498663498664,167,571
1,544,99,12,4.333333333333333,8,19
1,665,138,11,3.731884057971015,40,40
1,2122,361,17,4.753462603878116,9,64
1,192,37,6,4.135135135135135,0,7
1,546,106,12,4.0,8,19
1,501,108,7,3.537037037037037,7,24
1,443,94,10,3.648936170212766,3,24
1,287,62,6,3.5806451612903225,8,14
1,909,183,15,3.879781420765027,10,38
1,660,138,11,3.695652173913044,40,40
1,897,228,10,2.8684210526315788,0,123
1,868,184,20,3.657608695652174,4,35
1,156,31,3,4.0,3,7
1,170,39,4,3.333333333333333,2,9
1,198,38,4,4.184210526315789,3,12
1,471,80,2,4.7,6,10
1,753,209,10,2.569377990430622,0,123
1,592,128,8,3.5078125,46,22
1,976,203,17,3.669950738916256,95,48
1,663,138,11,3.717391304347826,40,40
1,1132,291,28,2.821305841924399,0,152
1,72,14,2,4.142857142857143,0,3
1,466,81,4,4.567901234567901,3,11
1,1614,298,25,4.295302013422819,19,65
1,22476,4046,169,4.530647553138903,110,526
1,2088,419,61,3.885441527446301,14,104
1,446,95,9,3.610526315789474,4,13
1,269,58,14,3.5517241379310347,0,21
1,766,209,10,2.631578947368421,0,121
1,621,119,4,4.126050420168068,0,14
1,334,74,7,3.4054054054054053,21,27
1,515,91,9,4.483516483516484,8,13
1,3912,687,39,4.647743813682679,70,116
1,1479,328,10,3.457317073170732,3,140
1,921,234,10,2.871794871794872,0,124
1,1494,332,11,3.448795180722892,3,141
1,745,207,10,2.565217391304348,0,119
1,446,95,9,3.610526315789474,4,13
1,344,61,5,4.590163934426229,1,10
1,1463,325,10,3.4492307692307693,3,138
1,539,101,5,4.257425742574258,1,15
1,754,144,8,4.159722222222222,10,19
1,14714,3040,187,3.75625,208,496
1,268,62,7,3.274193548387097,7,13
1,1450,349,43,3.0687679083094554,131,120
1,614,129,16,3.689922480620155,14,31
1,388,71,3,4.323943661971831,1,11
1,459,91,4,3.901098901098901,0,16
1,1296,283,13,3.5441696113074204,52,50
1,3076,659,46,3.5948406676783,27,166
1,1384,233,7,4.8111587982832615,2,16
1,413,104,17,2.923076923076923,42,45
1,4688,924,63,3.939393939393939,41,132
1,963,219,22,3.3013698630136985,43,74
1,2034,366,13,4.423497267759563,30,60
1,293,61,5,3.737704918032787,0,9
1,321,73,9,3.3698630136986303,1,16
1,410,103,10,2.951456310679612,10,25
1,6631,1158,52,4.711571675302245,69,170
1,561,125,9,3.384,30,37
1,525,100,7,4.13,24,19
1,1094,221,21,3.882352941176471,4,44
1,349,73,7,3.73972602739726,0,12
1,280,56,6,3.946428571428572,0,8
1,1066,217,15,3.797235023041474,10,54
1,7090,1484,103,3.744609164420485,182,295
1,539,101,5,4.257425742574258,1,15
1,1539,270,12,4.607407407407408,12,29
1,1486,328,11,3.4786585365853657,3,137
1,448,97,6,3.5670103092783507,14,22
1,2198,388,17,4.644329896907217,8,36
1,64,11,0,4.818181818181818,0,1
1,2008,488,50,3.0348360655737703,194,177
1,416,85,11,3.8117647058823527,1,16
1,274,53,5,4.113207547169812,0,7
1,539,101,5,4.257425742574258,1,15
1,1284,273,22,3.6666666666666665,0,45
1,113,22,3,4.090909090909091,0,4
1,515,93,9,4.365591397849462,8,14
1,1235,241,9,4.049792531120332,4,32
1,1492,328,10,3.4969512195121952,3,140
1,2498,458,20,4.366812227074236,16,54
1,9347,1694,72,4.406729634002361,38,281
1,253,49,5,4.122448979591836,0,9
1,539,101,5,4.257425742574258,1,15
1,751,208,11,2.576923076923077,0,122
1,7070,1282,82,4.429797191887675,43,170
1,1238,312,124,2.871794871794872,23,162
1,437,94,10,3.5638297872340425,4,17
1,76,17,3,3.4705882352941178,4,9
1,1069,206,13,4.067961165048544,16,28
1,185,35,6,4.257142857142857,0,9
1,166,35,5,3.657142857142857,0,8
1,219,45,4,3.8222222222222224,2,8
1,469,94,6,3.914893617021277,0,23
1,293,59,6,3.915254237288136,0,9
1,294,53,4,4.490566037735849,0,8
1,694,144,6,3.6805555555555554,22,15
1,946,175,14,4.354285714285714,6,27
1,326,67,8,3.805970149253731,2,12
1,1313,266,14,3.842105263157895,12,28
1,2542,488,31,4.061475409836065,94,101
1,774,207,11,2.6908212560386477,0,122
1,215,47,4,3.5106382978723403,7,8
1,308,63,6,3.8412698412698414,0,10
1,1592,320,26,3.83125,33,72
1,927,233,12,2.939914163090129,0,125
1,392,79,6,3.886075949367088,23,10
1,605,139,13,3.2805755395683454,28,58
1,638,144,8,3.3541666666666665,12,48
1,672,123,7,4.3983739837398375,0,15
1,412,88,4,3.625,26,15
1,1204,245,15,3.8081632653061215,2,43
1,4857,863,43,4.6048667439165705,25,143
1,1257,251,14,3.912350597609562,39,46
1,1486,328,11,3.4786585365853657,3,137
1,253,55,6,3.5636363636363635,4,12
1,1128,218,10,4.068807339449541,17,25
1,804,160,13,3.8125,17,26
1,974,203,17,3.660098522167488,95,48
1,650,157,16,3.0764331210191083,5,29
1,749,199,9,2.71356783919598,0,116
1,561,120,9,3.575,6,19
1,648,156,6,3.0961538461538463,12,47
1,337,74,7,3.4864864864864864,5,17
1,285,57,5,3.929824561403509,0,9
1,347,75,7,3.546666666666667,1,16
1,2669,519,28,4.105973025048169,32,87
1,931,235,12,2.923404255319149,0,127
1,539,101,5,4.257425742574258,1,15
1,750,201,11,2.681592039800995,0,118
1,77,18,3,3.2777777777777777,4,9
1,2552,458,18,4.541484716157205,32,76
1,4516,842,49,4.285035629453682,41,144
1,1051,231,18,3.4588744588744587,58,47
1,661,138,11,3.7028985507246377,40,40
1,464,79,3,4.6835443037974684,6,10
1,117,20,3,4.8,0,4
1,660,138,11,3.695652173913044,40,40
1,1849,371,28,3.876010781671159,30,66
1,665,138,11,3.731884057971015,40,40
1,351,73,9,3.7534246575342474,0,15
1,3066,624,35,3.834935897435898,4,99
1,96,22,5,3.363636363636364,7,10
1,1094,251,28,3.258964143426295,32,56
1,1954,496,58,2.870967741935484,230,189
1,170,31,4,4.419354838709677,0,5
1,907,179,0,3.9720670391061454,0,11
1,1610,348,17,3.5517241379310347,63,90
1,1156,238,15,3.76890756302521,12,34
1,741,205,10,2.580487804878049,0,117
1,553,100,12,4.37,8,19
1,1858,353,30,4.113314447592068,37,66
1,218,42,2,4.142857142857143,4,7
1,1849,400,25,3.5475,85,70
1,556,121,9,3.487603305785124,24,33
1,1279,226,13,4.553097345132743,2,24
1,250,51,7,3.843137254901961,4,11
1,539,101,5,4.257425742574258,1,15
1,278,56,6,3.9107142857142856,0,13
1,775,164,13,3.725609756097561,25,38
1,3130,574,24,4.367595818815331,16,58
1,964,175,14,4.457142857142857,6,27
1,302,66,5,3.484848484848485,25,16
1,693,147,15,3.6258503401360542,31,37
1,600,136,13,3.3529411764705883,3,43
1,977,203,17,3.674876847290641,95,48
1,5512,1104,48,3.910326086956522,141,211
1,491,82,4,4.804878048780488,3,11
1,347,75,7,3.546666666666667,1,16
1,324,59,5,4.423728813559322,0,8
1,611,116,13,4.146551724137931,7,23
1,2575,491,33,4.122199592668024,34,80
1,2043,396,20,4.027777777777778,16,76
1,1995,475,63,3.111578947368421,186,179
1,558,104,13,4.211538461538462,8,20
1,1486,328,11,3.4786585365853657,3,137
1,888,154,8,4.64935064935065,0,22
1,347,75,7,3.546666666666667,1,16
1,1268,277,13,3.545126353790614,43,49
1,749,207,10,2.5845410628019323,0,121
1,661,138,11,3.7028985507246377,40,40
1,378,66,6,4.681818181818182,1,11
1,403,78,9,4.076923076923077,5,15
1,862,178,23,3.7191011235955056,22,53
1,957,179,6,4.268156424581005,1,19
1,756,202,9,2.693069306930693,0,118
1,547,109,10,3.944954128440367,7,22
1,2880,538,23,4.353159851301116,130,124
1,578,137,11,3.2116788321167884,10,49
1,2312,531,30,3.312617702448211,45,169
1,763,209,9,2.602870813397129,1,126
1,551,124,9,3.338709677419355,24,36
1,375,79,9,3.670886075949367,0,18
1,1055,278,45,2.712230215827338,97,125
1,533,93,9,4.559139784946237,8,13
1,2022,409,32,3.8557457212713935,22,81
1,196,42,5,3.5476190476190474,1,10
1,649,128,7,4.0078125,3,13
1,468,79,3,4.734177215189874,6,11
1,1227,250,18,3.848,16,44
1,262,55,7,3.709090909090909,11,12
1,460,90,6,4.044444444444444,1,29
1,202,43,5,3.651162790697674,0,6
1,490,83,3,4.72289156626506,6,10
1,1237,255,25,3.6901960784313728,37,72
1,234,39,4,4.897435897435898,0,15
1,718,175,24,2.84,109,56
1,600,116,8,4.068965517241379,0,18
1,1575,316,10,3.958860759493671,2,31
1,238,46,7,4.108695652173913,0,12
1,1479,328,10,3.457317073170732,3,140
1,165,35,5,3.628571428571429,0,8
1,749,154,12,3.792207792207792,6,31
1,792,173,4,3.4739884393063583,7,28
1,480,98,7,3.744897959183673,1,23
1,671,142,10,3.584507042253521,22,35
1,1418,337,35,3.1186943620178043,124,115
1,975,203,17,3.665024630541872,95,48
1,1777,334,28,4.239520958083832,0,40
1,1440,282,30,3.9609929078014185,65,62
1,164,35,5,3.6,0,8
1,579,91,0,5.329670329670329,0,1
1,328,59,5,4.491525423728813,3,11
1,539,101,5,4.257425742574258,1,15
1,304,64,6,3.6875,0,12
1,456,83,6,4.397590361445783,23,14
1,663,138,11,3.717391304347826,40,40
1,539,101,5,4.257425742574258,1,15
1,1811,457,64,2.8840262582056893,213,166
1,215,39,3,4.487179487179487,0,7
1,950,175,14,4.377142857142857,6,27
1,235,42,3,4.571428571428571,0,5
1,1144,232,20,3.818965517241379,26,57
1,573,110,6,4.109090909090909,2,16
1,221,50,10,3.34,6,13
1,244,48,3,4.0625,0,8
1,188,36,4,4.166666666666667,0,5
1,347,75,7,3.546666666666667,1,16
1,205,45,5,3.511111111111111,2,8
1,400,82,9,3.804878048780488,0,16
1,268,53,10,4.0,1,13
1,817,164,17,3.9146341463414633,3,36
1,3404,612,33,4.462418300653595,34,75
1,185,28,3,5.535714285714286,0,7
1,788,167,14,3.562874251497006,19,44
1,2719,517,36,4.075435203094777,55,91
1,347,75,7,3.546666666666667,1,16
1,566,120,5,3.625,25,24
1,750,201,11,2.681592039800995,0,118
1,750,156,10,3.698717948717949,24,19
1,750,185,17,2.983783783783784,13,80
1,978,203,17,3.679802955665025,95,48
1,1985,324,11,4.953703703703703,12,51
1,842,200,17,3.11,43,75
1,593,114,7,4.184210526315789,14,19
1,1195,243,20,3.855967078189301,0,30
1,156,31,3,4.0,3,7
1,81,14,3,4.642857142857143,2,4
1,1399,259,11,4.305019305019305,6,17
1,3723,1011,122,2.6142433234421363,327,480
1,1364,305,25,3.4295081967213115,22,54
1,6216,1217,57,4.031224322103533,48,193
1,425,86,8,3.825581395348837,10,19
1,166,35,5,3.657142857142857,0,8
1,1569,325,22,3.683076923076923,69,64
1,462,78,2,4.730769230769231,6,10
1,4389,816,48,4.261029411764706,50,146
1,963,203,26,3.625615763546798,20,49
1,718,127,14,4.511811023622047,67,27
1,539,101,5,4.257425742574258,1,15
1,767,134,7,4.485074626865671,0,27
1,3760,675,35,4.49037037037037,43,115
1,285,46,5,5.065217391304348,0,6
1,1473,218,8,5.458715596330276,23,32
1,83,17,3,3.882352941176471,4,9
1,2584,464,31,4.4375,52,68
1,4408,822,39,4.2798053527980535,25,145
1,166,35,5,3.657142857142857,0,8
1,178,35,4,4.0285714285714285,0,7
1,1491,358,45,3.0810055865921786,130,126
1,140,25,0,4.48,3,4
1,357,85,11,3.1058823529411765,21,33
1,766,209,10,2.631578947368421,0,121
1,347,75,7,3.546666666666667,1,16
1,371,69,9,4.2898550724637685,0,18
1,168,35,5,3.7142857142857135,0,8
1,285,61,6,3.60655737704918,5,12
1,1104,224,25,3.892857142857143,14,49
1,294,50,4,4.82,0,6
1,93,23,2,3.0434782608695654,9,6
1,2448,524,30,3.658396946564885,11,67
1,238,41,5,4.7560975609756095,0,8
1,995,213,14,3.6056338028169015,14,61
1,200,39,4,4.0,10,9
1,5118,939,48,4.425985090521832,33,141
1,1686,353,36,3.7223796033994336,23,67
1,235,40,4,4.8,0,7
1,446,95,9,3.610526315789474,4,13
1,306,54,4,4.611111111111111,2,6
1,1316,265,18,3.860377358490566,14,46
1,681,124,6,4.411290322580645,0,18
1,446,95,9,3.610526315789474,4,13
1,909,231,10,2.8701298701298703,0,122
1,1489,221,134,5.642533936651584,25,156
1,540,90,9,4.822222222222222,8,13
1,641,135,5,3.303703703703704,0,17
1,1185,264,30,3.393939393939394,16,105
1,2634,504,19,4.136904761904762,10,61
1,1127,227,17,3.850220264317181,4,39
1,421,70,3,4.8,0,7
1,885,224,10,2.883928571428572,0,119
1,759,207,9,2.6183574879227054,1,124
1,2629,465,30,4.539784946236559,2,81
1,578,116,5,3.818965517241379,4,12
1,224,37,3,5.027027027027027,0,6
1,215,49,9,3.2857142857142856,3,12
1,753,201,9,2.6965174129353238,0,118
1,748,156,11,3.7371794871794872,15,29
1,863,156,13,4.307692307692308,13,20
1,1063,211,22,3.971563981042654,12,39
1,1134,220,17,4.009090909090909,15,28
1,344,61,5,4.590163934426229,1,10
1,591,128,10,3.5,5,33
1,897,228,10,2.8684210526315788,0,121
1,408,67,3,4.865671641791045,0,7
1,469,79,2,4.746835443037975,6,10
1,932,175,14,4.274285714285714,6,27
1,706,180,14,2.922222222222222,14,82
1,337,76,9,3.3552631578947367,4,21
1,245,48,5,4.020833333333333,0,11
1,477,93,8,4.053763440860215,0,18
1,695,123,8,4.536585365853658,0,19
1,458,81,2,4.469135802469136,6,10
1,18776,4113,289,3.4945295404814005,434,786
1,1990,409,21,3.845965770171149,7,40
1,975,203,17,3.665024630541872,95,48
1,441,70,3,5.085714285714285,0,7
1,208,41,2,3.975609756097561,0,8
1,589,114,7,4.149122807017544,14,19
1,121,24,2,4.0,0,5
1,527,96,12,4.322916666666667,8,19
1,802,158,13,3.9873417721518982,23,35
1,1781,315,17,4.561904761904762,17,34
1,255,52,5,3.8461538461538463,0,7
1,360,60,1,4.9,1,2
1,976,203,17,3.669950738916256,95,48
1,4571,927,41,3.8478964401294498,127,187
1,1957,373,16,4.222520107238606,7,41
1,955,189,10,4.031746031746032,0,34
1,2447,524,30,3.658396946564885,11,67
1,1132,231,25,3.865800865800866,23,50
1,488,86,4,4.5,3,11
1,480,111,5,3.2522522522522523,22,49
1,1362,245,12,4.477551020408163,8,22
1,757,147,14,4.061224489795919,16,31
1,353,73,9,3.7534246575342474,0,28
1,1082,231,21,3.5974025974025974,56,54
1,935,179,16,4.122905027932961,0,47
1,958,192,11,3.9583333333333335,10,24
1,307,51,1,4.901960784313726,0,2
1,2186,423,66,3.9881796690307327,169,124
1,9838,2050,110,3.709756097560976,92,334
1,749,153,12,3.823529411764706,6,31
1,600,125,13,3.72,23,29
1,2937,552,24,4.320652173913044,140,128
1,3606,632,28,4.699367088607595,29,85
1,472,80,2,4.7125,6,10
1,1149,229,20,3.908296943231441,12,45
1,708,125,8,4.552,0,20
1,764,206,9,2.6601941747572817,0,122
1,975,203,17,3.665024630541872,95,48
1,1488,370,21,2.945945945945946,15,129
1,1124,287,28,2.846689895470383,0,148
1,701,127,9,4.464566929133858,0,20
1,267,59,8,3.4745762711864407,13,16
1,349,73,7,3.73972602739726,0,12
1,414,75,8,4.466666666666667,10,13
1,2860,549,25,4.1329690346083785,44,60
1,754,154,4,3.7857142857142856,3,18
1,347,75,7,3.546666666666667,1,16
1,1034,213,16,3.582159624413145,72,56
1,914,211,15,3.2748815165876777,31,55
1,473,84,2,4.4523809523809526,6,11
1,5949,1143,73,4.132108486439195,52,257
1,560,128,12,3.3671875,12,49
1,3590,589,40,4.886247877758914,62,86
1,760,160,13,3.69375,36,44
1,706,124,5,4.5,3,25
1,270,48,5,4.5625,0,9
1,212,47,4,3.4680851063829787,6,8
1,1600,382,42,3.102094240837696,126,134
1,766,209,10,2.631578947368421,0,121
1,1707,335,20,3.994029850746269,40,73
1,974,203,17,3.660098522167488,95,48
1,539,101,5,4.257425742574258,1,15
1,315,69,8,3.5072463768115942,0,14
1,1447,347,39,3.0835734870317,135,120
1,757,144,9,4.194444444444445,16,19
1,468,81,2,4.592592592592593,6,10
1,483,97,13,3.9072164948453607,10,23
1,771,161,20,3.7080745341614905,2,45
1,473,83,4,4.518072289156627,3,11
1,224,55,8,3.0545454545454547,6,19
1,4617,857,49,4.310385064177363,43,144
1,1622,399,43,2.982456140350877,171,140
1,3043,585,45,4.099145299145299,121,123
1,1016,205,16,3.873170731707317,21,38
1,3231,661,45,3.822995461422088,44,141
1,28432,6129,437,3.558492413117964,546,1127
1,477,76,2,5.078947368421052,6,10
1,288,55,6,4.163636363636364,0,10
1,1542,302,20,3.95364238410596,43,64
1,931,235,12,2.923404255319149,0,127
1,698,165,23,3.1515151515151514,36,78
1,573,135,11,3.237037037037037,16,51
1,1488,361,43,3.03601108033241,144,139
1,2010,376,18,4.332446808510638,36,57
1,412,78,9,4.1923076923076925,5,15
1,914,230,10,2.908695652173913,0,121
1,166,35,5,3.657142857142857,0,8
1,446,95,9,3.610526315789474,4,13
1,2104,353,13,4.852691218130311,21,41
1,1121,233,9,3.742489270386266,4,33
1,976,203,17,3.669950738916256,95,48
1,224,49,9,3.5306122448979598,0,12
1,1662,381,40,3.272965879265092,124,134
1,4424,830,39,4.248192771084337,29,151
1,1054,210,16,3.9380952380952383,30,35
1,615,117,13,4.136752136752137,9,24
1,590,90,0,5.522222222222222,0,1
1,2905,622,41,3.594855305466238,29,123
1,6476,1216,50,4.177631578947368,56,124
1,909,233,10,2.836909871244635,0,124
1,290,64,3,3.484375,20,12
1,3789,684,36,4.4605263157894735,38,120
1,2977,595,26,3.996638655462185,71,88
1,1568,335,33,3.582089552238806,31,84
1,1798,428,52,3.121495327102804,128,149
1,589,107,6,4.457943925233645,0,12
1,617,139,18,3.338129496402878,37,46
1,18,4,2,3.25,0,3
1,349,73,7,3.73972602739726,0,12
1,750,146,11,4.041095890410959,5,18
1,498,97,4,4.061855670103093,11,17
1,450,80,2,4.4375,6,10
1,1916,478,57,2.928870292887029,191,177
1,308,62,6,3.903225806451613,0,10
1,475,82,4,4.609756097560975,3,11
1,2270,484,40,3.580578512396694,27,133
1,293,54,5,4.37037037037037,0,7
1,1463,329,24,3.310030395136778,49,97
1,280,58,6,3.793103448275862,7,17
1,201,43,3,3.627906976744186,2,8
1,524,93,9,4.462365591397849,8,13
1,924,234,10,2.8846153846153846,0,119
1,261,57,6,3.508771929824561,8,14
1,529,97,4,4.43298969072165,4,13
1,1854,464,56,2.915948275862069,181,174
1,682,148,18,3.5405405405405403,24,31
1,1738,411,45,3.170316301703163,47,160
1,1212,274,15,3.346715328467153,21,96
1,138,25,3,4.28,4,4
1,934,240,10,2.8291666666666666,0,125
1,898,175,10,3.988571428571429,16,21
1,949,182,26,4.032967032967033,38,76
1,469,86,4,4.27906976744186,3,11
1,350,83,3,3.1927710843373496,37,15
1,471,102,7,3.5294117647058822,2,21
1,668,114,5,4.701754385964913,0,10
1,882,179,21,3.849162011173184,5,28
1,596,123,7,3.7804878048780486,4,15
1,216,47,4,3.5531914893617023,8,11
1,2270,449,34,3.9844097995545655,7,66
1,446,95,9,3.610526315789474,4,13
1,789,162,14,3.753086419753086,11,39
1,2550,486,27,4.2139917695473255,15,73
1,476,82,2,4.621951219512195,6,10
1,1468,284,19,4.066901408450704,3,41
1,143,30,4,3.7,0,6
1,755,131,7,4.687022900763359,6,17
1,284,51,3,4.509803921568627,0,8
1,240,40,5,4.875,0,8
1,905,231,10,2.8528138528138527,0,122
1,344,61,5,4.590163934426229,1,10
1,751,203,9,2.6502463054187197,1,120
1,1752,336,20,4.005952380952381,6,31
1,619,142,17,3.309859154929577,10,34
1,708,120,5,4.858333333333333,4,29
1,442,88,7,3.897727272727273,0,23
1,1643,414,50,2.8864734299516908,183,150
1,446,95,9,3.610526315789474,4,13
1,1040,213,20,3.816901408450704,19,56
1,918,171,8,4.216374269005848,0,36
1,393,64,4,5.015625,0,10
1,961,181,16,4.209944751381215,0,48
1,464,80,2,4.6125,6,10
1,539,101,5,4.257425742574258,1,15
1,813,175,19,3.5542857142857143,9,41
1,2627,520,27,3.978846153846154,62,64
1,644,123,14,4.113821138211383,7,24
1,2042,490,50,3.0877551020408163,223,176
1,308,64,7,3.71875,8,20
1,974,203,17,3.660098522167488,95,48
1,46,6,0,6.666666666666667,8,1
1,1749,398,40,3.306532663316583,120,138
1,1310,249,17,4.136546184738956,8,45
1,202,40,7,3.975,0,8
1,347,75,7,3.546666666666667,1,16
1,113,24,3,3.625,0,5
1,1486,328,11,3.4786585365853657,3,137
1,979,203,17,3.684729064039409,95,48
1,446,95,9,3.610526315789474,4,13
1,1449,256,13,4.61328125,14,25
1,151,29,1,4.172413793103448,12,6
1,496,122,17,3.0081967213114758,34,57
1,13591,2351,108,4.676307954062101,133,273
1,547,123,9,3.341463414634146,24,36
1,259,48,5,4.333333333333333,0,9
1,930,236,10,2.8771186440677967,0,121
1,1189,241,27,3.892116182572614,8,39
1,912,176,8,4.102272727272728,9,18
1,347,75,7,3.546666666666667,1,16
1,481,82,2,4.682926829268292,6,10
1,825,168,7,3.809523809523809,20,26
1,348,72,7,3.7777777777777777,1,13
1,347,75,7,3.546666666666667,1,16
1,321,68,7,3.6176470588235294,0,25
1,589,114,7,4.149122807017544,14,19
1,896,230,10,2.8304347826086955,0,123
1,353,69,7,4.057971014492754,0,10
1,1909,363,18,4.214876033057851,9,49
1,975,203,17,3.665024630541872,95,48
1,470,96,9,3.78125,12,22
1,6185,1211,57,4.030553261767135,53,194
1,166,35,5,3.657142857142857,0,8
1,355,88,10,2.977272727272727,38,38
1,687,134,9,4.044776119402985,7,14
1,3601,630,28,4.70952380952381,29,81
1,6372,1189,65,4.257359125315391,59,155
1,233,50,7,3.62,9,17
1,265,50,5,4.24,0,8
1,1976,408,33,3.843137254901961,166,110
1,1030,194,19,4.206185567010309,10,46
1,466,80,2,4.6375,6,10
1,927,233,12,2.939914163090129,0,125
1,5671,1043,57,4.356663470757431,54,177
1,786,142,6,4.450704225352113,0,12
1,497,84,3,4.738095238095238,6,11
1,662,138,11,3.710144927536232,40,40
1,761,205,9,2.6634146341463416,0,122
1,581,135,11,3.2962962962962963,15,51
1,754,203,11,2.665024630541872,0,120
1,518,91,9,4.516483516483516,8,13
1,1083,195,13,4.471794871794872,7,32
1,13336,2268,113,4.863756613756614,148,326
1,617,119,4,4.184873949579832,19,15
1,2649,484,31,4.336776859504132,33,75
1,165,35,5,3.628571428571429,0,8
1,528,127,11,3.078740157480315,12,41
1,439,92,9,3.7065217391304346,0,21
1,446,95,9,3.610526315789474,4,13
1,1143,262,26,3.3053435114503817,30,61
1,210,39,3,4.358974358974359,0,5
1,661,153,12,3.294117647058824,26,37
1,526,92,9,4.543478260869565,8,13
1,937,167,15,4.497005988023952,30,53
1,948,175,14,4.365714285714286,6,27
1,383,93,7,3.010752688172043,7,20
1,612,133,9,3.481203007518797,22,37
1,747,206,11,2.592233009708738,0,120
1,539,101,5,4.257425742574258,1,15
1,497,113,9,3.345132743362832,10,27
1,6883,1246,78,4.438202247191011,36,164
1,3791,683,29,4.465592972181552,22,103
1,3353,655,29,4.035114503816794,12,111
1,424,70,3,4.842857142857143,0,7
1,80,18,3,3.4444444444444446,4,9
1,1265,251,4,3.944223107569721,5,24
1,3468,658,24,4.253799392097265,28,73
1,539,101,5,4.257425742574258,1,15
1,352,74,7,3.702702702702703,0,14
1,939,240,10,2.85,0,125
1,1357,288,30,3.670138888888889,41,62
1,465,85,3,4.4,2,9
1,1073,217,25,3.8525345622119818,7,47
1,565,108,7,4.037037037037037,0,30
1,829,167,14,3.868263473053892,16,30
1,576,125,7,3.552,6,23
1,973,203,17,3.655172413793104,95,48
1,8401,1519,87,4.484529295589203,170,220
1,1210,237,12,3.978902953586498,6,30
1,1823,345,20,4.2,77,58
1,3636,665,28,4.386466165413534,34,71
1,595,121,10,3.793388429752066,15,25
1,743,204,11,2.607843137254902,0,118
1,734,189,14,2.883597883597884,13,87
1,371,79,12,3.620253164556962,0,20
1,6203,1209,57,4.053763440860215,50,190
1,2443,544,31,3.380514705882353,24,107
1,1812,321,13,4.389408099688474,36,46
1,346,83,10,3.0843373493975905,2,19
1,612,118,8,4.0,22,21
1,713,125,8,4.592,0,19
1,4413,819,39,4.305250305250305,26,140
1,121,25,3,3.84,1,8
1,901,229,10,2.868995633187773,0,120
1,335,67,5,3.9402985074626864,5,10
1,651,118,7,4.4491525423728815,0,14
1,191,28,3,5.75,0,7
1,84,20,1,3.2,6,5
1,811,160,10,3.8875,19,26
1,539,101,5,4.257425742574258,1,15
1,626,122,11,4.032786885245901,2,18
1,497,131,25,2.7251908396946565,45,65
1,1386,329,34,3.121580547112462,123,112
1,2631,496,27,4.296370967741935,26,61
1,937,168,17,4.404761904761905,15,29
1,466,82,2,4.5,6,10
1,573,111,9,4.09009009009009,3,24
1,421,106,13,2.89622641509434,34,50
1,927,199,18,3.57286432160804,0,45
1,206,44,4,3.636363636363636,8,10
1,1229,236,14,4.1991525423728815,27,41
1,930,169,11,4.177514792899408,15,17
1,931,235,12,2.923404255319149,0,127
1,343,67,10,4.059701492537314,0,14
1,596,146,14,3.0616438356164384,31,43
1,474,84,2,4.464285714285714,6,10
1,240,50,7,3.7,0,18
1,948,175,14,4.365714285714286,6,27
1,1397,336,37,3.068452380952381,133,114
1,931,235,12,2.923404255319149,0,127
1,1004,171,12,4.742690058479532,5,45
1,760,204,9,2.676470588235294,0,120
1,557,117,9,3.675213675213675,38,37
1,2761,507,23,4.333333333333333,35,77
1,251,48,10,4.125,0,20
1,659,138,11,3.688405797101449,40,40
1,1248,240,15,4.1,23,48
1,908,231,10,2.865800865800866,0,122
1,260,49,6,4.183673469387755,1,9
1,976,203,17,3.669950738916256,95,48
1,9323,1680,72,4.4375,43,272
1,593,114,7,4.184210526315789,14,19
1,241,51,5,3.686274509803922,0,14
1,849,169,11,3.8579881656804735,33,38
1,347,75,7,3.546666666666667,1,16
1,976,203,17,3.669950738916256,95,48
1,3514,714,51,3.84873949579832,48,152
1,463,100,9,3.53,0,26
1,321,67,6,3.746268656716418,0,14
1,955,182,14,4.153846153846154,10,33
1,730,146,13,3.910958904109589,17,27
1,446,95,9,3.610526315789474,4,13
1,2243,459,25,3.8082788671023966,5,66
1,363,86,13,3.127906976744186,20,34
1,107,27,5,2.962962962962963,2,10
1,349,73,7,3.73972602739726,0,12
1,451,85,3,4.176470588235294,11,8
1,185,37,4,3.972972972972973,3,12
1,868,171,15,3.923976608187135,2,30
1,416,84,11,3.880952380952381,13,19
1,330,58,2,4.568965517241379,0,8
1,488,85,3,4.564705882352941,6,12
1,368,72,6,4.0,25,16
1,264,42,4,5.142857142857143,0,5
1,950,175,14,4.377142857142857,6,27
1,3492,734,42,3.681198910081744,42,131
1,689,178,13,2.8707865168539324,14,81
1,240,50,7,3.7,0,18
1,1232,220,8,4.536363636363636,3,30
1,1013,202,9,3.935643564356436,8,18
1,755,210,11,2.5619047619047617,0,124
1,658,138,11,3.681159420289855,40,40
1,496,90,9,4.333333333333333,8,13
1,1134,221,4,4.031674208144796,7,27
1,450,87,6,4.103448275862069,5,28
1,188,34,3,4.470588235294118,0,5
1,875,195,18,3.333333333333333,13,55
1,660,138,11,3.695652173913044,40,40
1,977,203,17,3.674876847290641,95,48
1,974,203,17,3.660098522167488,95,48
1,1928,388,33,3.88659793814433,43,62
1,749,199,9,2.71356783919598,0,116
1,214,45,2,3.688888888888889,13,7
1,924,234,10,2.8846153846153846,0,119
1,859,195,13,3.2974358974358973,4,63
1,741,205,10,2.580487804878049,0,117
1,939,239,12,2.8912133891213387,0,131
1,572,139,5,3.035971223021583,13,74
1,527,105,9,3.923809523809524,19,22
1,836,164,9,3.9939024390243913,25,20
1,206,44,4,3.636363636363636,8,10
1,1348,265,30,4.026415094339622,14,63
1,1466,271,20,4.339483394833948,23,45
1,372,87,5,3.206896551724138,4,31
1,361,73,5,3.835616438356164,16,17
1,896,175,11,4.005714285714285,10,18
1,333,80,6,3.1,21,39
1,890,182,21,3.791208791208791,14,43
1,579,116,7,3.922413793103448,4,15
1,2284,461,14,3.7960954446854656,135,100
1,344,61,5,4.590163934426229,1,10
1,353,87,6,3.0,2,28
1,227,41,3,4.487804878048781,0,7
1,789,162,8,3.8333333333333335,0,30
1,4535,863,47,4.162224797219004,39,125
1,10679,2018,90,4.262140733399406,105,276
1,402,89,7,3.438202247191011,2,17
1,650,132,11,3.8333333333333335,12,25
1,591,115,9,4.121739130434783,0,23
1,777,161,20,3.7639751552795033,10,34
1,2677,509,23,4.098231827111984,44,70
1,1154,207,10,4.531400966183575,0,28
1,2366,596,64,2.8976510067114094,187,224
1,203,46,2,3.369565217391304,7,10
1,482,78,2,4.987179487179487,6,10
1,15518,3536,275,3.3221153846153846,390,1008
1,244,48,3,4.0625,0,8
1,70,15,3,3.6,0,4
1,984,195,5,3.9384615384615382,7,26
1,229,49,8,3.63265306122449,0,11
1,1219,206,9,4.868932038834951,6,16
1,5314,1010,42,4.182178217821782,23,99
1,499,87,4,4.563218390804598,3,11
1,258,52,10,3.8846153846153846,13,17
1,1849,372,39,3.8225806451612905,64,70
1,469,79,4,4.746835443037975,3,11
1,562,113,11,3.893805309734513,13,23
1,1044,247,22,3.133603238866397,43,97
1,1932,379,27,3.9630606860158313,22,60
1,184,31,2,4.870967741935484,0,4
1,762,207,10,2.6473429951690823,0,119
1,1496,288,23,4.121527777777778,1,56
1,78,17,3,3.588235294117647,4,9
1,2531,677,9,2.539143279172821,65,55
1,347,75,7,3.546666666666667,1,16
1,905,229,10,2.88646288209607,0,120
1,1075,194,16,4.298969072164948,17,30
1,733,153,14,3.7058823529411766,8,29
1,539,101,5,4.257425742574258,1,15
1,914,232,10,2.875,0,123
1,485,83,3,4.662650602409639,6,10
1,82,17,3,3.823529411764706,4,9
1,278,56,9,3.892857142857143,1,12
1,382,72,4,4.25,0,8
1,3141,620,87,4.014516129032258,47,153
1,1034,203,17,4.044334975369458,7,41
1,939,239,12,2.8912133891213387,0,131
1,931,235,12,2.923404255319149,0,127
1,1952,389,28,3.979434447300771,25,83
1,476,90,9,4.2,0,15
1,470,112,12,3.125,36,51
1,17354,3336,172,4.090827338129497,174,513
1,1635,324,12,3.969135802469136,5,41
1,1216,263,34,3.52851711026616,33,58
1,457,77,3,4.740259740259741,3,10
1,309,60,6,4.116666666666666,6,21
1,476,99,5,3.636363636363636,12,23
1,315,58,4,4.379310344827586,0,7
1,167,35,5,3.6857142857142855,0,8
1,539,101,5,4.257425742574258,1,15
1,904,229,10,2.882096069868996,0,120
1,896,192,24,3.6145833333333335,46,50
1,376,66,18,4.424242424242424,11,24
1,777,159,10,3.786163522012578,15,32
1,192,41,3,3.634146341463415,4,10
1,411,86,10,3.627906976744186,36,23
1,3696,793,37,3.600252206809584,17,88
1,2498,517,28,3.7176015473887816,2,61
1,324,66,9,3.8484848484848486,0,12
1,924,188,17,3.856382978723404,9,28
1,413,102,8,3.0,0,31
1,1510,315,30,3.736507936507937,31,66
1,2335,436,28,4.341743119266055,18,44
1,520,92,9,4.478260869565218,8,13
1,693,146,9,3.643835616438356,38,39
1,1467,328,11,3.4207317073170733,3,141
1,612,115,4,4.208695652173913,5,24
1,798,158,4,3.8797468354430378,0,41
1,1682,391,43,3.214833759590793,127,140
1,1959,383,19,4.080939947780679,27,58
1,349,73,7,3.73972602739726,0,12
1,2044,407,26,3.965601965601965,9,68
1,61,16,3,2.8125,0,5
1,906,171,18,4.146198830409356,21,34
1,276,58,6,3.689655172413793,0,10
1,585,131,12,3.427480916030534,22,36
1,1127,210,15,4.185714285714286,5,32
1,474,81,2,4.666666666666667,6,10
1,446,95,9,3.610526315789474,4,13
1,286,57,3,3.8947368421052633,18,9
1,311,59,7,4.203389830508475,0,9
1,758,159,23,3.6163522012578615,7,36
1,268,40,4,5.55,0,6
1,1017,201,18,4.009950248756219,8,43
1,1234,231,16,4.212121212121212,6,45
1,303,66,5,3.5,26,16
1,1025,209,19,3.827751196172249,16,35
1,405,92,6,3.3369565217391304,2,17
1,307,55,6,4.527272727272727,0,8
1,482,82,3,4.695121951219512,6,11
1,166,35,5,3.657142857142857,0,8
1,1357,279,31,3.78494623655914,17,44
1,621,140,12,3.335714285714286,26,42
1,296,62,5,3.7096774193548394,6,10
1,235,47,5,3.9361702127659575,0,6
1,520,91,9,4.538461538461538,8,13
1,480,83,2,4.602409638554217,8,10
1,225,44,3,4.0,0,9
1,749,209,10,2.550239234449761,0,121
1,700,141,19,3.851063829787234,13,29
1,344,61,5,4.590163934426229,1,10
1,184,44,8,3.136363636363636,0,12
1,1498,275,13,4.367272727272727,0,35
1,2211,421,25,4.080760095011876,18,42
1,671,133,8,3.992481203007519,11,19
1,776,146,12,4.226027397260274,10,34
1,749,152,16,3.7960526315789473,4,32
1,9530,1765,89,4.381303116147309,81,336
1,261,58,6,3.4482758620689653,0,13
1,1848,456,62,2.9758771929824563,207,161
1,3085,604,34,4.009933774834437,76,121
1,646,132,9,3.8484848484848486,6,30
1,424,84,8,3.988095238095238,5,29
1,2824,681,63,3.067547723935389,38,238
1,420,94,8,3.393617021276596,7,15
1,3618,1036,16,2.4411196911196917,80,606
1,347,75,7,3.546666666666667,1,16
1,5851,1188,61,3.842592592592593,158,197
1,354,71,10,3.9014084507042255,0,17
1,300,63,5,3.7142857142857135,0,13
1,2013,523,70,2.7724665391969405,229,196
1,481,84,3,4.547619047619048,6,10
1,1160,224,15,4.129464285714286,19,44
1,2032,425,32,3.6588235294117646,19,109
1,863,161,14,4.229813664596273,14,20
1,1971,405,32,3.8666666666666663,166,109
1,334,67,5,3.925373134328358,0,14
1,3058,598,35,3.9933110367892977,84,106
1,220,46,3,3.782608695652174,0,7
1,102,25,3,3.08,11,12
1,754,201,9,2.701492537313433,0,118
1,6710,1276,76,4.181818181818182,68,238
1,181,34,3,4.264705882352941,0,6
1,9094,1877,114,3.754928076718168,224,280
1,1026,210,17,3.8,13,36
1,480,97,13,3.8762886597938144,10,23
1,1000,185,13,4.308108108108108,8,30
1,8158,1514,71,4.294583883751652,69,260
1,539,101,5,4.257425742574258,1,15
1,1459,324,11,3.450617283950617,3,137
1,5997,1144,61,4.168706293706293,58,260
1,169,33,2,4.0606060606060606,2,7
1,347,75,7,3.546666666666667,1,16
1,78,16,2,3.875,0,4
1,1848,409,36,3.4278728606356967,35,80
1,249,50,5,3.92,1,10
1,1521,373,40,2.991957104557641,157,140
1,216,44,8,3.863636363636364,2,11
1,468,116,10,2.9827586206896552,31,52
1,624,127,7,3.8503937007874014,3,12
1,1003,197,10,3.984771573604061,53,41
1,484,82,3,4.719512195121951,6,11
1,3110,633,27,3.838862559241706,60,80
1,372,88,9,3.136363636363636,20,32
1,976,184,11,4.135869565217392,16,22
1,165,35,5,3.628571428571429,0,8
1,246,44,4,4.545454545454546,2,9
1,3282,593,37,4.450252951096122,8,92
1,446,95,9,3.610526315789474,4,13
1,1892,396,26,3.696969696969697,45,74
1,446,95,9,3.610526315789474,4,13
1,1332,261,19,4.011494252873563,10,49
1,1058,215,20,3.8465116279069766,2,34
1,347,75,7,3.546666666666667,1,16
1,279,49,4,4.653061224489796,0,7
1,760,208,10,2.6201923076923075,0,121
1,345,78,7,3.358974358974359,5,17
1,1495,303,16,3.8514851485148514,9,75
1,1262,247,20,4.080971659919029,19,39
1,662,138,11,3.710144927536232,40,40
1,515,107,17,3.7570093457943927,3,30
1,328,74,3,3.391891891891892,6,12
1,569,126,10,3.412698412698413,24,37
1,530,100,12,4.14,8,19
1,1388,275,20,3.843636363636364,60,80
1,363,84,9,3.261904761904762,3,24
1,356,88,10,2.988636363636364,39,38
1,4428,895,56,3.78659217877095,35,131
1,344,61,5,4.590163934426229,1,10
1,2310,431,27,4.299303944315545,81,76
1,2676,503,33,4.276341948310139,89,86
1,407,81,8,3.950617283950617,0,17
1,446,95,9,3.610526315789474,4,13
1,1522,369,55,3.043360433604336,37,156
1,661,138,11,3.7028985507246377,40,40
1,663,131,11,3.969465648854962,4,26
1,262,54,5,3.796296296296296,1,11
1,701,172,50,2.982558139534884,4,70
1,751,154,12,3.805194805194805,6,31
1,906,189,10,3.71957671957672,6,29
1,378,84,8,3.4285714285714284,0,18
1,477,82,2,4.634146341463414,6,10
1,202,32,5,5.25,0,9
1,302,60,6,4.0,6,21
1,1835,415,38,3.344578313253012,41,136
1,908,233,10,2.832618025751073,0,124
1,11416,2714,203,3.1252763448784084,141,1118
1,536,101,12,4.148514851485149,8,19
1,347,75,7,3.546666666666667,1,16
1,1384,251,12,4.3585657370517925,8,22
1,187,40,4,3.625,7,8
1,935,191,25,3.842931937172775,45,47
1,976,203,17,3.669950738916256,95,48
1,461,81,3,4.506172839506172,6,10
1,720,142,7,3.971830985915493,11,36
1,974,203,17,3.660098522167488,95,48
1,875,183,31,3.633879781420765,11,48
1,649,132,12,3.803030303030303,22,21
1,1898,395,50,3.777215189873418,5,114
1,188,40,3,3.65,3,6
1,753,201,9,2.6965174129353238,0,118
1,2230,461,30,3.7852494577006506,17,82
1,312,62,5,3.983870967741936,2,8
1,4264,826,62,4.134382566585956,165,178
1,1080,224,28,3.758928571428572,24,47
1,462,79,2,4.658227848101266,6,10
1,2076,420,26,3.8595238095238096,18,53
1,543,111,17,3.8018018018018016,2,21
1,468,77,2,4.883116883116883,6,10
1,403,80,10,3.8875,10,20
1,192,42,4,3.523809523809524,0,8
1,1087,283,10,2.795053003533569,9,71
1,704,184,14,2.8260869565217392,20,85
1,351,66,5,4.2727272727272725,0,10
1,971,196,15,3.954081632653061,21,35
1,495,92,10,4.206521739130435,8,14
1,165,35,5,3.628571428571429,0,8
1,3464,602,29,4.631229235880399,42,56
1,1407,290,25,3.731034482758621,28,49
1,1992,410,31,3.8585365853658535,159,109
1,939,239,12,2.8912133891213387,0,131
1,966,182,15,4.236263736263736,5,38
1,741,205,10,2.580487804878049,0,117
1,196,41,8,3.731707317073171,0,12
1,5029,1330,40,2.731578947368421,141,693
1,393,80,6,3.85,2,29
1,574,112,7,3.955357142857143,3,28
1,763,216,14,2.486111111111111,3,67
1,545,146,63,2.6232876712328768,19,75
1,3233,639,2,3.890453834115806,50,165
1,6723,1196,66,4.520066889632108,37,233
1,220,45,7,3.755555555555556,0,12
1,1300,270,28,3.759259259259259,25,60
1,15756,3838,224,3.035174570088588,448,1633
1,1126,243,21,3.559670781893004,10,72
1,307,68,6,3.4411764705882355,0,24
1,1304,263,15,3.88212927756654,9,35
1,758,203,9,2.684729064039409,0,120
1,525,109,16,3.697247706422018,4,33
1,538,90,9,4.8,8,13
1,2415,490,24,3.863265306122449,27,60
1,1488,282,11,4.163120567375887,16,28
1,1215,211,11,4.592417061611374,10,36
1,547,123,11,3.34959349593496,8,34
1,580,130,12,3.3615384615384616,24,37
1,1480,322,10,3.5434782608695654,3,134
1,395,77,6,4.077922077922078,0,13
1,1305,227,11,4.6784140969163,12,28
1,603,118,11,3.9661016949152543,4,29
1,186,38,4,3.842105263157895,0,10
1,327,64,2,3.96875,13,9
1,2414,537,31,3.383612662942272,24,104
1,935,237,12,2.9071729957805905,0,129
1,475,78,3,4.897435897435898,3,10
1,1486,328,11,3.4786585365853657,3,137
1,1549,291,19,4.192439862542956,18,42
1,1467,327,10,3.434250764525994,3,140
1,1043,200,22,4.085,7,45
1,11361,2329,142,3.780592528982396,46,556
1,915,230,10,2.9130434782608696,0,121
1,766,209,10,2.631578947368421,0,121
1,661,138,11,3.7028985507246377,40,40
1,194,30,4,5.4,0,8
1,735,140,9,4.135714285714286,16,34
1,1484,324,10,3.5277777777777777,3,136
1,1167,249,26,3.6184738955823295,21,51
1,765,201,9,2.756218905472637,0,119
1,564,126,8,3.3968253968253967,20,37
1,169,35,5,3.742857142857143,0,8
1,539,101,5,4.257425742574258,1,15
1,291,59,8,3.830508474576271,0,14
1,121,24,2,4.0,0,5
1,539,101,5,4.257425742574258,1,15
1,273,38,3,6.026315789473684,0,4
1,2255,449,28,3.962138084632517,35,90
1,210,39,3,4.358974358974359,0,5
1,166,35,5,3.657142857142857,0,8
1,906,231,10,2.857142857142857,0,122
1,236,44,4,4.295454545454546,0,5
1,1607,381,43,3.131233595800525,127,138
1,349,73,7,3.73972602739726,0,12
1,347,75,7,3.546666666666667,1,16
1,446,95,9,3.610526315789474,4,13
1,872,174,15,3.896551724137931,27,32
1,484,85,4,4.517647058823529,5,11
1,446,95,9,3.610526315789474,4,13
1,1272,230,10,4.421739130434783,6,23
1,668,143,13,3.5944055944055946,3,39
1,204,47,10,3.25531914893617,15,16
1,803,156,13,4.057692307692308,2,21
1,944,175,14,4.342857142857143,6,27
1,172,33,3,4.181818181818182,16,8
1,673,123,7,4.40650406504065,0,15
1,437,94,10,3.5638297872340425,4,17
1,588,105,6,4.552380952380952,0,11
1,358,79,7,3.4556962025316458,0,16
1,3000,625,38,3.7056,11,91
1,443,86,4,4.046511627906977,21,16
1,430,96,11,3.4166666666666665,43,43
1,2972,548,40,4.326642335766423,61,103
1,1079,230,27,3.626086956521739,9,74
1,660,138,11,3.695652173913044,40,40
1,383,81,8,3.654320987654321,0,15
1,1992,457,85,3.2582056892778994,85,203
1,1573,312,21,3.894230769230769,46,65
1,917,232,10,2.8879310344827585,0,122
1,470,82,4,4.548780487804878,3,13
1,1459,323,10,3.4643962848297214,3,136
1,1471,324,10,3.4876543209876543,3,136
1,1489,303,23,3.8415841584158414,30,64
1,260,52,5,3.942307692307693,0,8
1,855,179,2,3.642458100558659,52,33
1,338,75,3,3.466666666666667,32,15
1,188,40,3,3.65,0,8
1,531,86,9,4.988372093023256,8,13
1,355,62,4,4.67741935483871,1,8
1,3253,672,43,3.7291666666666665,109,126
1,1443,316,29,3.471518987341772,26,55
1,6181,1195,77,4.099581589958159,70,278
1,297,58,4,4.068965517241379,3,10
1,718,127,8,4.543307086614173,0,20
1,409,80,1,3.95,14,6
1,347,75,7,3.546666666666667,1,16
1,344,61,5,4.590163934426229,1,10
1,2485,446,25,4.486547085201794,18,67
1,17680,3893,294,3.449781659388646,178,1258
1,829,171,18,3.7134502923976607,4,38
1,216,48,7,3.458333333333333,0,14
1,4374,789,39,4.457541191381496,34,119
1,1055,222,25,3.68018018018018,4,47
1,6889,1169,46,4.802395209580839,104,293
1,2044,377,17,4.374005305039788,8,35
1,1465,299,20,3.7959866220735785,49,72
1,660,146,8,3.4452054794520546,12,49
1,3250,865,33,2.683236994219653,70,470
1,681,115,5,4.730434782608696,2,20
1,750,207,10,2.5893719806763285,0,121
1,762,160,9,3.65,0,26
1,1714,358,27,3.670391061452514,69,121
1,1985,373,22,4.3002680965147455,0,36
1,539,101,5,4.257425742574258,1,15
1,2218,437,28,4.006864988558353,35,58
1,862,159,11,4.2578616352201255,30,22
1,1141,214,12,4.200934579439252,3,36
1,880,224,10,2.861607142857143,0,119
1,442,102,8,3.235294117647059,21,34
1,1334,286,17,3.541958041958042,63,79
1,483,97,13,3.9072164948453607,10,23
1,976,203,17,3.669950738916256,95,48
1,5458,1118,77,3.851520572450805,94,152
1,436,88,4,3.863636363636364,10,10
1,525,112,13,3.571428571428572,26,32
1,662,138,11,3.710144927536232,40,40
1,903,168,14,4.333333333333333,5,25
1,250,48,6,4.145833333333333,0,10
1,746,134,9,4.425373134328358,0,32
1,977,203,17,3.674876847290641,95,48
1,3179,601,29,4.264559068219634,16,54
1,656,152,13,3.2302631578947367,13,50
1,1125,224,18,4.008928571428571,68,58
1,453,85,6,4.223529411764706,7,17
1,2051,435,35,3.6206896551724137,2,65
1,1365,339,48,2.926253687315634,6,88
1,2562,488,28,4.217213114754099,16,75
1,233,41,0,4.414634146341464,2,3
1,1778,417,45,3.179856115107914,130,154
1,466,83,2,4.433734939759036,6,10
1,502,84,2,4.797619047619048,6,10
1,306,56,4,4.410714285714286,3,9
1,258,46,5,4.478260869565218,1,8
1,721,127,8,4.566929133858268,0,20
1,479,82,2,4.658536585365853,6,11
1,1493,280,19,4.257142857142857,5,57
1,469,91,4,4.043956043956044,5,9
1,949,206,21,3.5242718446601944,0,48
1,582,124,9,3.588709677419355,24,34
1,166,35,5,3.657142857142857,0,8
1,281,56,7,3.9642857142857135,0,9
1,12615,2123,107,4.831841733396137,226,341
1,306,56,4,4.392857142857143,4,10
1,1230,303,17,2.933993399339934,49,110
1,698,148,11,3.5675675675675675,2,22
1,446,95,9,3.610526315789474,4,13
1,406,76,6,4.2368421052631575,26,15
1,249,54,5,3.555555555555556,6,8
1,2544,465,17,4.451612903225806,21,93
1,1486,328,11,3.4786585365853657,3,137
1,1422,283,4,3.932862190812721,3,32
1,321,74,3,3.2972972972972974,6,12
1,3305,813,41,2.95079950799508,840,242
1,465,84,2,4.357142857142857,6,10
1,197,40,6,3.875,0,8
1,446,95,9,3.610526315789474,4,13
1,251,51,4,3.862745098039216,0,7
1,904,231,10,2.8484848484848486,0,122
1,548,98,4,4.448979591836735,0,19
1,291,52,6,4.519230769230769,0,8
1,243,45,7,4.333333333333333,0,8
1,1095,223,11,3.820627802690583,9,49
1,398,72,5,4.472222222222222,0,10
1,453,106,11,3.169811320754717,3,25
1,921,179,12,4.0,11,26
1,432,85,5,4.035294117647059,6,14
1,467,94,6,3.872340425531915,2,20
1,864,219,23,2.872146118721461,26,92
1,198,45,3,3.333333333333333,0,13
1,192,28,3,5.785714285714286,0,7
1,3193,616,45,4.152597402597403,37,119
1,395,85,13,3.5764705882352943,0,21
1,663,130,6,3.9461538461538463,7,28
1,446,95,9,3.610526315789474,4,13
1,8207,1561,71,4.166559897501601,54,294
1,2263,461,19,3.809110629067245,62,88
1,958,180,9,4.2444444444444445,1,35
1,1672,338,17,3.9289940828402368,20,32
1,859,175,13,3.7257142857142855,25,27
1,1050,242,27,3.231404958677686,11,58
1,6222,1225,57,4.003265306122449,51,198
1,539,101,5,4.257425742574258,1,15
1,1657,300,16,4.476666666666667,6,35
1,764,206,9,2.6601941747572817,0,122
1,872,173,10,3.913294797687861,17,34
1,1729,343,28,3.915451895043732,96,53
1,662,138,11,3.710144927536232,40,40
1,306,52,5,4.807692307692308,0,8
1,368,75,7,3.8,15,13
1,769,203,9,2.738916256157636,0,121
1,973,203,17,3.655172413793104,95,48
1,925,236,10,2.8559322033898304,0,126
1,266,56,8,3.678571428571429,0,9
1,191,30,4,5.3,0,8
1,2244,501,43,3.4151696606786426,63,142
1,480,97,13,3.8762886597938144,10,23
1,1175,240,24,3.8666666666666663,31,51
1,1388,330,36,3.1151515151515152,122,113
1,718,127,8,4.543307086614173,0,20
1,927,236,10,2.864406779661017,0,126
1,878,184,12,3.684782608695652,0,28
1,973,203,17,3.655172413793104,95,48
1,634,142,17,3.3661971830985915,38,35
1,2300,456,33,3.99780701754386,98,92
1,1826,377,71,3.750663129973475,37,97
1,877,189,10,3.560846560846561,12,32
1,932,191,14,3.7853403141361257,33,41
1,360,71,9,3.9859154929577465,0,16
1,1286,276,20,3.5942028985507246,30,54
1,664,138,11,3.724637681159421,40,40
1,914,167,9,4.359281437125748,5,22
1,299,54,1,4.37037037037037,24,7
1,103,29,5,2.5517241379310347,8,14
1,524,94,9,4.404255319148936,8,13
1,1089,221,31,3.832579185520362,31,65
1,2348,586,60,2.930034129692833,194,227
1,1467,322,10,3.503105590062112,3,134
1,3080,784,95,2.8635204081632653,366,304
1,942,175,14,4.331428571428572,6,27
1,714,126,8,4.555555555555555,0,19
1,538,89,9,4.865168539325842,8,14
1,1471,324,10,3.4876543209876543,3,136
1,167,35,5,3.6857142857142855,0,8
1,874,177,17,3.8361581920903953,12,38
1,663,138,11,3.717391304347826,40,40
1,612,122,5,4.016393442622951,18,18
1,189,38,4,3.947368421052632,13,9
1,1178,240,17,3.8333333333333335,2,49
1,2782,686,83,2.982507288629737,275,239
1,1475,326,10,3.4723926380368098,3,138
1,193,41,4,3.658536585365854,0,14
1,712,150,14,3.66,13,29
1,291,60,4,3.816666666666667,0,13
1,2928,553,26,4.262206148282098,48,52
1,745,205,10,2.6,0,119
1,1102,224,24,3.883928571428572,14,49
1,408,85,8,3.7294117647058815,2,17
1,328,61,7,4.311475409836065,0,9
1,14661,3319,271,3.3501054534498342,373,774
1,979,203,17,3.684729064039409,95,48
1,2895,541,23,4.351201478743068,130,125
1,973,203,17,3.655172413793104,95,48
1,1106,215,13,4.069767441860465,10,24
1,935,237,12,2.9071729957805905,0,129
1,3310,634,48,4.124605678233438,37,132
1,5028,914,56,4.352297592997812,27,128
1,74,19,3,2.8947368421052637,4,10
1,347,75,7,3.546666666666667,1,16
1,1434,282,28,3.9680851063829783,25,60
1,915,190,8,3.663157894736842,15,39
1,186,40,4,3.65,0,14
1,602,128,7,3.65625,3,30
1,1573,386,49,2.992227979274612,157,137
1,446,95,9,3.610526315789474,4,13
1,816,148,5,4.277027027027027,8,24
1,931,235,12,2.923404255319149,0,127
1,8065,1447,47,4.563925362819627,115,205
1,661,138,11,3.7028985507246377,40,40
1,331,70,8,3.6714285714285713,2,16
1,348,78,8,3.3846153846153846,3,18
1,1275,219,8,4.767123287671233,12,30
1,122,23,2,4.304347826086956,0,6
1,879,246,19,2.532520325203252,3,72
1,9278,1636,71,4.556234718826406,47,234
1,510,87,9,4.67816091954023,8,13
1,408,79,8,4.050632911392405,2,12
1,1467,270,18,4.288888888888889,7,45
1,624,143,11,3.3566433566433567,14,55
1,1260,231,15,4.45021645021645,8,37
1,4920,1009,42,3.856293359762141,48,146
1,976,203,17,3.669950738916256,95,48
1,1066,194,6,4.350515463917525,14,18
1,17638,3403,178,4.072289156626506,189,536
1,405,76,9,4.2368421052631575,5,15
1,224,47,3,3.702127659574468,0,7
1,755,205,9,2.6341463414634148,1,122
1,347,75,7,3.546666666666667,1,16
1,188,40,3,3.65,3,6
1,3164,575,21,4.386086956521739,22,50
1,734,139,9,4.251798561151079,1,12
1,9342,1652,80,4.636198547215496,80,244
0,1188,240,16,3.85,30,51
0,1997,433,12,3.53810623556582,24,126
0,7902,1503,58,4.180306054557551,124,255
0,3644,643,28,4.539657853810264,72,112
0,5535,1208,72,3.4892384105960264,154,300
0,1559,398,15,2.829145728643216,73,165
0,349,63,4,4.507936507936508,11,11
0,6751,1725,58,2.793043478260869,267,789
0,1196,253,6,3.644268774703557,24,86
0,1395,282,20,3.861702127659575,68,61
0,2009,491,8,3.010183299389002,71,206
0,593,134,8,3.3358208955223883,27,28
0,43937,8364,303,4.179100908656145,486,1191
0,401,81,8,3.876543209876543,6,11
0,6303,1402,66,3.400855920114122,120,311
0,1449,271,14,4.265682656826568,0,34
0,605,120,6,3.9,30,25
0,203,42,3,3.738095238095238,0,9
0,733,130,6,4.561538461538461,5,11
0,848,169,17,3.9171597633136095,23,39
0,270,67,13,2.8955223880597014,24,16
0,661,126,6,4.166666666666667,6,20
0,2881,622,27,3.495176848874598,89,163
0,4209,863,27,3.783314020857474,99,278
0,3238,751,24,3.2210386151797605,77,224
0,102,15,1,5.666666666666667,1,2
0,2216,407,22,4.343980343980344,17,74
0,1184,260,16,3.4307692307692306,45,99
0,3623,724,28,3.908839779005525,46,187
0,1181,300,17,2.8366666666666664,56,129
0,573,120,13,3.658333333333333,28,34
0,3787,789,25,3.703422053231939,63,209
0,801,178,10,3.426966292134832,60,33
0,3039,653,37,3.560490045941807,70,135
0,5617,1370,76,2.989051094890511,113,481
0,947,151,7,5.185430463576159,0,11
0,1073,267,12,2.917602996254681,36,95
0,1835,428,12,3.2126168224299065,27,127
0,2606,492,33,4.2073170731707314,44,120
0,2937,675,27,3.2666666666666666,68,245
0,852,178,14,3.713483146067416,12,29
0,3556,610,28,4.737704918032787,40,83
0,1173,268,16,3.2574626865671643,29,60
0,3456,720,38,3.720833333333333,59,139
0,1838,408,21,3.411764705882353,91,133
0,722,144,16,3.9305555555555554,49,37
0,793,151,11,4.185430463576159,6,22
0,1245,247,18,3.9595141700404857,10,37
0,232,42,2,4.404761904761905,0,6
0,253,56,3,3.446428571428572,12,10
0,268,46,1,4.760869565217392,11,12
0,1357,356,36,2.735955056179775,45,132
0,1577,407,5,2.803439803439804,60,190
0,1301,273,12,3.692307692307693,6,31
0,2464,504,25,3.811507936507936,43,94
0,1250,270,20,3.555555555555556,51,58
0,744,152,6,3.75,46,33
0,1034,176,5,4.789772727272728,2,18
0,2922,460,30,5.226086956521739,12,67
0,1487,329,19,3.3556231003039514,42,111
0,1074,227,12,3.674008810572688,24,39
0,945,162,8,4.753086419753086,4,19
0,1391,271,40,4.047970479704797,28,72
0,9257,2580,341,2.474806201550388,134,1426
0,181,32,2,4.5625,0,5
0,1635,354,14,3.5847457627118646,28,104
0,1201,277,10,3.2129963898916967,13,105
0,3179,695,35,3.489208633093525,74,223
0,512,121,15,3.107438016528925,2,31
0,1096,274,31,2.9014598540145986,43,116
0,688,147,19,3.523809523809524,33,38
0,1543,345,19,3.3797101449275364,26,65
0,1400,303,21,3.537953795379538,21,73
0,8051,1726,77,3.5758980301274623,222,546
0,168,32,2,4.125,0,6
0,1804,395,20,3.4835443037974683,26,102
0,3155,765,38,3.0091503267973856,158,324
0,1968,437,17,3.4096109839816933,55,135
0,1008,195,9,4.102564102564102,0,42
0,443,103,4,3.174757281553398,13,31
0,279,54,3,4.018518518518518,2,5
0,1729,349,13,3.8567335243553007,31,47
0,227,46,3,3.891304347826087,0,6
0,1432,313,17,3.4856230031948883,51,73
0,276,58,3,3.689655172413793,8,6
0,2213,580,32,2.681034482758621,94,319
0,1053,262,7,2.916030534351145,59,110
0,368,70,4,4.1571428571428575,11,7
0,661,127,4,4.110236220472441,9,13
0,447,82,6,4.317073170731708,1,13
0,1137,241,12,3.614107883817427,22,55
0,1512,319,29,3.652037617554859,24,57
0,1811,347,12,4.152737752161383,16,36
0,522,108,10,3.685185185185185,34,35
0,923,173,7,4.254335260115607,23,23
0,278,57,6,3.754385964912281,12,11
0,91,18,2,4.055555555555555,0,4
0,418,85,7,3.8117647058823527,20,18
0,257,53,2,3.7735849056603774,0,8
0,1202,220,17,4.327272727272727,27,42
0,938,212,9,3.339622641509434,41,87
0,92,15,1,5.066666666666666,0,3
0,5717,1151,68,3.887923544743701,18,151
0,2439,627,39,2.730462519936204,144,271
0,312,69,4,3.463768115942029,6,12
0,1373,261,5,4.160919540229885,45,61
0,6328,1388,138,3.4423631123919307,421,575
0,54,11,1,3.909090909090909,0,3
0,1879,403,21,3.5806451612903225,51,132
0,1696,403,116,3.119106699751861,60,171
0,7690,1304,91,4.792944785276074,145,223
0,2953,706,36,3.101983002832861,82,210
0,1143,270,26,3.1555555555555554,29,84
0,4634,930,37,3.897849462365592,59,219
0,2968,753,42,2.7755644090305447,58,319
0,2609,544,27,3.702205882352941,51,87
0,859,169,17,3.93491124260355,74,36
0,820,167,8,3.820359281437126,1,31
0,1056,241,3,3.2904564315352696,39,94
0,928,213,7,3.140845070422535,40,81
0,4826,1009,43,3.682854311199207,61,145
0,4384,932,24,3.6266094420600856,84,225
0,8851,1971,74,3.4074074074074074,238,625
0,986,208,8,3.6346153846153846,34,30
0,456,96,10,3.59375,29,26
0,1881,438,22,3.189497716894977,53,140
0,1479,281,8,4.213523131672598,35,39
0,111,23,1,3.782608695652174,0,4
0,8145,1472,60,4.504755434782608,102,232
0,753,162,13,3.574074074074074,10,23
0,468,91,5,4.043956043956044,0,12
0,1007,221,6,3.4524886877828056,24,42
0,866,179,14,3.7262569832402233,32,42
0,503,141,3,2.475177304964539,24,72
0,8654,1504,101,4.64561170212766,180,272
0,635,141,5,3.418439716312057,14,52
0,2288,447,31,4.03579418344519,20,70
0,495,100,8,3.87,26,32
0,1609,331,34,3.7522658610271904,32,62
0,5022,1038,59,3.7360308285163777,142,315
0,1533,317,16,3.7097791798107256,21,94
0,1965,507,30,2.777120315581854,70,210
0,2044,404,29,3.952970297029703,44,87
0,2796,678,24,3.050147492625369,65,249
0,2221,455,18,3.8,141,118
0,872,183,7,3.628415300546448,24,42
0,351,69,5,3.985507246376812,0,11
0,1393,313,11,3.3482428115015974,37,87
0,638,141,5,3.4326241134751774,4,36
0,958,200,11,3.685,17,44
0,4342,800,28,4.35,27,162
0,874,201,13,3.228855721393035,24,42
0,1052,243,7,3.246913580246914,48,99
0,1598,328,17,3.75,43,63
0,1357,278,11,3.773381294964029,25,73
0,5243,1257,30,3.0843277645186955,163,434
0,610,154,2,2.896103896103896,30,76
0,1823,390,14,3.494871794871795,88,129
0,3933,784,5,3.880102040816327,4,203
0,11135,2595,104,3.206936416184971,384,913
0,1010,228,18,3.324561403508772,28,87
0,530,106,7,3.8773584905660377,32,22
0,732,163,10,3.3865030674846626,12,33
0,2116,508,19,3.078740157480315,82,186
0,1654,355,40,3.571830985915493,5,84
0,799,174,10,3.4827586206896552,24,35
0,1176,276,9,3.1920289855072466,47,87
0,509,117,4,3.2735042735042734,26,51
0,819,157,3,4.121019108280255,24,18
0,2055,444,21,3.545045045045045,45,132
0,1895,435,59,3.2413793103448274,40,133
0,519,139,3,2.6546762589928057,24,69
0,360,67,7,4.283582089552239,9,13
0,283,57,3,3.8596491228070176,13,10
0,1951,454,23,3.1916299559471364,62,174
0,1643,444,62,2.623873873873874,158,172
0,712,157,6,3.4012738853503186,26,50
0,1057,229,13,3.475982532751092,67,71
0,2262,537,13,3.1396648044692737,74,189
0,1112,274,6,2.9927007299270074,39,108
0,396,86,5,3.5232558139534884,15,16
0,191,41,2,3.5853658536585367,5,7
0,815,171,10,3.678362573099416,15,39
0,1404,274,6,4.036496350364963,25,67
0,63,12,0,4.083333333333333,0,2
0,3132,705,39,3.35177304964539,83,220
0,1237,272,15,3.452205882352941,35,62
0,218,41,3,4.195121951219512,5,8
0,1086,197,16,4.4213197969543145,0,35
0,1400,305,24,3.498360655737705,43,60
0,915,202,8,3.435643564356436,25,44
0,2021,548,107,2.576642335766423,20,290
0,5294,1203,32,3.236076475477972,825,273
0,6974,1393,76,3.90667623833453,99,254
0,4927,892,33,4.445067264573991,29,102
0,1079,196,10,4.403061224489796,16,23
0,613,129,9,3.6589147286821695,22,19
0,194,33,2,4.757575757575758,0,4
0,802,136,5,4.816176470588236,2,14
0,647,129,6,3.945736434108527,10,15
0,102,20,3,4.05,0,5
0,2898,713,40,2.97054698457223,98,262
0,2457,585,27,3.064957264957265,83,240
0,1023,217,23,3.612903225806452,52,68
0,435,84,6,4.083333333333333,2,17
0,2181,517,15,3.133462282398453,59,201
0,394,81,5,3.7777777777777777,2,14
0,2742,622,13,3.3215434083601285,84,215
0,4570,926,43,3.862850971922246,69,147
0,1731,324,15,4.262345679012346,3,55
0,3400,658,31,4.086626139817629,42,137
0,1361,274,25,3.875912408759124,34,46
0,2485,548,19,3.43978102189781,68,149
0,1121,279,17,2.910394265232975,66,118
0,3338,694,30,3.7276657060518734,65,127
0,4794,980,22,3.778571428571429,124,343
0,1517,337,17,3.3887240356083086,58,111
0,1016,212,12,3.683962264150944,18,40
0,5550,1504,88,2.574468085106383,221,813
0,2537,531,18,3.68361581920904,82,142
0,367,68,4,4.279411764705882,6,8
0,910,181,17,3.889502762430939,35,38
0,9485,1819,196,4.108301264431006,90,410
0,428,95,11,3.421052631578948,0,22
0,1445,319,26,3.435736677115988,34,80
0,108,22,2,3.8181818181818175,0,6
0,18375,3757,117,3.817673675805164,222,1000
0,2069,417,24,3.817745803357314,23,94
0,481,89,0,4.303370786516854,0,8
0,476,87,7,4.379310344827586,9,15
0,380,80,5,3.6625,0,8
0,558,120,10,3.525,45,31
0,231,42,3,4.357142857142857,7,5
0,633,136,15,3.536764705882353,2,26
0,376,73,7,4.054794520547945,0,11
0,1643,373,26,3.310991957104558,67,131
0,162,27,2,4.888888888888889,0,4
0,2598,545,33,3.673394495412844,58,108
0,749,154,10,3.7662337662337664,17,31
0,739,163,11,3.4539877300613497,22,35
0,1338,302,25,3.3245033112582782,42,71
0,1689,380,17,3.3526315789473684,69,113
0,2422,632,22,2.75,128,304
0,475,90,5,4.188888888888889,0,13
0,1200,249,10,3.6987951807228914,20,46
0,1311,273,12,3.6996336996337,46,35
0,664,157,9,3.140127388535032,19,31
0,862,214,8,2.948598130841121,43,92
0,669,129,6,4.108527131782946,1,12
0,299,61,4,3.868852459016393,6,19
0,712,145,11,3.813793103448276,40,28
0,978,207,9,3.6618357487922704,21,24
0,2204,540,28,2.97962962962963,124,228
0,1343,291,20,3.5051546391752577,28,96
0,334,66,4,3.954545454545455,4,9
0,6230,1280,80,3.79375,101,388
0,7844,1451,78,4.363886974500344,110,276
0,1438,339,16,3.162241887905605,38,110
0,451,87,7,4.091954022988506,12,18
0,1273,364,24,2.417582417582417,68,191
0,524,105,6,3.923809523809524,11,15
0,857,167,11,4.041916167664671,3,21
0,650,115,3,4.573913043478261,3,6
0,1169,208,7,4.538461538461538,8,41
0,2941,652,23,3.4217791411042944,40,178
0,969,174,6,4.471264367816092,2,20
0,976,198,16,3.823232323232323,62,48
0,351,76,6,3.526315789473684,12,17
0,1571,307,12,4.03257328990228,32,61
0,897,229,16,2.8253275109170306,46,97
0,696,155,11,3.361290322580645,47,50
0,193,38,2,4.0,0,4
0,1599,293,14,4.378839590443686,0,31
0,547,113,15,3.7964601769911503,18,24
0,527,100,4,4.15,2,8
0,770,154,3,3.8896103896103895,0,45
0,949,181,8,4.149171270718232,6,23
0,659,165,5,2.896969696969697,32,77
0,1583,295,25,4.271186440677966,32,67
0,2547,503,22,3.988071570576541,24,91
0,329,75,3,3.2533333333333334,12,19
0,144,28,2,3.9642857142857135,0,4
0,1636,315,18,4.123809523809523,8,56
0,929,191,9,3.7591623036649215,12,29
0,3546,772,31,3.5142487046632125,100,239
0,423,78,6,4.333333333333333,25,19
0,352,63,4,4.476190476190476,1,10
0,493,100,5,3.85,1,14
0,786,148,7,4.243243243243243,0,15
0,2015,381,7,4.186351706036746,22,55
0,3279,765,36,3.186928104575163,126,247
0,2195,422,29,4.125592417061611,6,62
0,879,178,13,3.837078651685393,14,32
0,1776,365,22,3.772602739726028,14,79
0,3162,707,39,3.3705799151343707,57,200
0,1977,481,8,3.03950103950104,74,201
0,2042,384,18,4.205729166666667,4,71
0,382,81,5,3.6296296296296298,0,14
0,1749,410,13,3.15609756097561,72,142
0,3764,972,136,2.740740740740741,55,466
0,1010,208,12,3.75,32,35
0,523,108,3,3.768518518518519,14,18
0,1682,439,14,2.7312072892938497,72,179
0,248,49,2,4.0,4,7
0,2081,513,76,2.988304093567252,39,213
0,1747,362,18,3.7375690607734806,34,117
0,592,124,11,3.693548387096774,0,19
0,1284,296,19,3.22972972972973,58,112
0,1320,256,12,4.05859375,30,44
0,1261,339,38,2.6519174041297937,54,151
0,157,32,1,3.84375,0,8
0,1418,363,37,2.8071625344352618,79,126
0,1766,370,23,3.6648648648648647,39,94
0,669,129,9,4.077519379844961,18,29
0,3849,981,87,2.8144750254842,190,374
0,3601,811,37,3.3279901356350186,104,295
0,1371,301,38,3.495016611295681,26,92
0,598,122,3,3.7868852459016393,12,25
0,1593,319,26,3.8683385579937295,36,73
0,4902,1323,38,2.577475434618292,213,708
0,533,108,5,3.8055555555555554,20,24
0,2909,674,24,3.22106824925816,94,233
0,184,36,4,4.0,0,7
0,302,62,2,3.774193548387097,30,16
0,963,200,13,3.735,40,33
0,338,64,2,4.1875,9,14
0,100,19,1,4.2105263157894735,0,3
0,750,178,14,3.134831460674157,15,66
0,1418,300,12,3.64,17,66
0,477,108,9,3.2777777777777777,14,29
0,1338,275,13,3.756363636363636,14,56
0,720,156,9,3.5128205128205128,13,30
0,89,22,1,3.0,10,10
0,1438,335,13,3.2,25,139
0,852,163,9,4.128834355828221,0,19
0,1844,391,23,3.601023017902813,51,118
0,719,136,5,4.205882352941177,0,15
0,2992,736,94,3.001358695652174,208,280
0,3033,735,68,3.0394557823129253,199,241
0,592,129,8,3.5193798449612403,1,16
0,3491,717,33,3.7796373779637378,59,160
0,527,135,5,2.814814814814815,42,69
0,790,182,4,3.2142857142857144,64,63
0,1394,244,12,4.69672131147541,0,27
0,6182,1089,58,4.580348943985308,14,207
0,3668,823,24,3.362089914945322,108,261
0,1289,280,11,3.5,35,98
0,104,18,1,4.666666666666667,0,4
0,1777,366,13,3.7704918032786887,10,86
0,5115,958,48,4.249478079331942,101,113
0,4663,856,41,4.366822429906542,7,136
0,312,58,4,4.258620689655173,0,14
0,405,92,5,3.260869565217391,16,26
0,369,89,7,3.101123595505618,20,26
0,58,11,1,4.2727272727272725,0,4
0,2560,500,14,4.036,16,113
0,801,197,4,2.989847715736041,28,74
0,350,74,3,3.6621621621621614,0,9
0,426,87,9,3.747126436781609,1,16
0,1718,327,15,4.18348623853211,16,56
0,254,52,5,3.692307692307693,12,18
0,1405,290,7,3.7551724137931033,36,91
0,1495,281,13,4.224199288256227,0,61
0,413,98,8,3.1020408163265305,34,21
0,997,212,17,3.589622641509434,24,48
0,457,108,11,3.1203703703703702,14,29
0,1066,205,10,4.107317073170732,14,21
0,145,36,9,2.861111111111111,19,11
0,602,139,11,3.258992805755396,14,26
0,195,35,2,4.485714285714286,0,9
0,2210,568,57,2.778169014084507,81,208
0,1802,367,12,3.836512261580381,62,102
0,3853,751,25,4.105193075898802,24,147
0,2162,438,25,3.8493150684931514,28,116
0,1031,215,8,3.72093023255814,30,61
0,1483,328,17,3.4054878048780486,64,106
0,912,176,9,4.090909090909091,10,26
0,3347,760,36,3.278947368421053,116,243
0,1448,293,21,3.819112627986348,63,55
0,404,90,2,3.388888888888889,12,27
0,2638,556,31,3.6007194244604315,29,164
0,200,42,5,3.642857142857143,3,11
0,494,101,5,3.772277227722772,29,16
0,403,79,20,4.0,0,30
0,1032,249,11,3.048192771084337,68,107
0,1729,350,24,3.857142857142857,68,61
0,966,167,7,4.616766467065868,12,33
0,249,52,4,3.692307692307693,3,10
0,2295,485,21,3.6288659793814433,65,99
0,537,98,7,4.357142857142857,3,18
0,566,110,6,4.054545454545455,6,14
0,1192,292,22,2.993150684931507,63,127
0,770,160,9,3.69375,18,31
0,466,93,4,3.89247311827957,5,15
0,1389,339,8,3.005899705014749,50,115
0,1888,378,18,3.878306878306878,44,80
0,1442,339,16,3.162241887905605,38,110
0,408,81,8,3.9012345679012346,30,24
0,140,21,3,5.523809523809524,0,5
0,662,146,7,3.3972602739726026,23,39
0,1129,197,6,4.563451776649746,9,18
0,404,78,4,4.089743589743589,2,14
0,416,74,4,4.527027027027027,0,7
0,152,33,3,3.515151515151515,2,7
0,351,62,4,4.580645161290323,11,11
0,2724,537,25,3.9404096834264433,61,124
0,1526,300,28,4.05,7,63
0,456,101,7,3.396039603960396,26,33
0,3886,954,34,2.9465408805031448,167,403
0,3927,836,57,3.602870813397129,66,209
0,1340,290,17,3.4931034482758623,36,66
0,1556,352,15,3.34375,24,95
0,837,173,14,3.728323699421965,34,36
0,490,81,5,4.962962962962963,0,18
0,1272,320,12,2.909375,64,115
0,1162,241,13,3.721991701244813,22,38
0,596,124,15,3.693548387096774,32,28
0,1486,269,24,4.4237918215613385,12,44
0,3610,788,18,3.493654822335025,165,263
0,4515,933,45,3.7663451232583065,108,250
0,257,56,3,3.482142857142857,24,15
0,1448,333,27,3.27027027027027,24,106
0,982,188,15,4.138297872340425,55,41
0,1494,308,20,3.7564935064935066,36,57
0,179,33,3,4.393939393939394,0,5
0,7404,1343,75,4.473566641846612,84,232
0,352,95,6,2.6210526315789475,0,51
0,1343,324,11,3.049382716049383,41,118
0,878,160,3,4.38125,48,31
0,3785,771,26,3.802853437094682,55,210
0,4343,1038,40,3.068400770712909,173,392
0,2202,431,21,4.013921113689095,43,63
0,510,100,4,4.01,0,16
0,742,149,6,3.8993288590604025,1,19
0,2235,475,13,3.6294736842105264,34,131
0,1284,265,16,3.769811320754717,0,41
0,78,13,1,4.846153846153846,0,3
0,2236,600,32,2.6133333333333333,160,262
0,617,110,7,4.527272727272727,14,16
0,1706,373,19,3.479892761394102,53,118
0,292,63,5,3.4761904761904763,29,18
0,2317,471,25,3.8237791932059446,27,78
0,1933,443,32,3.2618510158013545,69,157
0,409,81,8,3.9012345679012346,30,24
0,2247,630,39,2.4571428571428573,135,322
0,1246,278,19,3.3741007194244603,51,58
0,164,36,3,3.5,10,9
0,344,79,7,3.2911392405063293,16,18
0,77,13,2,4.846153846153846,0,5
0,2345,490,69,3.6897959183673463,0,99
0,499,100,8,3.91,26,32
0,6360,1288,51,3.8501552795031055,107,303
0,1379,298,14,3.5436241610738257,46,56
0,151,30,3,3.9,0,9
0,840,170,6,3.8588235294117648,0,18
0,1172,245,16,3.6775510204081634,43,42
0,2270,426,20,4.223004694835681,61,56
0,2857,713,50,2.884992987377279,57,280
0,401,81,8,3.864197530864197,5,17
0,1864,430,17,3.2534883720930234,36,119
0,2932,715,88,3.0125874125874126,80,280
0,1325,310,13,3.177419354838709,55,115
0,634,128,7,3.8671875,3,21
0,1453,383,12,2.720626631853786,75,134
0,322,69,4,3.5942028985507246,12,14
0,9974,2023,92,3.836381611468117,354,517
0,429,79,6,4.341772151898734,26,20
0,502,107,7,3.616822429906542,2,18
0,660,126,7,4.166666666666667,0,11
0,2213,537,18,3.005586592178771,66,215
0,4310,857,19,3.950991831971995,24,161
0,1375,316,12,3.2563291139240507,58,93
0,1975,427,19,3.531615925058548,127,96
0,2671,539,34,3.844155844155844,70,148
0,3591,781,38,3.4903969270166453,28,263
0,1042,196,10,4.224489795918367,10,33
0,146,29,3,3.931034482758621,0,7
0,1183,234,12,3.931623931623931,44,45
0,628,107,6,4.757009345794392,6,14
0,386,74,3,4.121621621621622,4,8
0,492,100,8,3.84,25,32
0,1077,230,21,3.591304347826087,9,59
0,1442,331,20,3.256797583081571,38,111
0,1043,187,13,4.4866310160427805,10,26
0,980,190,10,4.078947368421052,4,27
0,1736,390,20,3.343589743589744,70,136
0,2001,435,17,3.491954022988505,38,94
0,3326,776,24,3.1920103092783507,89,243
0,350,83,2,3.144578313253012,26,12
0,2391,565,19,3.150442477876106,80,202
0,585,113,4,4.088495575221239,0,19
0,3638,689,39,4.179970972423803,70,179
0,2541,521,48,3.7927063339731286,71,111
0,505,107,7,3.6542056074766354,0,18
0,201,35,4,4.685714285714286,0,8
0,746,222,4,2.283783783783784,50,135
0,275,52,3,4.173076923076923,0,6
0,2857,543,18,4.186003683241252,30,108
0,1305,283,13,3.5159010600706715,32,56
0,3206,782,65,3.006393861892583,151,266
0,1071,243,7,3.3292181069958846,24,86
0,936,194,9,3.711340206185567,40,48
0,12361,2215,111,4.49841986455982,317,362
0,815,154,9,4.201298701298701,51,30
0,2297,467,22,3.811563169164882,45,122
0,5081,1209,25,3.112489660876758,175,429
0,1503,315,20,3.66031746031746,39,98
0,1207,322,11,2.6677018633540373,59,156
0,2896,628,26,3.511146496815287,46,143
0,2088,495,19,3.098989898989899,102,163
0,251,49,2,4.020408163265306,5,6
0,611,154,2,2.896103896103896,30,76
0,679,121,6,4.487603305785124,18,18
0,306,65,5,3.523076923076923,19,18
0,906,241,21,2.5145228215767634,32,132
0,571,120,4,3.65,14,24
0,1885,436,33,3.190366972477064,139,158
0,268,55,2,3.763636363636364,0,3
0,2306,441,13,4.106575963718821,71,97
0,1732,309,11,4.5210355987055015,4,29
0,1846,349,10,4.186246418338109,53,78
0,3227,647,31,3.918083462132921,3,85
0,616,119,8,4.033613445378151,35,26
0,319,65,1,3.769230769230769,21,10
0,1315,234,10,4.547008547008547,7,35
0,417,87,3,3.655172413793104,29,13
0,1165,259,3,3.3976833976833976,71,107
0,2139,481,19,3.363825363825364,45,154
0,729,150,8,3.78,31,18
0,1281,300,16,3.2,55,75
0,377,75,5,3.933333333333333,1,9
0,767,169,6,3.437869822485207,18,36
0,2572,553,20,3.569620253164557,112,187
0,3106,634,35,3.7981072555205047,31,133
0,775,145,8,4.220689655172414,0,24
0,718,129,11,4.48062015503876,4,33
0,592,152,4,2.8157894736842106,29,71
0,625,107,3,4.766355140186916,21,14
0,796,132,4,4.9393939393939394,0,20
0,2725,556,24,3.8129496402877696,62,132
0,1476,292,17,3.952054794520548,24,51
0,2051,467,21,3.312633832976445,26,87
0,2186,496,23,3.3205645161290325,80,180
0,2612,589,35,3.266553480475382,318,194
0,3934,712,48,4.39185393258427,113,161
0,6145,1223,45,3.9427636958299264,103,216
0,2293,507,19,3.435897435897436,53,95
0,324,73,8,3.356164383561644,0,18
0,282,55,3,4.0,2,8
0,564,102,3,4.431372549019608,4,9
0,1129,215,19,4.153488372093023,26,33
0,2324,437,18,4.187643020594965,64,60
0,366,68,6,4.323529411764706,0,14
0,2443,499,15,3.81563126252505,128,127
0,1691,304,10,4.421052631578948,40,37
0,2106,425,22,3.861176470588235,58,90
0,271,47,2,4.659574468085107,0,10
0,720,155,13,3.535483870967742,14,35
0,11132,2235,105,3.877404921700224,396,665
0,869,177,13,3.8079096045197742,12,34
0,836,178,7,3.5898876404494384,12,34
0,1496,313,81,3.712460063897764,6,119
0,3262,672,34,3.744047619047619,68,148
0,316,60,3,4.183333333333334,0,7
0,1872,446,30,3.0493273542600896,95,145
0,1273,284,15,3.3028169014084505,66,88
0,927,211,10,3.251184834123223,53,55
0,164,29,3,4.551724137931035,0,13
0,1377,309,12,3.346278317152104,31,81
0,68,15,5,3.533333333333333,0,7
0,506,105,5,3.752380952380952,12,20
0,261,58,5,3.396551724137931,24,17
0,4194,893,73,3.572228443449048,89,238
0,622,132,8,3.643939393939394,23,23
0,4496,923,43,3.789815817984832,51,177
0,1216,233,9,4.128755364806867,21,17
0,471,82,3,4.658536585365853,0,8
0,371,80,3,3.55,2,8
0,2355,506,26,3.5375494071146245,22,110
0,1241,220,17,4.5590909090909095,5,40
0,1230,233,15,4.206008583690987,15,29
0,1044,232,15,3.4008620689655173,44,55
0,1042,259,11,2.9266409266409266,38,92
0,1144,189,3,4.9523809523809526,10,43
0,1330,224,12,4.857142857142857,0,23
0,181,37,1,3.810810810810811,0,11
0,548,102,6,4.235294117647059,5,11
0,775,159,10,3.786163522012578,46,36
0,1279,239,12,4.2468619246861925,21,25
0,229,53,4,3.2452830188679247,19,14
0,1945,413,13,3.6198547215496366,20,95
0,1215,238,14,4.025210084033613,2,39
0,1665,348,21,3.67816091954023,40,75
0,731,144,8,3.9722222222222223,25,25
0,493,92,8,4.271739130434782,0,18
0,2083,452,47,3.5132743362831858,21,104
0,2502,503,31,3.874751491053678,17,75
0,1337,329,12,2.9696048632218845,45,109
0,3470,788,61,3.313451776649746,223,237
0,3485,800,29,3.26875,110,277
0,839,188,7,3.351063829787234,29,47
0,134,22,1,5.0,0,2
0,539,129,3,3.0387596899224807,24,35
0,1374,301,24,3.46843853820598,55,67
0,1680,343,15,3.793002915451895,46,82
0,3572,833,53,3.1668667466986795,214,299
0,1897,340,16,4.491176470588235,0,40
0,460,129,3,2.488372093023256,24,72
0,966,204,9,3.67156862745098,0,30
0,1190,251,10,3.633466135458167,17,46
0,830,158,8,4.1265822784810124,35,24
0,2212,584,32,2.702054794520548,158,243
0,519,106,5,3.811320754716981,0,12
0,1647,318,16,4.10377358490566,14,47
0,508,97,11,4.082474226804123,24,23
0,468,96,4,3.7708333333333335,1,14
0,114,19,1,4.894736842105263,0,3
0,1243,271,9,3.4907749077490773,41,76
0,1905,388,12,3.8350515463917527,74,106
0,1297,256,15,3.97265625,44,41
0,4061,834,56,3.781774580335731,55,192
0,315,61,2,4.049180327868853,0,6
0,1750,381,15,3.4960629921259843,28,113
0,13,2,0,5.5,0,1
0,1896,411,29,3.5036496350364965,36,90
0,1970,409,29,3.679706601466993,43,100
0,1534,299,17,4.043478260869565,31,59
0,1537,337,22,3.4807121661721068,17,77
0,1559,400,8,2.845,55,156
0,962,201,11,3.701492537313433,26,36
0,437,128,3,2.328125,24,72
0,4525,962,52,3.627858627858628,116,319
0,2035,353,16,4.688385269121813,0,41
0,1813,297,14,4.976430976430977,0,38
0,7552,1400,88,4.3185714285714285,171,199
0,502,99,5,3.919191919191919,24,23
0,1149,234,14,3.7905982905982905,34,51
0,381,79,8,3.746835443037975,6,14
0,2011,424,19,3.625,18,118
0,5319,1049,36,3.9275500476644414,135,308
0,434,88,5,3.863636363636364,4,13
0,43,6,1,6.166666666666667,0,3
0,596,125,9,3.664,5,25
0,105,24,3,3.2916666666666665,4,7
0,2961,702,19,3.141025641025641,76,238
0,3237,810,33,2.846913580246913,138,360
0,326,65,4,3.9384615384615382,0,10
0,341,73,11,3.5342465753424657,0,18
0,314,72,3,3.263888888888889,14,20
0,1712,388,15,3.31958762886598,48,122
0,3050,593,32,4.106239460370995,57,105
0,258,50,4,4.08,0,9
0,1111,258,14,3.2170542635658914,26,90
0,677,144,6,3.583333333333333,11,41
0,854,167,10,4.035928143712575,0,18
0,3083,784,30,2.7933673469387754,197,325
0,2273,431,22,4.17169373549884,20,57
0,1753,320,13,4.403125,5,48
0,2235,487,18,3.470225872689938,54,155
0,2314,417,11,4.4556354916067145,60,87
0,237,45,1,4.177777777777778,9,8
0,128,18,2,5.944444444444445,0,4
0,537,104,3,4.0673076923076925,20,11
0,1726,390,10,3.315384615384616,81,151
0,194,36,3,4.277777777777778,0,6
0,750,145,8,4.110344827586207,22,21
0,3632,901,84,2.9633740288568258,297,308
0,272,55,4,3.836363636363637,17,10
0,1360,245,11,4.43265306122449,4,41
0,1435,309,11,3.5372168284789645,45,103
0,956,176,8,4.295454545454546,35,27
0,385,80,2,3.7375,30,17
0,151,29,3,4.068965517241379,4,8
0,450,84,4,4.285714285714286,0,8
0,2017,361,16,4.562326869806094,0,32
0,473,86,4,4.465116279069767,0,8
0,1153,227,4,3.986784140969163,31,50
0,636,116,7,4.379310344827586,3,15
0,832,209,6,2.9138755980861246,28,81
0,1359,297,16,3.474747474747475,34,77
0,1756,372,14,3.618279569892473,39,106
0,1714,376,16,3.470744680851064,41,63
0,646,136,9,3.654411764705882,16,38
0,1841,395,35,3.640506329113924,37,118
0,1479,280,12,4.15,14,75
0,1375,238,13,4.697478991596639,4,24
0,5077,1043,71,3.7583892617449663,158,255
0,509,106,14,3.5849056603773586,38,20
0,571,124,5,3.4919354838709675,20,26
0,2904,593,15,3.806070826306914,140,164
0,2529,527,23,3.7039848197343455,57,102
0,342,59,4,4.711864406779661,11,9
0,912,180,7,3.95,58,24
0,395,74,4,4.256756756756757,28,18
0,506,99,5,4.03030303030303,5,11
0,314,57,2,4.421052631578948,8,10
0,634,143,11,3.3216783216783217,23,35
0,660,134,8,3.843283582089552,2,17
0,824,146,7,4.541095890410959,30,24
0,2082,401,21,4.102244389027431,77,51
0,378,78,4,3.756410256410256,7,12
0,1645,363,20,3.418732782369146,95,75
0,226,45,2,3.933333333333333,0,6
0,3695,862,17,3.2204176334106727,43,295
0,2168,517,15,3.133462282398453,59,201
0,2219,410,21,4.314634146341463,61,69
0,1276,269,28,3.66542750929368,12,48
0,1639,316,22,4.104430379746836,29,69
0,3031,691,26,3.3039073806078147,70,245
0,1767,357,21,3.8515406162464982,29,73
0,233,42,2,4.476190476190476,1,6
0,749,132,2,4.5227272727272725,49,16
0,301,58,5,4.068965517241379,18,6
0,3634,787,32,3.523506988564168,119,174
0,895,183,7,3.775956284153005,12,24
0,176,30,2,4.733333333333333,0,6
0,608,130,9,3.5615384615384613,15,30
0,746,164,11,3.475609756097561,18,30
0,902,173,9,4.104046242774566,13,32
0,1862,406,24,3.4729064039408866,75,125
0,701,138,8,4.007246376811594,0,29
0,3598,710,48,3.954929577464789,128,193
0,1752,392,3,3.392857142857143,30,151
0,1524,347,13,3.2651296829971184,71,134
0,264,45,4,4.8,0,7
0,572,120,7,3.658333333333333,27,25
0,1354,315,8,3.212698412698413,51,107
0,373,80,8,3.5625,22,14
0,1988,382,12,4.0680628272251305,55,80
0,1468,352,26,3.0994318181818183,36,118
0,334,68,3,3.808823529411765,4,11
0,561,114,8,3.8157894736842106,1,14
0,695,148,14,3.581081081081081,39,44
0,2065,477,4,3.268343815513626,33,170
0,1030,258,16,2.891472868217054,42,101
0,698,124,6,4.524193548387097,7,18
0,394,61,5,5.360655737704918,0,11
0,1173,290,14,2.9655172413793105,60,102
0,304,64,5,3.671875,6,16
0,740,118,5,5.135593220338983,1,12
0,12817,2383,116,4.303399076793958,193,288
0,1873,380,18,3.85,99,104
0,1614,352,27,3.508522727272727,10,55
0,2120,442,18,3.687782805429865,38,99
0,547,106,12,4.075471698113208,0,17
0,700,147,12,3.680272108843537,9,25
0,4898,1048,38,3.575381679389313,174,258
0,786,161,7,3.7763975155279503,18,29
0,1601,325,25,3.830769230769231,64,76
0,2039,443,18,3.4988713318284423,56,133
0,2488,577,25,3.233968804159445,184,185
0,698,161,10,3.248447204968944,64,41
0,775,154,4,3.954545454545455,12,30
0,262,58,3,3.362068965517241,20,12
0,1886,500,30,2.686,84,210
0,588,127,6,3.5118110236220472,21,31
0,5352,1122,86,3.64349376114082,154,290
0,3398,642,29,4.179127725856698,87,180
0,340,73,3,3.5205479452054798,13,19
0,1908,360,15,4.211111111111111,13,46
0,616,111,6,4.4774774774774775,0,13
0,737,159,11,3.5786163522012577,34,43
0,664,169,3,2.857988165680473,26,75
0,2529,578,19,3.221453287197232,126,217
0,1002,225,7,3.364444444444445,13,61
0,1546,358,17,3.2290502793296088,62,111
0,4376,899,29,3.781979977753059,83,184
0,1512,273,14,4.461538461538462,12,32
0,243,49,2,3.7755102040816326,36,15
0,2940,738,47,2.815718157181572,110,323
0,939,200,10,3.595,8,27
0,665,184,6,2.358695652173913,38,101
0,405,87,5,3.5632183908045976,4,11
0,489,104,11,3.625,3,19
0,1555,369,19,3.113821138211382,41,128
0,434,89,4,3.764044943820225,0,17
0,396,76,3,4.118421052631579,5,5
0,1248,297,16,3.111111111111111,67,128
0,605,108,5,4.537037037037037,0,14
0,882,176,12,3.926136363636364,10,27
0,636,137,13,3.54014598540146,14,30
0,903,189,9,3.671957671957672,14,31
0,1678,346,20,3.722543352601156,52,82
0,3318,639,38,4.097026604068858,105,96
0,781,173,9,3.4161849710982657,14,28
0,439,81,4,4.3580246913580245,1,8
0,1959,428,26,3.481308411214953,42,107
0,306,65,5,3.523076923076923,19,18
0,1418,282,10,3.950354609929078,8,48
0,217,37,3,4.783783783783784,0,6
0,449,96,8,3.625,21,17
0,2374,465,27,4.002150537634408,24,92
0,1368,344,21,2.869186046511628,139,140
0,1336,243,13,4.411522633744856,0,31
0,873,227,13,2.753303964757709,57,94
0,338,61,4,4.459016393442623,11,9
0,1889,378,23,3.9100529100529102,33,78
0,3512,782,35,3.391304347826087,121,225
0,296,61,4,3.704918032786885,32,15
0,7005,1559,131,3.3739576651699807,186,406
0,256,49,3,4.061224489795919,12,16
0,111,20,2,4.4,0,4
0,1238,257,9,3.727626459143969,14,67
0,6350,1115,55,4.607174887892377,30,175
0,839,161,10,4.149068322981367,16,30
0,10055,3044,432,2.193166885676741,91,1945
0,3068,653,25,3.6248085758039816,47,181
0,2337,470,15,3.88936170212766,21,92
0,179,40,6,3.4,28,11
0,457,112,8,3.0,32,38
0,1355,348,16,2.772988505747126,67,144
0,494,100,8,3.86,25,32
0,1181,222,11,4.22972972972973,24,28
0,829,170,9,3.776470588235294,33,33
0,1429,322,31,3.3229813664596275,32,105
0,3876,789,40,3.803548795944233,117,195
0,8474,1459,100,4.701165181631255,165,256
0,583,131,11,3.3206106870229006,35,40
0,3100,705,37,3.3134751773049644,78,227
0,591,120,5,3.841666666666667,0,9
0,612,114,15,4.2368421052631575,30,26
0,1259,314,6,2.894904458598726,57,119
0,4084,759,30,4.300395256916996,23,110
0,278,56,6,3.857142857142857,0,14
0,1640,375,31,3.288,34,146
0,1923,386,28,3.88860103626943,45,98
0,1250,231,10,4.316017316017316,0,36
0,1556,380,16,2.997368421052632,65,149
0,3188,639,40,3.859154929577465,51,139
0,3254,816,46,2.8995098039215685,152,316
0,443,98,8,3.4489795918367347,0,22
0,1956,408,19,3.718137254901961,27,68
0,349,77,5,3.3766233766233764,14,21
0,1248,275,23,3.4327272727272726,36,74
0,448,103,5,3.233009708737864,25,32
0,2051,528,23,2.7916666666666665,127,214
0,119,24,3,3.875,0,6
0,650,143,7,3.4545454545454546,10,53
0,123,23,2,4.304347826086956,0,3
0,732,110,4,5.372727272727273,0,10
0,1350,272,17,3.860294117647059,22,58
0,822,218,7,2.6743119266055047,30,83
0,2934,601,19,3.790349417637272,71,164
0,1261,271,18,3.5350553505535056,56,74
0,1039,270,16,2.7555555555555555,60,110
0,1014,190,10,4.2368421052631575,17,36
0,431,91,8,3.637362637362637,12,22
0,3665,801,27,3.4893882646691634,77,229
0,493,110,3,3.390909090909091,12,26
0,1151,289,6,2.913494809688581,38,108
0,789,173,7,3.421965317919075,34,43
0,979,227,18,3.211453744493392,58,51
0,2376,498,28,3.670682730923695,85,109
0,250,57,1,3.263157894736842,14,18
0,1971,387,21,4.010335917312662,66,67
0,2017,420,34,3.607142857142857,272,102
0,3276,699,6,3.623748211731044,20,267
0,297,72,8,3.0416666666666665,8,14
0,1287,274,9,3.602189781021898,35,84
0,4602,1100,83,3.099090909090909,313,317
0,695,126,7,4.436507936507937,0,18
0,2754,478,28,4.652719665271967,7,54
0,1240,256,17,3.72265625,59,62
0,1461,281,15,4.124555160142349,15,44
0,2035,523,55,2.783938814531549,67,193
0,833,196,9,3.147959183673469,36,68
0,2439,397,11,5.057934508816121,0,44
0,2150,520,41,3.0519230769230767,55,152
0,168,31,2,4.354838709677419,0,5
0,5947,1249,64,3.658126501200961,81,284
0,897,219,7,2.990867579908676,44,93
0,502,104,17,3.75,0,33
0,479,90,4,4.233333333333333,0,10
0,486,102,3,3.656862745098039,12,28
0,2395,569,40,3.133567662565905,115,187
0,352,63,4,4.507936507936508,11,11
0,47,9,1,4.222222222222222,0,3
0,719,150,6,3.6866666666666665,33,20
0,199,34,2,4.735294117647059,7,6
0,1653,339,28,3.707964601769912,45,117
0,1937,368,19,4.173913043478261,30,56
0,345,61,4,4.573770491803279,11,10
0,187,33,2,4.515151515151516,5,4
0,490,102,7,3.715686274509804,1,14
0,1041,191,7,4.37696335078534,7,14
0,3150,755,17,3.0596026490066226,564,212
0,1501,325,21,3.516923076923077,81,90
0,212,48,2,3.3125,0,10
0,599,133,7,3.3834586466165413,26,34
0,219,49,1,3.3877551020408165,16,10
0,1030,180,5,4.583333333333333,31,36
0,1536,261,16,4.804597701149425,11,32
0,742,149,6,3.8993288590604025,1,19
0,2162,449,22,3.719376391982183,25,75
0,269,64,5,3.109375,23,15
0,27,4,0,5.75,0,1
0,891,162,8,4.419753086419753,2,16
0,3349,781,77,3.207426376440461,214,222
0,1446,285,11,3.975438596491228,55,42
0,2203,540,28,2.97962962962963,124,228
0,1962,378,20,4.1005291005291005,25,47
0,1966,372,14,4.198924731182796,26,53
0,4284,906,45,3.6357615894039736,51,187
0,296,55,8,4.2727272727272725,11,11
0,355,100,8,2.48,50,46
0,954,195,6,3.8,7,28
0,418,79,3,4.2025316455696204,0,8
0,589,150,2,2.853333333333333,38,74
0,889,230,6,2.773913043478261,41,96
0,1887,425,17,3.3388235294117647,50,125
0,2724,592,42,3.501689189189189,52,154
0,246,55,0,3.345454545454545,9,12
0,589,100,6,4.84,0,15
0,2226,579,14,2.766839378238342,141,263
0,2924,745,150,2.8375838926174497,138,342
0,3384,604,19,4.504966887417218,69,122
0,492,141,3,2.418439716312057,31,72
0,441,89,5,3.842696629213483,6,15
0,3076,599,40,4.023372287145242,96,159
0,1292,291,19,3.2920962199312718,79,109
0,2006,425,23,3.6,40,131
0,1334,261,12,4.0344827586206895,6,37
0,2012,401,27,3.920199501246883,15,59
0,319,59,3,4.305084745762712,15,10
0,871,183,11,3.6174863387978142,49,54
0,1002,176,6,4.619318181818182,0,34
0,617,130,5,3.646153846153846,20,34
0,1166,237,35,3.784810126582279,53,60
0,245,41,2,4.878048780487805,0,5
0,820,136,6,4.897058823529412,10,18
0,1065,203,7,4.177339901477833,0,34
0,1063,266,7,2.887218045112782,58,106
0,165,35,5,3.6,1,11
0,521,98,4,4.23469387755102,0,16
0,1189,273,8,3.26007326007326,48,85
0,2651,506,39,4.156126482213439,50,113
0,2409,456,33,4.184210526315789,79,78
0,1220,258,15,3.635658914728682,56,73
0,1154,282,19,3.00709219858156,65,123
0,1678,299,22,4.588628762541806,25,56
0,3425,726,43,3.6170798898071626,99,145
0,981,225,21,3.2355555555555555,23,62
0,1769,354,16,3.884180790960452,52,74
0,955,207,13,3.5072463768115942,32,42
0,2313,428,19,4.308411214953271,13,43
0,618,163,3,2.7300613496932518,26,77
0,1582,356,24,3.359550561797753,41,115
0,2169,465,21,3.539784946236559,99,123
0,900,168,9,4.267857142857143,10,36
0,571,131,4,3.236641221374046,12,29
0,2023,406,29,3.874384236453202,55,92
0,923,187,5,3.8181818181818175,17,46
0,1494,266,10,4.545112781954887,13,37
0,1329,301,8,3.318936877076412,24,80
0,330,71,4,3.5774647887323945,7,19
0,1497,350,14,3.157142857142857,26,117
0,2222,465,20,3.675268817204301,62,78
0,1122,238,10,3.6260504201680672,4,32
0,752,145,9,4.103448275862069,0,19
0,507,104,10,3.798076923076923,26,34
0,468,96,8,3.8229166666666665,18,22
0,424,75,5,4.546666666666667,0,14
0,740,188,10,2.8351063829787235,26,86
0,1118,243,19,3.493827160493827,24,65
0,452,105,2,3.2095238095238097,44,27
0,2645,547,29,3.740402193784278,27,100
0,581,133,11,3.263157894736842,22,36
0,1062,268,10,2.873134328358209,51,102
0,1464,289,14,3.941176470588236,63,61
0,549,99,5,4.474747474747475,12,9
0,31055,6348,212,3.8750787649653433,555,1669
0,791,146,10,4.321917808219178,0,18
0,1008,240,5,3.129166666666667,35,105
0,2012,446,20,3.439461883408072,38,124
0,382,83,6,3.5421686746987957,3,13
0,918,186,8,3.8655913978494634,0,29
0,8000,1414,48,4.578500707213578,71,206
0,3248,586,28,4.436860068259386,5,99
0,1062,220,28,3.8181818181818175,3,52
0,258,52,3,3.8461538461538463,0,8
0,324,71,5,3.492957746478873,12,15
0,5643,1057,84,4.242194891201514,85,221
0,2593,544,35,3.6580882352941178,91,118
0,3618,678,27,4.224188790560472,86,162
0,1074,202,11,4.227722772277228,28,28
0,4643,781,24,4.845070422535211,36,91
0,5009,821,24,4.991473812423873,5,67
0,770,148,8,4.108108108108108,50,20
0,338,72,3,3.5,15,20
0,176,35,3,3.942857142857143,0,5
0,465,87,6,4.2298850574712645,7,11
0,278,51,3,4.313725490196078,12,7
0,2719,556,24,3.8129496402877696,62,132
0,672,138,11,3.760869565217391,10,29
0,147,27,3,4.296296296296297,2,7
0,419,75,4,4.48,0,12
0,1611,345,21,3.585507246376812,26,100
0,6143,1383,65,3.3449023861171367,132,319
0,2203,467,33,3.605995717344754,35,112
0,762,147,11,4.081632653061225,0,20
0,1551,356,69,3.230337078651685,68,106
0,524,109,8,3.697247706422018,14,27
0,3251,669,35,3.774289985052317,47,143
0,921,226,5,2.995575221238938,37,81
0,1489,255,9,4.7176470588235295,8,31
0,5944,1060,56,4.570754716981132,77,183
0,1673,340,18,3.844117647058824,75,96
0,2010,427,30,3.6276346604215455,61,122
0,1032,252,6,3.003968253968254,41,101
0,4578,1162,34,2.8407917383821,203,525
0,5696,1092,31,4.131868131868132,58,191
0,706,151,22,3.556291390728477,2,37
0,700,196,14,2.4693877551020407,14,94
0,1010,222,13,3.490990990990991,19,27
0,1337,280,19,3.657142857142857,59,62
0,2684,606,30,3.354785478547855,41,138
0,869,185,13,3.5783783783783782,30,42
0,145,31,3,3.548387096774193,1,6
0,335,59,5,4.559322033898305,0,10
0,3156,601,36,4.1630615640599,10,131
0,416,89,4,3.539325842696629,12,21
0,2109,491,23,3.195519348268839,60,168
0,3161,765,38,3.0091503267973856,158,324
0,887,185,16,3.686486486486487,62,48
0,1038,232,17,3.3706896551724137,32,49
0,3129,647,26,3.752704791344668,73,154
0,888,177,11,3.915254237288136,14,31
0,3743,764,35,3.804973821989529,30,97
0,1123,309,18,2.546925566343042,53,160
0,1359,288,11,3.638888888888889,6,53
0,4190,835,51,3.930538922155689,81,199
0,417,92,13,3.4130434782608696,2,16
0,90,24,3,2.75,22,11
0,2480,489,36,3.985685071574642,122,89
0,452,90,10,3.933333333333333,20,23
0,1030,200,8,4.015,47,42
0,495,100,8,3.87,26,32
0,1470,265,18,4.437735849056604,25,44
0,1394,284,15,3.834507042253521,1,26
0,1558,379,11,3.023746701846965,44,134
0,782,184,7,3.157608695652174,24,73
0,782,166,15,3.5843373493975905,69,39
0,3707,634,22,4.763406940063091,0,72
0,823,160,13,4.0375,14,32
0,2083,452,47,3.5132743362831858,21,104
0,798,169,9,3.644970414201184,29,15
0,1014,218,15,3.555045871559633,47,64
0,590,124,7,3.7016129032258074,11,19
0,1671,310,20,4.312903225806451,13,55
0,1271,262,15,3.786259541984733,3,46
0,402,85,4,3.647058823529412,14,20
0,331,73,7,3.452054794520548,20,18
0,1670,342,18,3.845029239766082,46,75
0,1837,369,11,3.888888888888889,12,59
0,3401,617,31,4.416531604538087,39,94
0,1257,288,9,3.2916666666666665,26,91
0,1044,194,10,4.221649484536083,33,50
0,530,95,8,4.4526315789473685,22,15
0,2725,577,76,3.6204506065857887,14,122
0,1812,477,21,2.706498951781971,58,183
0,456,87,7,4.114942528735632,12,22
0,1113,251,18,3.3227091633466137,65,61
0,1351,328,10,3.039634146341464,52,111
0,208,39,4,4.230769230769231,0,5
0,601,167,9,2.508982035928144,24,85
0,2601,578,37,3.406574394463668,54,169
0,837,141,5,4.858156028368795,0,14
0,3392,777,48,3.267696267696268,192,229
0,3902,836,27,3.5454545454545454,77,278
0,840,165,10,4.006060606060606,20,32
0,675,143,10,3.5874125874125875,33,35
0,1741,380,19,3.5052631578947366,28,101
0,732,168,17,3.244047619047619,23,60
0,724,147,7,3.802721088435374,30,30
0,753,163,13,3.521472392638037,24,42
0,619,122,6,3.9098360655737694,50,13
0,3224,622,43,4.086816720257235,89,127
0,3166,635,75,3.899212598425197,84,159
0,385,67,5,4.686567164179104,6,10
0,557,88,4,5.215909090909091,2,7
0,685,178,5,2.696629213483146,95,82
0,606,126,12,3.7142857142857135,10,31
0,3040,538,23,4.552044609665428,57,130
0,3137,640,22,3.8234375,53,141
0,386,83,6,3.566265060240964,5,14
0,2038,373,35,4.369973190348525,26,65
0,400,81,2,3.864197530864197,32,16
0,130,25,0,4.16,5,4
0,75,14,1,4.357142857142857,0,5
0,2863,652,39,3.302147239263804,69,159
0,7371,1682,131,3.2681331747919145,214,478
0,1768,381,13,3.5564304461942258,49,104
0,1789,460,18,2.769565217391305,74,222
0,2037,442,22,3.520361990950226,52,100
0,1430,324,44,3.33641975308642,22,112
0,2276,466,17,3.796137339055794,25,100
0,160,29,2,4.379310344827586,10,7
0,2298,457,44,3.949671772428884,59,115
0,2978,614,21,3.750814332247557,40,164
0,612,110,7,4.4,4,16
0,505,112,13,3.419642857142857,9,17
0,1183,276,9,3.1920289855072466,47,87
0,525,107,3,3.8130841121495327,12,25
0,1350,285,17,3.631578947368421,34,81
0,1583,445,16,2.406741573033708,62,251
0,253,56,3,3.446428571428572,12,10
0,1566,385,32,2.9402597402597404,64,135
0,739,133,8,4.428571428571429,14,19
0,3370,722,29,3.580332409972299,110,144
0,696,137,9,4.0,19,18
0,578,121,6,3.6942148760330578,18,17
0,438,82,4,4.2560975609756095,2,7
0,1160,267,19,3.1647940074906367,39,112
0,975,206,9,3.592233009708738,45,57
0,812,207,8,2.840579710144928,34,86
0,1171,251,53,3.553784860557769,4,65
0,176,40,6,3.325,28,11
0,401,80,2,3.925,16,18
0,1612,297,14,4.333333333333333,27,44
0,692,138,4,3.942028985507247,0,25
0,1277,231,16,4.406926406926407,3,34
0,2143,517,18,3.0560928433268857,63,193
0,5018,1071,37,3.607843137254902,109,206
0,445,80,4,4.45,22,21
0,3345,760,36,3.278947368421053,116,243
0,1116,219,11,4.0,15,37
0,1560,292,31,4.273972602739726,0,54
0,340,65,4,4.107692307692307,9,11
0,1303,235,15,4.45531914893617,0,31
0,251,59,2,3.101694915254237,12,18
0,1481,277,15,4.23826714801444,22,37
0,337,69,4,3.710144927536232,38,18
0,789,186,8,3.139784946236559,46,81
0,1340,291,16,3.491408934707904,45,97
0,1941,454,46,3.185022026431718,67,122
0,643,141,8,3.4539007092198584,18,32
0,1756,383,7,3.5013054830287205,48,118
0,2535,539,27,3.5862708719851577,115,177
0,660,170,2,2.794117647058824,26,78
0,4109,1773,1564,1.282007896221094,106,1610
0,805,192,8,3.03125,43,50
0,979,202,10,3.767326732673267,48,46
0,745,168,12,3.3095238095238093,49,48
0,1975,414,22,3.70048309178744,106,101
0,2016,401,16,3.947630922693267,10,51
0,2039,437,17,3.5446224256292904,17,92
0,1393,291,15,3.694158075601375,27,70
0,725,149,17,3.785234899328859,0,27
0,486,100,6,3.77,5,9
0,2592,532,22,3.838345864661654,30,152
0,1102,238,11,3.5504201680672267,48,56
0,309,73,4,3.1780821917808217,13,17
0,731,134,10,4.358208955223881,12,23
0,2592,645,36,2.911627906976744,117,283
0,1346,318,13,3.150943396226415,38,113
0,867,136,5,5.294117647058823,0,16
0,303,54,2,4.351851851851852,0,11
0,2182,478,17,3.4623430962343096,40,138
0,257,51,3,3.901960784313725,16,12
0,1001,199,12,3.92964824120603,21,30
0,1080,224,10,3.700892857142857,8,38
0,4230,1019,58,3.039254170755642,113,330
0,1722,433,12,2.8983833718244805,60,173
0,2682,555,33,3.744144144144144,50,151
0,860,176,7,3.772727272727273,26,31
0,274,54,3,3.9814814814814814,0,10
0,692,146,6,3.6575342465753424,14,25
0,2048,429,14,3.6946386946386944,29,113
0,1338,326,16,2.9907975460122698,50,122
0,662,148,7,3.371621621621621,34,34
0,2421,566,57,3.185512367491166,94,154
0,2458,524,40,3.5801526717557253,102,149
0,3158,711,28,3.353023909985936,63,194
0,687,202,16,2.311881188118812,48,95
0,1829,475,16,2.7578947368421054,104,228
0,1468,371,14,2.8733153638814017,62,159
0,573,119,8,3.739495798319328,13,29
0,268,53,3,3.8867924528301887,12,17
0,877,177,8,3.84180790960452,2,21
0,1285,295,27,3.240677966101695,79,71
0,1008,225,5,3.382222222222222,37,89
0,1176,255,17,3.5294117647058822,37,95
0,630,110,6,4.590909090909091,11,15
0,436,86,5,3.965116279069768,4,11
0,621,113,6,4.398230088495575,0,15
0,470,94,6,3.882978723404255,35,24
0,1126,242,15,3.5785123966942147,12,71
0,1985,427,19,3.531615925058548,127,96
0,947,215,14,3.2744186046511627,53,68
0,1054,262,7,2.916030534351145,59,110
0,4018,932,46,3.21137339055794,82,252
0,513,116,10,3.3017241379310347,31,35
0,27965,5689,156,3.844788187730708,376,1419
0,406,84,5,3.75,12,11
0,1171,235,12,3.872340425531915,27,51
0,310,65,3,3.615384615384616,35,17
0,267,56,5,3.6607142857142856,2,9
0,137,35,2,2.8285714285714287,16,9
0,348,83,4,3.0963855421686746,0,45
0,31,4,0,6.5,0,1
0,669,117,3,4.623931623931624,24,19
0,4083,920,82,3.3521739130434782,227,249
0,2019,447,22,3.4295302013422817,44,115
0,411,88,8,3.5795454545454546,0,13
0,748,168,10,3.3392857142857144,10,34
0,2419,574,39,3.1411149825783973,115,187
0,757,135,8,4.54074074074074,10,16
0,680,143,11,3.6433566433566433,26,32
0,1238,296,17,3.0945945945945947,70,103
0,290,51,2,4.568627450980392,0,6
0,451,88,7,4.045454545454546,4,11
0,280,50,2,4.48,5,6
0,2438,484,24,3.979338842975207,84,51
0,2495,491,24,4.014256619144603,32,66
0,785,151,11,4.185430463576159,6,22
0,504,92,6,4.402173913043479,18,11
0,130,25,2,4.08,0,4
0,521,112,9,3.517857142857143,32,30
0,231,64,3,2.515625,10,42
0,116,20,2,4.65,0,3
0,14423,2790,151,4.08673835125448,225,479
0,1057,199,11,4.21608040201005,18,20
0,2988,541,40,4.397412199630314,43,120
0,1190,259,20,3.4864864864864864,53,43
0,1573,324,17,3.79320987654321,32,73
0,4338,978,15,3.376278118609407,28,292
0,209,39,5,4.333333333333333,1,8
0,8116,1446,117,4.520055325034578,28,211
0,404,85,4,3.647058823529412,14,20
0,3666,788,43,3.5697969543147208,91,192
0,3074,562,27,4.384341637010676,14,83
0,421,76,5,4.434210526315789,18,9
0,1658,414,13,2.927536231884058,110,153
0,726,152,5,3.7039473684210527,0,14
0,934,194,14,3.77319587628866,0,29
0,2427,584,62,3.066780821917808,117,199
0,3604,771,30,3.591439688715953,45,153
0,1485,354,12,3.101694915254237,86,139
0,922,198,8,3.5707070707070705,12,49
0,1535,349,13,3.315186246418338,34,99
0,4092,768,38,4.235677083333333,43,92
0,620,137,8,3.45985401459854,17,25
0,922,169,10,4.366863905325443,0,27
0,618,115,5,4.28695652173913,0,15
0,246,50,2,3.82,13,11
0,8353,1619,69,4.050030883261273,157,304
0,3043,578,17,4.162629757785467,29,77
0,2320,454,14,4.033039647577093,25,58
0,2554,662,40,2.7084592145015107,181,298
0,1536,320,12,3.728125,0,49
0,280,53,8,4.2075471698113205,6,13
0,543,148,2,2.5945945945945947,24,75
0,3553,629,26,4.491255961844197,49,131
0,272,55,4,3.872727272727273,10,8
0,798,170,12,3.5823529411764707,30,39
0,1544,450,249,2.373333333333333,3,260
0,901,197,10,3.487309644670051,12,36
0,279,51,3,4.352941176470588,10,8
0,1473,334,16,3.317365269461078,57,99
0,595,101,6,4.801980198019802,0,15
0,1247,275,18,3.421818181818182,32,95
0,1113,291,10,2.745704467353952,56,108
0,1151,236,9,3.7838983050847457,17,49
0,518,115,5,3.347826086956522,24,30
0,556,115,4,3.739130434782609,0,28
0,3216,573,13,4.485165794066318,29,142
0,787,168,10,3.571428571428572,6,41
0,371,72,6,4.097222222222222,0,14
0,848,208,12,2.9038461538461537,35,70
0,3233,597,34,4.314907872696818,68,118
0,1925,387,17,3.868217054263566,36,83
0,1030,267,14,2.7602996254681647,38,106
0,1032,254,20,3.0118110236220472,82,57
0,869,188,10,3.622340425531915,3,21
0,1595,301,10,4.20265780730897,0,56
0,514,106,7,3.7547169811320753,0,17
0,635,127,8,3.881889763779528,0,25
0,561,117,7,3.726495726495727,10,21
0,1079,262,14,3.00381679389313,38,100
0,2764,684,19,2.942982456140351,141,232
0,2707,621,26,3.257648953301127,99,200
0,1796,346,13,4.063583815028902,28,90
0,43952,8477,324,4.168927686681609,597,1268
0,2582,553,20,3.569620253164557,112,187
0,709,188,7,2.6968085106382977,24,83
0,3021,635,6,3.648818897637795,67,215
0,981,203,15,3.74384236453202,15,25
0,975,204,7,3.696078431372549,24,46
0,3947,786,36,3.931297709923664,68,175
0,1217,242,9,3.962809917355372,17,37
0,485,104,7,3.576923076923077,0,14
0,555,122,5,3.450819672131148,24,18
0,948,178,8,4.241573033707865,0,17
0,286,60,4,3.7,7,9
0,1083,219,15,3.853881278538813,56,47
0,1560,300,20,4.1033333333333335,4,36
0,3218,704,23,3.481534090909091,74,175
0,1169,252,25,3.496031746031746,60,69
0,2990,688,52,3.255813953488372,63,195
0,4301,981,62,3.297655453618757,103,288
0,2256,590,27,2.7440677966101696,103,247
0,555,122,5,3.4344262295081966,23,25
0,2258,425,26,4.209411764705882,14,72
0,568,133,9,3.1578947368421053,37,42
0,810,169,6,3.692307692307693,12,23
0,3586,795,50,3.408805031446541,73,249
0,305,65,4,3.615384615384616,16,17
0,1216,257,5,3.657587548638132,24,84
0,2258,596,7,2.7298657718120807,106,280
0,1743,363,6,3.721763085399449,36,103
0,938,240,4,2.8291666666666666,24,88
0,1098,232,17,3.6163793103448274,24,44
0,603,131,10,3.50381679389313,56,32
0,1897,392,19,3.76530612244898,14,95
0,484,99,4,3.808080808080808,0,15
0,3717,730,42,3.998630136986301,117,174
0,3140,785,81,2.889171974522293,114,280
0,1800,458,33,2.7794759825327517,112,193
0,677,107,4,5.214953271028038,10,14
0,1219,254,12,3.681102362204725,15,43
0,741,162,9,3.506172839506173,10,24
0,274,58,5,3.6379310344827593,5,10
0,1526,270,11,4.548148148148148,2,31
0,1340,277,16,3.740072202166065,35,48
0,1379,326,15,3.1533742331288344,121,86
0,955,200,16,3.675,10,53
0,816,152,7,4.276315789473684,6,19
0,2100,426,19,3.835680751173709,16,72
0,571,114,6,3.9210526315789473,1,12
0,2878,588,25,3.79421768707483,30,85
0,940,193,24,3.740932642487047,42,57
0,1646,315,16,4.111111111111111,34,78
0,1723,358,11,3.776536312849162,11,73
0,323,74,2,3.283783783783784,28,12
0,4711,1024,33,3.5087890625,136,307
0,843,167,13,3.9520958083832336,14,33
0,615,155,14,2.8451612903225807,14,71
0,1112,238,10,3.6260504201680672,4,32
0,88,16,1,4.3125,0,2
0,3226,703,36,3.456614509246088,104,190
0,1731,388,13,3.368556701030928,32,105
0,2595,532,17,3.800751879699248,17,159
0,637,176,8,2.539772727272727,26,80
0,770,162,8,3.654320987654321,64,41
0,262,51,2,4.03921568627451,2,8
0,1454,329,11,3.3343465045592704,41,84
0,308,60,2,4.05,8,11
0,3021,594,33,3.988215488215488,70,118
0,2708,588,24,3.517006802721089,71,150
0,1733,354,9,3.810734463276836,22,70
0,455,92,7,3.858695652173913,10,19
0,320,54,3,4.814814814814815,0,7
0,1786,366,13,3.7704918032786887,10,86
0,1047,215,20,3.7488372093023257,55,50
0,553,109,9,3.963302752293578,20,22
0,1019,222,20,3.4954954954954958,39,63
0,1298,232,8,4.504310344827586,5,13
0,1302,284,20,3.4753521126760565,22,63
0,1707,319,17,4.25705329153605,39,55
0,1166,269,32,3.2379182156133828,52,70
0,293,55,3,4.236363636363636,0,8
0,446,94,6,3.6595744680851054,13,11
0,535,109,5,3.7889908256880735,12,21
0,509,100,5,3.99,0,12
0,292,62,6,3.564516129032258,12,16
0,1557,338,11,3.4881656804733727,66,79
0,3025,744,45,2.946236559139785,129,265
0,1495,309,13,3.7313915857605178,50,58
0,361,67,7,4.283582089552239,9,13
0,3883,816,36,3.653186274509804,122,171
0,1205,279,10,3.229390681003584,34,100
0,1343,291,23,3.5051546391752577,59,70
0,2413,561,48,3.212121212121212,51,171
0,3165,729,35,3.230452674897119,90,273
0,503,102,5,3.843137254901961,9,12
0,430,79,5,4.329113924050633,7,14
0,1062,215,10,3.841860465116279,16,32
0,376,73,5,4.027397260273973,0,11
0,2353,551,34,3.1669691470054446,87,176
0,1920,416,15,3.53125,37,128
0,769,149,7,4.046979865771812,14,25
0,1109,229,10,3.7379912663755457,58,78
0,843,204,11,3.049019607843137,35,89
0,320,77,4,3.0779220779220777,23,23
0,1686,355,20,3.6225352112676057,49,84
0,652,117,8,4.487179487179487,0,17
0,6124,1243,34,3.841512469831054,49,231
0,1646,311,16,4.196141479099678,31,60
0,758,168,11,3.4285714285714284,0,30
0,1610,294,10,4.384353741496598,25,46
0,1469,281,15,4.124555160142349,15,44
0,1817,359,19,3.986072423398329,14,65
0,1753,342,28,4.026315789473684,18,68
0,281,63,6,3.3968253968253967,1,10
0,385,89,6,3.247191011235955,17,18
0,606,126,12,3.7142857142857135,10,31
0,497,100,8,3.89,26,32
0,1079,299,8,2.551839464882943,34,149
0,735,135,16,4.348148148148148,6,28
0,705,144,8,3.7916666666666665,35,18
0,2092,549,30,2.6830601092896176,63,306
0,697,149,6,3.597315436241611,24,21
0,784,158,7,3.8797468354430378,10,16
0,6046,1241,73,3.778404512489928,85,281
0,2596,502,23,4.075697211155378,42,85
0,2129,399,23,4.2556390977443606,20,45
0,1548,316,16,3.819620253164557,65,50
0,731,148,8,3.817567567567568,37,29
0,9744,1647,77,4.830601092896175,24,189
0,799,157,12,3.993630573248408,0,44
0,758,161,3,3.571428571428572,24,39
0,1870,407,27,3.501228501228501,68,122
0,288,59,0,3.7966101694915255,0,13
0,188,37,2,4.0,0,8
0,651,122,8,4.278688524590164,4,19
0,266,50,2,4.26,0,5
0,6531,1360,107,3.708823529411765,92,430
0,1277,271,13,3.6088560885608856,51,85
0,553,119,10,3.5210084033613445,48,33
0,1221,226,15,4.314159292035399,19,36
0,584,99,5,4.808080808080808,0,12
0,161,25,2,5.28,0,5
0,931,213,10,3.262910798122065,48,80
0,457,90,6,3.988888888888889,0,11
0,1848,358,23,4.081005586592179,20,89
0,367,77,3,3.701298701298701,6,13
0,891,181,7,3.779005524861879,62,44
0,1848,402,12,3.514925373134328,36,119
0,2756,551,34,3.9038112522686026,97,117
0,1557,323,15,3.718266253869969,98,72
0,794,155,10,4.058064516129032,5,19
0,1549,285,11,4.368421052631579,11,33
0,2785,635,24,3.292913385826772,60,197
0,963,242,9,2.884297520661157,36,114
0,606,112,8,4.303571428571429,4,17
0,289,48,3,4.791666666666667,0,7
0,2305,478,17,3.723849372384937,73,133
0,1257,307,9,3.01628664495114,30,116
0,2400,563,16,3.154529307282416,44,164
0,1175,293,22,2.935153583617748,46,104
0,2026,539,31,2.6307977736549164,63,308
0,629,157,3,2.9426751592356686,36,79
0,2253,439,25,4.022779043280182,73,98
0,500,100,8,3.92,25,32
0,1095,198,9,4.444444444444445,14,26
0,1731,357,15,3.7282913165266103,44,64
0,745,165,13,3.4060606060606062,14,35
0,741,151,12,3.827814569536424,50,39
0,5176,1114,41,3.561041292639138,117,259
0,448,95,4,3.610526315789474,8,18
0,529,97,6,4.309278350515464,10,11
0,156,28,1,4.464285714285714,0,3
0,2644,616,22,3.2029220779220777,60,199
0,853,169,14,3.9467455621301775,2,20
0,790,170,9,3.5058823529411764,43,40
0,2323,432,19,4.273148148148148,35,81
0,495,100,8,3.87,24,32
0,7898,1659,18,3.695599758890898,72,601
0,273,57,3,3.701754385964912,7,10
0,358,81,4,3.2962962962962963,12,20
0,528,127,1,3.0866141732283463,54,32
0,558,123,10,3.4065040650406506,30,35
0,1177,241,15,3.804979253112033,44,50
0,930,183,7,3.9672131147540974,58,24
0,4590,926,43,3.862850971922246,69,147
0,1359,278,18,3.816546762589928,2,40
0,6055,1316,77,3.506838905775076,166,324
0,456,104,6,3.3076923076923075,0,19
0,1303,226,12,4.672566371681416,0,26
0,1619,319,22,3.987460815047022,20,71
0,1032,239,6,3.196652719665272,43,105
0,7182,1795,62,2.928133704735376,93,743
0,447,89,5,3.898876404494382,18,13
0,46,7,0,5.571428571428571,0,1
0,2083,404,14,4.086633663366337,0,62
0,1758,409,20,3.2004889975550124,44,141
0,936,231,12,2.9047619047619047,65,78
0,1025,255,6,2.937254901960784,24,90
0,1859,387,21,3.702842377260982,77,126
0,1102,269,6,3.0,54,102
0,218,37,2,4.783783783783784,0,5
0,3807,920,38,3.0728260869565216,90,344
0,277,58,4,3.672413793103448,2,10
0,599,125,6,3.68,12,27
0,442,93,8,3.6666666666666665,5,14
0,2382,539,18,3.3432282003710574,83,176
0,4312,957,61,3.4148380355276906,90,283
0,287,60,9,3.6666666666666665,0,13
0,157,29,3,4.379310344827586,0,6
0,364,78,3,3.576923076923077,8,12
0,270,59,4,3.4745762711864407,0,9
0,477,101,4,3.603960396039604,33,19
0,9776,1793,78,4.311767986614613,124,261
0,360,77,5,3.571428571428572,10,13
0,213,42,14,4.0,0,16
0,2163,477,20,3.459119496855346,36,126
0,2136,462,11,3.5454545454545454,44,117
0,3037,697,39,3.255380200860832,65,226
0,220,40,3,4.375,4,6
0,1481,317,15,3.5741324921135647,28,77
0,275,65,6,3.1538461538461537,11,17
0,1140,242,15,3.6074380165289255,24,55
0,295,57,5,4.0,12,17
0,1529,271,9,4.568265682656826,0,33
0,1455,251,17,4.689243027888447,12,43
0,7312,1460,91,3.9013698630136986,97,383
0,1181,300,17,2.8366666666666664,56,129
0,624,106,4,4.745283018867925,31,15
0,3523,770,30,3.4805194805194803,66,177
0,1973,358,10,4.374301675977653,22,50
0,2041,372,88,4.352150537634409,4,103
0,1464,328,22,3.375,35,64
0,5390,968,41,4.481404958677686,84,132
0,3469,710,39,3.77887323943662,188,243
0,263,52,1,3.9615384615384617,13,9
0,553,158,3,2.4240506329113924,34,73
0,1299,281,14,3.5231316725978647,51,84
0,2895,584,30,3.8715753424657535,24,69
0,2680,539,75,3.868274582560297,56,130
0,614,134,16,3.470149253731343,7,28
0,813,208,9,2.826923076923077,34,87
0,2644,575,22,3.5095652173913043,14,153
0,3451,729,32,3.655692729766804,135,115
0,1120,244,19,3.4959016393442623,38,57
0,1258,245,12,4.03265306122449,31,44
0,1151,196,8,4.744897959183674,4,24
0,4011,786,171,4.006361323155216,37,224
0,1722,370,21,3.537837837837838,19,97
0,761,142,12,4.274647887323944,18,29
0,813,180,15,3.4055555555555554,44,39
0,548,145,6,2.682758620689655,27,72
0,527,116,9,3.4224137931034484,30,29
0,3512,712,30,3.835674157303371,86,162
0,2004,445,12,3.420224719101124,50,123
0,420,72,5,4.75,11,10
0,271,49,1,4.489795918367347,4,6
0,974,248,27,2.8266129032258065,43,111
0,1788,392,21,3.4770408163265305,18,72
0,1905,390,21,3.81025641025641,8,50
0,207,50,3,3.1,0,11
0,927,174,23,4.247126436781609,0,41
0,1005,190,7,4.226315789473684,2,27
0,1626,400,11,2.985,62,161
0,2177,484,19,3.355371900826446,28,130
0,4311,800,34,4.27375,135,170
0,1552,361,27,3.174515235457064,62,92
0,489,100,5,3.85,1,14
0,173,28,3,5.107142857142857,0,5
0,1505,363,9,3.066115702479338,53,151
0,1334,293,25,3.3959044368600684,21,89
0,1160,289,11,2.8996539792387543,65,111
0,409,89,8,3.5168539325842696,15,37
0,2792,610,19,3.4704918032786884,77,178
0,518,106,5,3.80188679245283,5,11
0,3241,701,28,3.537803138373752,52,175
0,1919,373,21,4.03485254691689,47,72
0,986,181,8,4.375690607734807,5,18
0,374,96,12,2.7604166666666665,37,27
0,3227,703,36,3.456614509246088,104,190
0,330,64,4,4.03125,0,12
0,2304,555,14,3.0774774774774776,68,221
0,7349,1246,64,4.812199036918138,47,196
0,764,153,8,3.8562091503267975,45,36
0,610,123,5,3.83739837398374,12,28
0,7322,1828,141,2.9442013129102844,604,746
0,1247,253,16,3.8537549407114624,1,37
0,683,132,5,4.113636363636363,14,24
0,1656,322,14,4.040372670807454,35,55
0,649,127,11,3.952755905511811,5,23
0,520,146,10,2.4863013698630136,36,81
0,766,162,12,3.648148148148149,10,25
0,960,200,20,3.69,0,35
0,401,76,6,4.184210526315789,26,19
0,1586,348,16,3.4770114942528734,52,108
0,627,112,5,4.517857142857143,2,13
0,93,18,1,4.055555555555555,0,4
0,4316,968,29,3.3698347107438016,111,277
0,634,112,3,4.544642857142857,11,23
0,6014,1117,47,4.299910474485229,45,175
0,1940,395,36,3.8329113924050633,3,75
0,608,118,5,4.050847457627119,0,15
0,584,123,11,3.658536585365854,3,22
0,2463,539,33,3.471243042671614,106,172
0,2908,534,33,4.372659176029963,12,80
0,3070,548,24,4.510948905109489,30,95
0,109,19,2,4.578947368421052,0,4
0,2763,542,27,4.001845018450185,40,133
0,1445,348,24,3.07183908045977,64,131
0,2750,586,34,3.5955631399317407,72,155
0,343,69,4,3.869565217391304,0,12
0,1465,259,13,4.532818532818533,39,38
0,318,58,3,4.362068965517241,0,7
0,53,11,2,3.8181818181818175,1,4
0,4679,1012,33,3.525691699604743,85,281
0,1293,253,11,4.063241106719367,3,57
0,2082,497,75,3.181086519114688,27,176
0,577,163,4,2.4539877300613497,28,79
0,95,22,1,3.3181818181818183,0,4
0,805,178,9,3.432584269662921,12,46
0,986,281,5,2.427046263345196,53,144
0,207,41,2,3.926829268292683,0,8
0,578,112,6,4.053571428571429,0,14
0,1339,331,9,2.918429003021148,60,133
0,846,172,9,3.8430232558139537,43,34
0,2956,614,21,3.750814332247557,40,164
0,959,216,20,3.333333333333333,48,49
0,307,51,3,4.803921568627451,0,7
0,478,86,4,4.465116279069767,0,8
0,1738,419,16,3.047732696897375,66,174
0,1584,358,49,3.310055865921788,99,141
0,2878,668,67,3.2095808383233533,108,185
0,3583,651,17,4.387096774193548,50,175
0,187,31,1,4.67741935483871,0,6
0,217,45,4,3.755555555555556,1,7
0,1122,213,20,4.140845070422535,34,40
0,1070,232,20,3.452586206896552,10,69
0,1203,292,10,3.0034246575342465,67,107
0,2171,477,20,3.459119496855346,36,126
0,997,209,11,3.660287081339713,9,49
0,1876,399,29,3.5839598997493733,63,112
0,472,112,8,3.107142857142857,13,33
0,2073,426,24,3.711267605633803,28,108
0,500,109,6,3.467889908256881,44,27
0,1607,367,15,3.2888283378746594,42,109
0,1549,326,16,3.668711656441718,53,109
0,1550,333,35,3.5765765765765765,10,66
0,1315,262,12,3.896946564885496,58,34
0,2449,627,29,2.77511961722488,107,292
0,429,90,7,3.6222222222222222,12,25
0,1367,281,14,3.750889679715303,26,52
0,2759,668,40,3.0,56,239
0,175,28,4,5.107142857142857,0,6
0,801,161,9,3.888198757763975,8,24
0,525,109,7,3.7247706422018343,10,23
0,3178,687,41,3.51528384279476,110,135
0,739,188,10,2.8351063829787235,26,86
0,394,74,4,4.256756756756757,2,9
0,1916,355,20,4.309859154929577,22,82
0,1244,244,14,4.008196721311475,25,48
0,4504,815,47,4.43680981595092,37,125
0,218,48,5,3.4791666666666665,1,12
0,944,210,13,3.4047619047619047,16,50
0,309,64,3,3.75,0,9
0,2219,475,13,3.6294736842105264,34,131
0,2637,602,27,3.294019933554817,105,155
0,647,139,16,3.5467625899280577,14,32
0,838,156,12,4.301282051282051,3,24
0,853,188,5,3.452127659574468,28,47
0,1048,213,7,3.8497652582159625,42,36
0,354,78,3,3.41025641025641,12,20
0,534,110,5,3.763636363636364,0,19
0,1563,284,15,4.47887323943662,0,34
0,205,35,1,4.6571428571428575,5,4
0,2218,574,20,2.8013937282229966,27,257
0,934,200,31,3.6,0,58
0,334,75,3,3.306666666666666,22,24
0,350,68,4,4.073529411764706,4,7
0,672,124,5,4.32258064516129,0,16
0,3326,599,15,4.424040066777963,29,147
0,2347,480,19,3.8020833333333335,69,75
0,1874,437,34,3.2265446224256293,83,95
0,123,23,2,4.260869565217392,0,5
0,11358,2372,98,3.668634064080945,142,646
0,2314,464,14,3.9030172413793114,19,89
0,1443,291,22,3.852233676975945,64,74
0,627,131,10,3.67175572519084,20,29
0,3046,644,28,3.633540372670808,63,151
0,44,7,0,5.285714285714286,0,2
0,3846,919,97,3.076169749727965,99,352
0,1253,291,11,3.178694158075601,13,107
0,2232,451,21,3.847006651884701,43,101
0,297,67,4,3.3582089552238807,34,16
0,1922,464,18,3.0625,58,166
0,7049,1342,45,4.15946348733234,45,371
0,861,194,15,3.350515463917526,24,46
0,1740,372,18,3.596774193548387,26,106
0,905,242,18,2.644628099173554,43,127
0,1315,282,11,3.542553191489361,35,77
0,724,143,14,3.958041958041958,30,28
0,123,24,2,4.0,0,6
0,419,91,9,3.483516483516484,20,26
0,3882,741,42,4.160593792172739,6,79
0,1824,404,18,3.4232673267326734,53,81
0,701,129,10,4.27906976744186,35,28
0,868,182,14,3.67032967032967,14,35
0,1264,211,9,4.914691943127962,0,19
0,1234,232,11,4.241379310344827,1,29
0,472,92,3,4.043478260869565,5,11
0,272,56,4,3.75,0,7
0,1921,391,18,3.833759590792839,105,106
0,914,196,11,3.571428571428572,20,35
0,335,69,6,3.753623188405797,0,11
0,188,40,2,3.625,0,11
0,1390,314,8,3.328025477707006,41,87
0,1877,405,20,3.4296296296296296,45,141
0,3074,726,15,3.176308539944904,28,271
0,3474,576,32,4.934027777777778,27,73
0,770,160,11,3.69375,18,31
0,4264,890,38,3.695505617977528,46,127
0,1009,210,12,3.7142857142857135,45,41
0,979,190,8,4.073684210526316,4,18
0,1354,292,12,3.517123287671233,36,59
0,646,148,7,3.27027027027027,33,57
0,335,76,5,3.3289473684210527,0,15
0,1253,249,17,3.9477911646586334,0,47
0,517,125,13,2.96,23,52
0,1611,306,30,4.189542483660131,3,57
0,2860,501,21,4.632734530938124,47,58
0,1201,243,13,3.876543209876543,32,47
0,9008,1741,60,4.101665709362435,58,231
0,3124,659,35,3.6494688922610017,85,162
0,850,191,13,3.335078534031413,10,70
0,3337,888,39,2.6137387387387387,129,462
0,1161,218,10,4.224770642201835,39,27
0,3291,749,78,3.281708945260347,70,205
0,1590,328,15,3.731707317073171,39,104
0,705,149,4,3.624161073825504,12,31
0,2303,547,35,3.1023765996343693,60,163
0,1191,286,18,3.034965034965035,72,98
0,1850,394,23,3.581218274111675,15,120
0,607,109,9,4.458715596330276,13,20
0,1500,265,10,4.645283018867924,2,34
0,265,59,5,3.406779661016949,11,14
0,1087,245,8,3.310204081632653,57,49
0,925,175,9,4.211428571428572,0,27
0,378,69,5,4.36231884057971,12,14
0,1288,330,17,2.809090909090909,59,117
0,2386,615,25,2.791869918699187,92,256
0,877,137,3,5.313868613138686,0,16
0,2842,629,30,3.422893481717011,78,170
0,2965,604,22,3.812913907284768,74,144
0,639,123,7,4.089430894308944,1,15
0,1288,283,12,3.45583038869258,30,93
0,1223,236,5,4.088983050847458,8,41
0,2391,517,22,3.537717601547389,29,93
0,781,164,18,3.609756097560976,14,34
0,770,147,9,4.142857142857143,17,25
0,203,34,2,4.823529411764706,0,4
0,1467,345,11,3.165217391304348,45,112
0,1438,357,10,2.9439775910364148,51,106
0,463,100,5,3.56,40,23
0,1697,345,22,3.8260869565217392,39,49
0,514,103,4,3.8932038834951457,0,14
0,496,98,8,4.0,0,12
0,868,174,11,3.913793103448276,0,23
0,593,118,6,3.889830508474576,24,19
0,722,135,8,4.274074074074074,5,15
0,376,87,3,3.183908045977012,16,28
0,797,160,8,3.90625,4,15
0,2523,540,22,3.587037037037037,48,131
0,565,122,7,3.5737704918032787,0,18
0,1584,385,21,3.007792207792208,64,129
0,1394,282,12,3.851063829787234,12,50
0,167,36,4,3.5,0,8
0,868,197,13,3.3096446700507616,25,39
0,303,54,2,4.351851851851852,0,11
0,3223,663,26,3.7677224736048265,185,151
0,2795,607,28,3.481054365733114,59,181
0,809,162,9,3.888888888888889,5,29
0,482,92,4,4.141304347826087,0,9
0,217,46,7,3.608695652173913,13,15
0,377,72,5,4.152777777777778,0,13
0,2811,584,37,3.6986301369863015,76,160
0,2564,641,26,2.856474258970359,87,295
0,378,78,10,3.743589743589744,0,16
0,1980,350,13,4.56,16,50
0,287,64,4,3.421875,4,11
0,923,217,8,3.161290322580645,26,84
0,3995,849,62,3.610129564193168,108,183
0,1036,235,29,3.297872340425532,54,72
0,184,34,4,4.176470588235294,13,10
0,693,174,6,2.885057471264368,24,79
0,439,91,4,3.681318681318681,12,21
0,2293,426,19,4.279342723004695,35,80
0,2551,488,20,4.145491803278689,37,103
0,1057,216,9,3.7916666666666665,25,50
0,11239,2056,68,4.3900778210116735,64,219
0,1517,265,10,4.645283018867924,2,34
0,1115,196,7,4.576530612244898,26,27
0,1891,422,49,3.3791469194312795,37,181
0,1186,249,6,3.670682730923695,23,69
0,320,68,3,3.6176470588235294,1,10
0,6378,1392,70,3.466235632183908,252,490
0,960,199,12,3.738693467336684,24,27
0,612,114,15,4.2368421052631575,30,26
0,674,155,6,3.270967741935484,33,39
0,414,78,6,4.217948717948718,26,20
0,135,25,2,4.32,0,5
0,842,160,9,4.19375,0,14
0,1486,269,18,4.4275092936802976,17,40
0,1266,249,13,3.97991967871486,1,29
0,2699,664,18,2.983433734939759,116,235
0,313,68,4,3.5294117647058822,12,13
0,2271,518,8,3.2857142857142856,92,171
0,2956,604,14,3.801324503311258,139,166
0,325,70,4,3.571428571428572,12,14
0,641,125,8,4.008,30,23
0,2469,506,27,3.768774703557312,83,126
0,413,79,5,4.1265822784810124,0,12
0,3205,736,72,3.2567934782608696,112,197
0,1679,355,20,3.6225352112676057,49,84
0,486,98,8,3.877551020408163,25,31
0,8171,2432,56,2.241365131578948,345,1531
0,2314,539,37,3.137291280148423,94,180
0,347,78,8,3.2948717948717947,31,21
0,1405,355,18,2.853521126760564,50,128
0,1347,262,10,4.061068702290076,24,58
0,1096,208,10,4.1923076923076925,6,19
0,948,201,14,3.626865671641791,31,35
0,1807,393,21,3.5012722646310435,44,70
0,2173,475,30,3.494736842105264,22,84
0,582,108,8,4.324074074074074,6,20
0,1319,259,4,3.969111969111969,34,79
0,1196,255,26,3.584313725490196,36,46
0,723,140,12,4.064285714285714,0,22
0,439,90,3,3.744444444444445,23,14
0,823,167,5,3.868263473053892,15,40
0,409,80,5,4.025,0,11
0,1883,425,17,3.3388235294117647,50,125
0,717,152,8,3.631578947368421,36,26
0,977,234,7,3.094017094017094,31,80
0,473,98,8,3.693877551020408,33,23
0,280,58,5,3.775862068965517,20,13
0,2804,542,24,4.062730627306273,34,131
0,2483,575,37,3.2243478260869565,87,155
0,59,12,1,3.9166666666666665,0,4
0,2720,567,17,3.689594356261023,111,188
0,645,145,13,3.337931034482758,23,44
0,728,159,10,3.477987421383648,5,37
0,168,35,2,3.6857142857142855,0,6
0,2243,538,36,3.0353159851301115,48,176
0,532,159,6,2.2830188679245285,26,79
0,4719,1038,41,3.450867052023121,100,286
0,942,186,9,3.9623655913978495,31,32
0,2427,632,22,2.75,128,304
0,742,129,11,4.612403100775194,33,23
0,613,163,8,2.687116564417178,32,82
0,365,70,6,4.1571428571428575,0,14
0,501,94,7,4.23404255319149,10,19
0,810,217,1,2.672811059907834,29,111
0,1185,298,26,2.8624161073825505,32,143
0,1554,346,8,3.3901734104046244,61,128
0,2189,515,82,3.1475728155339806,76,177
0,1890,399,23,3.656641604010025,49,101
0,823,220,19,2.636363636363636,52,89
0,994,199,12,3.899497487437186,13,25
0,176,27,1,5.444444444444445,0,5
0,108,20,3,4.4,0,6
0,952,190,5,3.842105263157895,43,46
0,909,180,11,3.933333333333333,26,24
0,629,140,9,3.3857142857142857,16,34
0,789,161,7,3.819875776397516,0,19
0,821,172,5,3.645348837209302,12,34
0,687,120,7,4.575,1,22
0,1490,294,3,3.95578231292517,28,66
0,3593,815,43,3.3177914110429447,81,260
0,721,161,8,3.3850931677018634,61,38
0,484,99,8,3.808080808080808,26,31
0,718,138,8,4.101449275362318,7,23
0,1020,240,6,3.175,26,75
0,1398,330,15,3.1515151515151514,38,107
0,1821,433,34,3.120092378752887,102,167
0,1298,309,20,3.116504854368932,62,121
0,5566,1056,35,4.140151515151516,42,174
0,418,87,4,3.5977011494252875,9,35
0,958,228,15,3.087719298245614,62,67
0,2346,480,19,3.8020833333333335,69,75
0,5263,1042,70,3.9750479846449136,111,271
0,783,150,8,4.113333333333333,39,29
0,1822,349,15,4.120343839541548,39,62
0,515,108,4,3.6944444444444446,4,15
0,308,56,2,4.446428571428571,5,5
0,2893,657,38,3.315068493150685,78,210
0,157,32,2,3.84375,0,7
0,909,205,11,3.351219512195122,42,73
0,2496,512,28,3.78515625,44,107
0,702,128,4,4.375,8,19
0,2904,704,20,2.9630681818181817,63,327
0,202,42,4,3.7142857142857135,3,11
0,87,17,1,4.0,0,4
0,959,216,20,3.333333333333333,48,49
0,607,109,9,4.458715596330276,13,20
0,1808,381,18,3.6167979002624673,83,104
0,739,144,5,4.055555555555555,0,17
0,1217,311,3,2.8263665594855305,66,130
0,2862,491,24,4.741344195519348,21,84
0,885,187,30,3.598930481283422,37,52
0,465,81,7,4.641975308641976,0,12
0,422,77,4,4.376623376623376,0,13
0,1984,387,10,3.984496124031008,21,67
0,979,182,10,4.2967032967032965,0,13
0,1024,209,16,3.746411483253589,14,48
0,2078,479,30,3.2463465553235906,53,128
0,788,160,8,3.8125,14,28
0,3030,638,39,3.675548589341693,143,196
0,1969,413,38,3.692493946731235,0,80
0,988,203,17,3.783251231527093,0,44
0,445,91,9,3.802197802197802,4,17
0,3505,782,35,3.391304347826087,121,225
0,6197,1341,94,3.504847129008203,166,558
0,884,180,6,3.811111111111111,14,36
0,1620,359,14,3.426183844011142,49,117
0,2497,489,17,4.020449897750511,76,127
0,633,170,11,2.617647058823529,14,97
0,1822,374,15,3.788770053475936,24,94
0,201,41,1,3.804878048780488,0,5
0,2799,583,36,3.727272727272727,24,116
0,1985,414,21,3.70048309178744,48,82
0,219,44,6,3.8181818181818175,0,8
0,2305,476,30,3.7521008403361344,46,88
0,612,119,6,4.0588235294117645,2,16
0,829,167,5,3.868263473053892,15,40
0,2616,594,26,3.31986531986532,78,206
0,6415,1174,55,4.437819420783645,25,135
0,502,121,9,3.074380165289256,15,52
0,134,23,0,4.695652173913044,0,2
0,6850,1385,58,3.8498194945848376,154,383
0,2153,444,25,3.759009009009009,59,105
0,1129,228,10,3.842105263157895,15,47
0,951,204,18,3.588235294117647,4,49
0,882,181,9,3.767955801104972,11,50
0,902,225,7,2.9244444444444446,25,84
0,2502,492,24,3.981707317073171,29,94
0,3755,849,52,3.319199057714959,86,203
0,3831,920,38,3.0728260869565216,90,344
0,726,157,10,3.5286624203821657,26,34
0,1254,241,8,4.128630705394191,0,25
0,1128,257,18,3.2568093385214008,38,73
0,3919,951,27,3.0220820189274447,177,302
0,866,180,20,3.6944444444444446,45,46
0,3320,616,37,4.290584415584416,61,147
0,924,180,12,4.011111111111111,27,40
0,341,59,10,4.627118644067797,16,13
0,1441,336,24,3.181547619047619,26,116
0,638,149,20,3.208053691275168,28,46
0,646,193,16,2.243523316062176,39,93
0,8406,1974,137,3.149949341438703,264,626
0,1328,332,9,2.921686746987952,40,121
0,2240,509,16,3.243614931237721,114,197
0,190,37,2,4.0,0,5
0,751,143,7,4.167832167832168,1,17
0,2258,534,23,3.0692883895131087,113,240
0,2028,478,20,3.1108786610878663,135,183
0,5157,1189,96,3.263246425567704,293,352
0,1010,219,13,3.5342465753424657,17,68
0,4395,994,58,3.341046277665996,90,307
0,2994,644,28,3.532608695652174,67,174
0,1885,379,20,3.881266490765172,15,50
0,1090,263,11,3.068441064638783,24,94
0,296,62,4,3.725806451612903,0,14
0,623,115,8,4.3130434782608695,5,14
0,119,26,6,3.576923076923077,0,11
0,4970,920,46,4.306521739130435,40,165
0,637,129,15,3.775193798449613,16,36
0,1820,350,25,4.145714285714286,33,53
0,361,72,5,3.9444444444444446,1,11
0,483,91,7,4.208791208791209,10,19
0,1680,451,28,2.596452328159645,63,227
0,5303,867,31,5.023068050749711,13,128
0,800,138,3,4.521739130434782,4,12
0,944,227,17,3.066079295154185,26,91
0,2387,489,27,3.795501022494888,92,140
0,1262,276,5,3.4782608695652173,50,110
0,1215,291,15,3.0721649484536084,66,141
0,3630,787,32,3.523506988564168,119,174
0,722,128,6,4.515625,12,16
0,2167,416,11,4.122596153846154,27,70
0,745,160,6,3.48125,12,47
0,1058,215,8,3.827906976744186,12,43
0,1027,220,8,3.5863636363636364,14,47
0,1997,397,16,3.947103274559194,42,57
0,1280,275,15,3.541818181818182,22,42
0,1960,518,10,2.7084942084942085,84,240
0,2099,516,76,3.0,39,213
0,2074,427,17,3.7447306791569086,36,76
0,1982,462,21,3.1904761904761907,76,136
0,1180,237,14,3.881856540084388,14,41
0,2033,475,18,3.210526315789474,26,128
0,2909,614,26,3.6612377850162874,36,144
0,2436,533,27,3.4465290806754223,65,181
0,5493,1130,75,3.7513274336283184,174,277
0,2062,437,26,3.615560640732266,54,122
0,127,23,3,4.434782608695652,4,6
0,346,63,5,4.412698412698413,11,10
0,2010,405,22,3.864197530864197,68,78
0,2402,449,22,4.2694877505567925,46,87
0,40,6,0,5.333333333333333,0,2
0,652,119,7,4.38655462184874,0,20
0,370,83,4,3.3132530120481927,24,17
0,1584,385,6,3.0545454545454547,58,162
0,2407,495,18,3.77979797979798,165,126
0,2205,448,15,3.799107142857143,69,107
0,647,128,9,3.96875,52,29
0,701,157,8,3.388535031847134,4,30
0,367,78,5,3.628205128205128,0,14
0,7994,1378,49,4.723512336719884,50,166
0,572,107,11,4.214953271028038,18,25
0,3516,730,17,3.724657534246576,86,200
0,237,45,1,4.155555555555556,7,8
0,5658,1338,23,3.157698056801196,45,471
0,1525,299,18,4.010033444816053,17,53
0,2054,507,9,2.9822485207100597,53,228
0,2529,531,25,3.6290018832391713,39,139
0,503,99,7,4.02020202020202,7,11
0,3819,771,25,3.833981841763943,91,148
0,739,149,11,3.879194630872483,2,26
0,704,142,5,3.880281690140845,4,14
0,1806,484,23,2.650826446280992,77,238
0,932,193,7,3.66839378238342,31,52
0,2264,506,43,3.367588932806324,41,121
0,429,75,3,4.626666666666667,5,7
0,2518,581,20,3.2547332185886404,65,150
0,3315,622,70,4.2491961414791,116,124
0,1219,281,15,3.185053380782918,24,114
0,1141,246,10,3.5284552845528454,12,48
0,547,113,8,3.752212389380531,0,24
0,402,82,7,3.817073170731707,5,12
0,1030,216,13,3.6527777777777777,27,47
0,720,143,8,3.937062937062937,0,20
0,200,42,5,3.642857142857143,3,11
0,1173,236,12,3.8940677966101696,19,23
0,2881,664,24,3.2545180722891565,65,190
0,840,179,12,3.603351955307263,4,38
0,551,104,7,4.1923076923076925,0,10
0,233,44,4,4.181818181818182,0,12
0,274,55,4,3.890909090909091,1,8
0,1036,255,11,2.976470588235294,31,108
0,1079,265,11,3.0075471698113208,39,88
0,623,112,4,4.464285714285714,3,14
0,5656,1129,40,3.934455270150576,19,139
0,1542,280,10,4.432142857142857,17,42
0,2491,597,22,3.09715242881072,105,246
0,349,61,4,4.639344262295082,10,9
0,11322,2190,70,4.087671232876712,177,346
0,5316,1343,81,2.824274013402829,238,617
0,5547,1184,73,3.5785472972972974,191,319
0,1045,210,8,3.876190476190476,32,61
0,713,141,9,3.964539007092199,3,21
0,1750,488,12,2.4959016393442623,89,233
0,1167,232,6,3.939655172413793,17,43
0,368,93,5,2.881720430107527,25,47
0,414,78,6,4.217948717948718,26,20
0,938,232,10,2.8706896551724137,20,96
0,308,60,2,4.033333333333333,5,9
0,1463,319,6,3.4827586206896552,62,124
0,418,97,5,3.2268041237113403,61,30
0,2482,577,21,3.2027729636048528,85,169
0,1681,310,16,4.325806451612904,34,69
0,513,119,27,3.201680672268908,45,40
0,3592,833,43,3.2124849939975992,72,223
0,1958,440,24,3.35,90,154
0,1045,215,7,3.7581395348837208,21,62
0,2947,641,30,3.450858034321373,56,207
0,1721,350,81,3.822857142857143,0,100
0,148,29,6,3.8620689655172415,0,10
0,425,89,6,3.629213483146068,19,22
0,4637,908,43,4.026431718061674,24,153
0,840,163,12,4.07361963190184,4,21
0,10101,1900,77,4.237368421052632,86,329
0,753,173,4,3.2658959537572256,24,75
0,380,70,6,4.371428571428571,0,14
0,2238,503,11,3.373757455268389,27,146
0,1357,306,2,3.323529411764706,60,128
0,2786,509,32,4.381139489194499,41,91
0,3386,776,41,3.26159793814433,74,258
0,683,126,10,4.261904761904762,35,28
0,638,125,10,3.992,0,34
0,634,132,9,3.696969696969697,30,26
0,1791,351,17,4.022792022792022,13,76
0,575,125,15,3.488,10,46
0,1117,264,23,3.1515151515151514,62,62
0,935,206,6,3.436893203883495,14,41
0,926,206,4,3.41747572815534,12,55
0,2443,405,13,4.948148148148148,0,49
0,1551,297,11,4.131313131313132,3,51
0,1201,292,10,3.0034246575342465,67,107
0,115,26,2,3.3076923076923075,0,11
0,1841,322,15,4.618012422360248,16,43
0,548,119,9,3.495798319327731,16,32
0,549,114,1,3.728070175438596,15,38
0,2635,528,24,3.893939393939394,18,67
0,1011,252,6,2.9087301587301586,48,93
0,296,59,3,3.847457627118644,29,14
0,3071,552,30,4.481884057971015,48,78
0,2553,526,18,3.769961977186312,183,132
0,2244,398,30,4.4874371859296485,14,79
0,201,40,3,3.925,0,7
0,2313,515,65,3.413592233009709,41,194
0,329,67,4,3.82089552238806,2,12
0,358,67,4,4.253731343283582,6,12
0,431,87,3,3.873563218390805,0,11
0,4262,916,63,3.561135371179039,138,263
0,1511,291,16,4.109965635738831,10,49
0,1670,335,24,3.856716417910448,55,48
0,1194,218,8,4.39908256880734,21,37
0,3100,634,36,3.782334384858044,49,151
0,413,89,7,3.539325842696629,15,18
0,739,148,10,3.8716216216216215,54,32
0,3392,776,31,3.2847938144329896,71,266
0,1992,445,16,3.3887640449438203,55,71
0,1191,209,5,4.6028708133971294,37,30
0,1653,294,15,4.517006802721088,7,33
0,1054,259,21,2.969111969111969,68,117
0,2953,541,19,4.382624768946395,0,37
0,172,33,2,4.151515151515151,0,5
0,630,114,6,4.4298245614035086,0,14
0,413,123,0,2.2845528455284554,24,68
0,311,62,5,3.9193548387096775,3,11
0,826,180,22,3.466666666666667,14,45
0,342,76,2,3.3552631578947367,15,22
0,421,85,7,3.847058823529412,19,19
0,1112,217,13,4.046082949308755,19,35
0,2324,422,11,4.402843601895735,23,85
0,2256,462,14,3.805194805194805,116,122
0,1103,226,11,3.765486725663717,17,48
0,703,147,8,3.7210884353741496,1,21
0,742,156,20,3.698717948717949,42,53
0,4892,912,33,4.258771929824562,124,200
0,1470,292,17,3.952054794520548,24,51
0,1159,222,12,4.135135135135135,5,25
0,2329,528,32,3.304924242424242,112,182
0,1958,404,22,3.75990099009901,37,84
0,341,76,5,3.3421052631578947,12,20
0,413,73,0,4.5479452054794525,4,8
0,1139,289,18,2.868512110726644,39,112
0,111,20,2,4.5,3,7
0,947,237,11,2.9029535864978904,39,85
0,605,134,4,3.417910447761194,12,25
0,3373,644,30,4.119565217391305,48,150
0,2295,604,58,2.670529801324504,166,253
0,591,109,7,4.302752293577981,14,28
0,462,110,9,3.1,36,32
0,2109,491,38,3.2260692464358454,47,141
0,8468,1521,122,4.472057856673241,42,231
0,733,180,4,2.9944444444444445,29,79
0,2545,567,13,3.3544973544973544,318,172
0,1192,289,4,3.055363321799308,29,104
0,2704,565,11,3.693805309734514,48,137
0,1459,291,12,3.893470790378007,26,62
0,867,150,3,4.653333333333333,3,13
0,333,67,5,3.8656716417910446,7,15
0,4806,869,34,4.44994246260069,48,104
0,1820,377,13,3.73474801061008,22,51
0,1596,324,30,3.7777777777777777,52,92
0,1203,238,9,3.953781512605042,40,44
0,883,226,12,2.8053097345132745,62,101
0,377,115,3,2.208695652173913,24,69
0,240,53,1,3.358490566037736,12,16
0,662,114,9,4.675438596491228,10,16
0,738,138,6,4.27536231884058,0,14
0,1342,285,10,3.635087719298246,16,36
0,3793,765,25,3.8797385620915033,59,142
0,6152,1170,51,4.182051282051282,92,155
0,1085,267,21,2.966292134831461,86,108
0,812,200,9,2.97,28,85
0,2723,640,57,3.178125,157,230
0,239,52,21,3.519230769230769,0,22
0,1999,440,40,3.45,79,101
0,2138,444,19,3.704954954954955,71,65
0,1308,289,15,3.4463667820069204,30,87
0,530,134,9,2.8358208955223883,30,60
0,156,28,3,4.464285714285714,0,7
0,2134,584,32,2.51027397260274,53,340
0,2451,565,13,3.2371681415929205,67,170
0,525,87,4,4.931034482758621,0,8
0,738,165,9,3.4,8,40
0,2279,546,19,3.086080586080586,72,204
0,1496,363,19,3.024793388429752,71,114
0,617,138,5,3.3840579710144927,14,52
0,516,110,9,3.5636363636363635,30,29
0,3044,533,25,4.632270168855535,8,61
0,366,86,8,3.13953488372093,14,27
0,1964,397,33,3.8438287153652393,49,91
0,4558,1057,37,3.221381267738884,185,298
0,1055,233,7,3.437768240343348,24,80
0,1292,320,11,2.9625,47,110
0,477,88,3,4.284090909090909,8,13
0,302,67,2,3.373134328358209,12,20
0,329,61,5,4.295081967213115,0,8
0,565,125,14,3.4,57,34
0,816,162,12,3.919753086419753,38,34
0,686,118,3,4.728813559322034,0,19
0,1093,234,8,3.572649572649573,21,45
0,1042,214,21,3.7429906542056073,30,44
0,1738,411,24,3.1338199513382,66,141
0,3758,789,25,3.703422053231939,63,209
0,728,143,9,3.986013986013986,35,29
0,3153,629,25,3.926868044515104,10,123
0,767,170,13,3.4058823529411764,15,43
0,499,100,3,3.82,53,4
0,1637,320,20,4.01875,10,35
0,5186,932,40,4.48068669527897,16,97
0,708,142,7,3.915492957746479,13,14
0,1570,369,14,3.1707317073170733,49,99
0,2362,586,28,2.9505119453924915,107,246
0,949,208,16,3.4663461538461537,23,58
0,2058,582,28,2.453608247422681,192,292
0,3852,853,27,3.4384525205158263,126,225
0,389,94,7,3.0106382978723403,20,30
0,1449,328,18,3.3140243902439024,55,80
0,597,110,4,4.3090909090909095,0,13
0,431,80,4,4.3125,0,6
0,737,148,10,3.8716216216216215,54,32
0,1659,357,21,3.5518207282913163,64,62
0,415,78,6,4.230769230769231,25,19
0,820,136,6,4.897058823529412,10,18
0,3605,862,28,3.1032482598607887,91,281
0,687,125,8,4.416,5,15
0,2610,523,38,3.881453154875717,72,109
0,553,98,3,4.510204081632653,0,11
0,2274,475,23,3.667368421052632,38,92
0,844,156,12,4.301282051282051,3,24
0,176,37,4,3.6216216216216215,0,11
0,2380,484,37,3.826446280991736,52,135
0,470,135,1,2.4074074074074074,24,72
0,1257,265,10,3.667924528301887,68,62
0,2442,467,17,4.15203426124197,2,63
0,1565,318,19,3.845911949685535,63,92
0,266,55,2,3.763636363636364,0,3
0,1480,336,43,3.3125,34,97
0,698,133,6,4.2105263157894735,0,14
0,894,183,7,3.775956284153005,12,24
0,589,122,5,3.7459016393442623,21,12
0,967,212,11,3.452830188679245,31,42
0,841,168,3,3.892857142857143,9,49
0,283,59,6,3.7288135593220337,20,14
0,2492,459,21,4.344226579520697,13,48
0,1285,226,12,4.597345132743363,5,31
0,2153,449,22,3.719376391982183,25,75
0,3166,756,36,3.1044973544973544,94,223
0,2409,494,18,3.7935222672064777,165,126
0,484,96,4,3.9375,5,15
0,446,107,7,3.0841121495327104,49,39
0,2774,635,24,3.292913385826772,60,197
0,1015,201,7,3.9402985074626864,18,32
0,437,96,6,3.489583333333333,16,20
0,596,167,16,2.467065868263473,35,83
0,2119,491,38,3.2260692464358454,47,141
0,1108,192,8,4.645833333333333,23,17
0,548,96,5,4.583333333333333,0,11
0,1362,311,8,3.289389067524116,36,97
0,5125,1174,20,3.3390119250425894,44,437
0,1258,239,11,4.158995815899582,0,27
0,347,61,4,4.60655737704918,10,10
0,2280,511,19,3.36399217221135,65,149
0,501,106,4,3.6226415094339615,12,24
0,2085,419,20,3.883054892601432,45,109
0,2608,591,35,3.279187817258883,108,157
0,933,212,9,3.339622641509434,41,87
0,311,56,2,4.446428571428571,5,5
0,2043,492,23,3.0345528455284554,78,187
0,2211,457,17,3.761487964989059,110,123
0,534,104,9,4.0673076923076925,5,19
0,1756,408,7,3.247549019607843,39,138
0,417,76,6,4.381578947368421,26,19
0,3608,752,23,3.738031914893617,77,209
0,311,66,4,3.606060606060606,2,6
0,352,60,3,4.7,0,9
0,1675,447,7,2.6666666666666665,79,226
0,798,164,12,3.792682926829268,3,19
0,1894,354,24,4.257062146892656,46,78
0,2826,629,26,3.3910969793322736,62,216
0,1209,252,14,3.662698412698413,92,65
0,5953,1312,35,3.453506097560976,148,348
0,190,38,2,3.947368421052632,0,10
0,1204,220,5,4.386363636363637,7,34
0,298,61,2,3.7540983606557377,12,18
0,2391,528,35,3.395833333333333,87,189
0,1139,206,8,4.446601941747573,0,29
0,674,127,6,4.2204724409448815,27,17
0,431,98,7,3.316326530612245,5,13
0,205,43,2,3.674418604651162,0,6
0,1746,376,18,3.574468085106383,2,63
0,478,136,4,2.397058823529412,36,77
0,2531,462,28,4.3896103896103895,22,71
0,421,88,6,3.6931818181818175,22,13
0,4142,858,51,3.748251748251748,67,227
0,1375,303,11,3.438943894389439,42,91
0,5724,1145,77,3.91528384279476,37,247
0,368,70,6,4.2,0,14
0,92,18,1,4.0,0,4
0,2820,701,16,2.94151212553495,134,289
0,1349,299,8,3.3812709030100336,52,76
0,521,114,6,3.456140350877193,12,26
0,2517,566,41,3.363957597173145,68,205
0,734,129,7,4.573643410852713,4,14
0,1461,301,20,3.7475083056478407,112,88
0,1654,376,11,3.3085106382978724,37,131
0,2366,487,32,3.763860369609856,27,107
0,647,158,10,2.9746835443037973,23,50
0,1516,367,14,3.021798365122616,58,159
0,459,87,4,4.195402298850575,6,13
0,3764,972,136,2.740740740740741,55,466
0,193,39,2,3.8461538461538463,2,6
0,2529,532,30,3.656015037593985,39,85
0,1215,335,9,2.5253731343283583,78,166
0,1986,451,20,3.305986696230599,52,121
0,459,79,3,4.620253164556962,0,10
0,113,20,1,4.55,0,3
0,988,185,9,4.232432432432432,13,30
0,1140,281,19,2.9715302491103204,66,123
0,481,90,5,4.255555555555556,0,8
0,1473,306,13,3.715686274509804,86,44
0,638,142,9,3.380281690140845,30,38
0,453,92,6,3.847826086956522,5,18
0,441,79,4,4.481012658227848,0,10
0,14193,2563,137,4.453374951229028,393,490
0,518,118,10,3.2711864406779663,34,34
0,371,71,2,4.042253521126761,7,13
0,1412,254,8,4.47244094488189,37,39
0,6682,1462,70,3.4746922024623803,97,459
0,382,90,5,3.1333333333333333,17,25
0,1605,330,13,3.7848484848484847,27,102
0,2067,451,20,3.483370288248337,50,132
0,958,152,7,5.223684210526316,0,15
0,649,125,7,4.096,42,24
0,1133,228,13,3.877192982456141,1,29
0,842,163,7,4.079754601226994,0,24
0,2706,549,43,3.839708561020037,43,87
0,355,67,4,4.253731343283582,6,12
0,2229,448,18,3.859375,76,104
0,1640,367,21,3.3760217983651226,51,57
0,1481,277,15,4.23826714801444,22,37
0,743,163,11,3.4539877300613497,22,35
0,437,93,8,3.6666666666666665,5,14
0,336,59,4,4.610169491525424,11,9
0,1886,418,18,3.421052631578948,56,161
0,1537,363,12,3.1432506887052343,59,109
0,1191,255,12,3.5686274509803924,35,41
0,2069,554,9,2.655234657039711,106,254
0,734,159,7,3.49685534591195,12,32
0,193,38,3,3.973684210526316,4,8
0,1357,297,18,3.4545454545454546,41,82
0,5403,1216,87,3.3478618421052637,176,335
0,1451,308,14,3.616883116883117,38,56
0,1055,213,7,3.8497652582159625,42,36
0,432,86,4,3.941860465116279,1,21
0,872,202,8,3.198019801980198,37,63
0,1596,361,13,3.329639889196676,32,113
0,2049,435,18,3.5954022988505745,73,146
0,2208,401,22,4.423940149625935,7,78
0,425,82,7,4.085365853658536,9,19
0,288,56,4,4.053571428571429,0,7
0,491,101,8,3.782178217821782,27,32
0,1141,206,8,4.446601941747573,0,29
0,1696,362,17,3.604972375690608,17,64
0,4337,981,52,3.311926605504587,169,366
0,783,169,9,3.5207100591715976,14,37
0,389,75,5,4.08,12,12
0,234,45,4,4.155555555555556,0,6
0,1719,358,33,3.7150837988826817,46,90
0,1473,311,17,3.665594855305466,12,43
0,819,154,9,4.181818181818182,20,22
0,1464,282,22,4.120567375886525,2,46
0,4986,912,85,4.360745614035087,117,223
0,210,36,1,4.75,5,7
0,734,178,7,3.033707865168539,24,83
0,3922,856,26,3.497663551401869,89,263
0,555,115,9,3.747826086956522,32,37
0,785,144,11,4.430555555555555,11,31
0,4632,945,54,3.803174603174603,27,241
0,755,134,5,4.537313432835821,14,20
0,3887,864,29,3.414351851851852,65,231
0,871,227,19,2.762114537444934,46,97
0,362,68,6,4.205882352941177,10,12
0,2376,393,14,4.956743002544529,26,55
0,432,94,33,3.5319148936170213,10,43
0,2037,511,20,2.780821917808219,48,233
0,1192,281,17,3.099644128113879,54,111
0,956,207,11,3.526570048309179,46,45
0,1024,220,18,3.536363636363636,44,65
0,638,120,6,4.225,4,13
0,2007,324,17,5.1080246913580245,0,38
0,2270,533,26,3.1332082551594747,110,178
0,1849,424,13,3.2806603773584904,104,135
0,1186,253,6,3.644268774703557,24,86
0,1201,284,21,3.1232394366197185,65,113
0,3123,630,44,3.868253968253968,80,134
0,612,131,6,3.5572519083969465,29,34
0,435,94,5,3.5638297872340425,0,7
0,871,178,14,3.758426966292135,51,47
0,1464,261,12,4.524904214559387,2,39
0,1687,360,21,3.591666666666667,54,101
0,636,139,6,3.4964028776978417,45,39
0,957,197,17,3.756345177664975,24,38
0,742,163,18,3.4539877300613497,17,55
0,437,101,6,3.227722772277228,31,24
0,1112,261,3,3.183908045977012,36,104
0,436,99,5,3.282828282828283,14,27
0,421,76,4,4.4605263157894735,0,9
0,1557,353,15,3.322946175637394,58,116
0,4141,1029,62,2.892128279883382,203,454
0,284,69,2,2.869565217391304,12,32
0,707,186,9,2.725806451612903,34,83
0,365,86,7,3.127906976744186,27,25
0,286,60,5,3.683333333333333,20,11
0,256,62,1,3.048387096774193,35,22
0,447,95,6,3.5894736842105264,16,21
0,229,40,2,4.625,5,5
0,1688,369,36,3.4850948509485096,36,128
0,256,47,2,4.382978723404255,2,5
0,2193,429,14,4.0093240093240095,52,102
0,2770,650,36,3.166153846153846,78,189
0,246,49,3,3.918367346938776,3,9
0,1051,251,10,3.1075697211155378,29,99
0,2225,443,29,3.936794582392777,66,108
0,4908,1072,68,3.4906716417910446,130,264
0,339,64,3,4.203125,1,10
0,1260,245,14,4.048979591836734,15,49
0,1000,191,12,4.172774869109948,51,31
0,920,225,17,3.0044444444444443,26,89
0,1754,310,31,4.554838709677419,41,72
0,490,86,5,4.593023255813954,4,8
0,695,185,6,2.6648648648648647,24,88
0,1862,373,21,3.8873994638069695,21,70
0,404,76,6,4.2368421052631575,10,15
0,819,153,8,4.248366013071895,56,30
0,1018,204,8,3.9166666666666665,0,30
0,1974,508,53,2.783464566929134,181,202
0,1091,267,8,3.00749063670412,44,68
0,5111,1154,29,3.3457538994800693,135,366
0,416,75,4,4.453333333333333,27,18
0,1282,285,12,3.421052631578948,22,50
0,982,201,7,3.751243781094528,16,33
0,1316,306,21,3.218954248366013,52,122
0,639,125,6,4.032,2,19
0,1258,255,10,3.835294117647059,13,57
0,9789,1923,90,3.982839313572543,133,364
0,1772,377,11,3.623342175066313,66,99
0,1993,478,19,3.062761506276151,78,190
0,157,32,3,3.78125,0,7
0,1588,328,15,3.731707317073171,39,104
0,416,74,5,4.54054054054054,0,9
0,489,100,7,3.81,7,27
0,3881,797,60,3.776662484316186,110,194
0,1054,204,12,4.098039215686274,3,35
0,1795,381,14,3.643044619422572,14,91
0,223,55,3,2.981818181818182,15,13
0,49,7,1,6.0,0,2
0,729,181,18,2.911602209944751,28,64
0,287,51,2,4.549019607843137,0,4
0,1128,286,13,2.86013986013986,53,128
0,2395,547,40,3.296160877513711,60,181
0,1102,229,7,3.729257641921397,22,19
0,652,134,10,3.805970149253731,2,23
0,1890,398,14,3.635678391959799,45,100
0,330,65,5,3.9846153846153847,0,8
0,661,128,4,4.0703125,7,23
0,1690,375,12,3.4346666666666668,25,97
0,2612,542,2,3.688191881918819,28,199
0,2240,425,26,4.209411764705882,14,72
0,1427,342,16,2.9853801169590644,24,120
0,830,205,15,2.921951219512195,39,74
0,4634,1004,67,3.5229083665338647,154,287
0,1422,316,21,3.348101265822785,84,114
0,157,32,2,3.84375,0,7
0,479,99,8,3.757575757575758,27,31
0,484,116,12,3.0517241379310347,47,51
0,704,126,4,4.5,5,13
0,2642,510,25,4.092156862745098,13,88
0,711,154,6,3.512987012987013,9,42
0,704,141,7,3.858156028368794,14,22
0,843,170,8,3.882352941176471,2,23
0,1150,279,10,2.89247311827957,53,121
0,1950,488,7,2.9241803278688523,53,227
0,1026,302,14,2.304635761589404,52,151
0,2446,456,19,4.25219298245614,39,76
0,3662,902,38,2.944567627494457,110,420
0,1800,421,15,3.1900237529691213,50,142
0,1378,299,19,3.5150501672240804,28,63
0,681,114,9,4.850877192982456,24,21
0,346,73,5,3.6301369863013697,7,13
0,778,182,8,3.17032967032967,42,42
0,421,93,6,3.4516129032258065,16,19
0,1927,438,15,3.328767123287671,44,117
0,804,152,7,4.157894736842105,45,40
0,73,14,1,4.071428571428571,0,4
0,1125,252,19,3.333333333333333,60,65
0,3554,712,26,3.918539325842697,32,113
0,586,130,6,3.4307692307692306,44,39
0,1678,335,16,3.9313432835820894,18,41
0,427,79,3,4.30379746835443,12,10
0,1197,230,9,4.126086956521739,1,21
0,2106,512,14,3.02734375,69,198
0,12148,2128,88,4.6118421052631575,248,401
0,1130,253,10,3.367588932806324,29,98
0,4465,944,51,3.6154661016949152,65,216
0,1390,333,17,3.093093093093093,46,111
0,1592,284,21,4.524647887323944,0,53
0,144,24,2,4.833333333333333,0,4
0,425,81,4,4.172839506172839,0,12
0,386,73,4,4.205479452054795,0,9
0,1043,198,11,4.141414141414141,45,41
0,495,101,8,3.8217821782178216,27,32
0,334,63,3,4.206349206349207,5,9
0,921,231,13,2.865800865800866,38,97
0,714,129,6,4.403100775193798,32,22
0,1002,211,15,3.6445497630331753,34,50
0,493,100,8,3.85,24,32
0,365,74,4,3.864864864864865,5,13
0,1996,479,17,3.008350730688935,48,189
0,816,167,9,3.820359281437126,1,31
0,2596,646,27,2.845201238390093,88,283
0,738,169,8,3.242603550295858,24,46
0,781,156,10,3.923076923076923,19,30
0,8182,1508,70,4.3302387267904505,78,284
0,1138,260,20,3.269230769230769,46,87
0,1102,243,16,3.42798353909465,53,60
0,343,65,2,4.184615384615385,6,14
0,661,152,13,3.236842105263158,9,54
0,1832,389,28,3.593830334190232,67,93
0,606,129,6,3.62015503875969,24,32
0,737,163,6,3.4539877300613497,20,30
0,1438,297,38,3.757575757575758,2,99
0,2698,615,25,3.2504065040650407,103,214
0,939,159,9,4.761006289308176,16,17
0,815,208,9,2.826923076923077,34,87
0,1193,238,12,3.903361344537815,16,45
0,4904,1106,43,3.340867992766727,130,308
0,2203,456,32,3.728070175438596,55,89
0,1891,443,18,3.1738148984198644,61,115
0,946,182,14,4.131868131868132,14,29
0,849,195,17,3.276923076923077,17,69
0,1187,286,6,3.1083916083916083,31,90
0,435,87,8,3.873563218390805,20,24
0,760,166,18,3.4819277108433737,17,55
0,611,179,25,2.346368715083799,30,96
0,1287,249,8,4.088353413654619,11,39
0,618,113,12,4.327433628318584,13,22
0,1452,380,21,2.736842105263158,66,168
0,456,98,7,3.591836734693877,0,18
0,1559,358,16,3.2625698324022347,48,111
0,168,29,2,4.689655172413793,0,4
0,564,122,8,3.5327868852459017,13,14
0,1221,281,11,3.259786476868328,34,88
0,7932,1655,136,3.713595166163142,254,450
0,674,132,6,4.0227272727272725,2,25
0,3426,695,35,3.827338129496403,116,164
0,286,51,4,4.549019607843137,0,8
0,1507,333,12,3.4324324324324325,31,100
0,1825,475,16,2.7578947368421054,104,228
0,1946,418,28,3.583732057416268,33,50
0,1194,251,16,3.661354581673306,32,46
0,1363,270,18,3.9703703703703694,49,65
0,391,80,5,3.7875,0,9
0,198,42,2,3.595238095238096,16,8
0,5263,1112,46,3.6285971223021583,89,173
0,1500,380,11,2.823684210526316,79,157
0,1219,231,12,4.268398268398268,4,34
0,102,20,1,4.05,0,6
0,1814,522,108,2.340996168582376,21,311
0,2777,616,23,3.436688311688312,60,211
0,4859,1098,84,3.3506375227686704,219,291
0,3698,870,26,3.167816091954023,102,251
0,109,19,1,4.684210526315789,0,4
0,1201,263,22,3.456273764258555,28,69
0,5658,1175,64,3.725106382978723,232,301
0,890,160,9,4.4875,4,18
0,460,90,6,4.022222222222222,0,12
0,151,33,6,3.4242424242424243,0,13
0,3213,769,34,3.049414824447334,91,314
0,2378,683,21,2.4055636896046853,132,372
0,2451,593,37,3.0438448566610457,119,216
0,467,98,6,3.683673469387755,16,16
0,495,100,8,3.87,24,32
0,587,139,9,3.1366906474820144,12,29
0,1304,250,12,4.136,18,36
0,87,17,1,3.882352941176471,5,5
0,1207,234,11,4.072649572649572,24,52
0,502,110,9,3.5090909090909093,25,27
0,389,89,5,3.2808988764044944,20,16
0,2437,596,58,3.0251677852348995,69,235
0,1676,400,17,3.12,30,142
0,552,117,7,3.641025641025641,14,32
0,3867,814,53,3.63022113022113,137,253
0,1426,312,10,3.483974358974359,63,80
0,1036,238,12,3.273109243697479,68,58
0,447,93,4,3.731182795698925,20,21
0,218,52,3,3.1153846153846154,3,8
0,816,190,5,3.1789473684210527,24,79
0,5623,1178,63,3.6706281833616297,71,257
0,134,27,1,3.851851851851852,1,6
0,3249,585,29,4.447863247863248,6,98
0,1141,237,22,3.691983122362869,66,56
0,324,66,3,3.8181818181818175,3,10
0,2022,421,28,3.657957244655582,54,123
0,1821,339,11,4.297935103244837,10,35
0,332,75,11,3.32,0,24
0,2255,536,33,3.093283582089552,87,199
0,798,161,7,3.838509316770186,39,30
0,1402,297,11,3.515151515151515,82,102
0,6674,1492,77,3.3806970509383376,45,590
0,984,198,12,3.863636363636364,36,40
0,1465,278,14,4.18705035971223,3,38
0,3300,706,20,3.536827195467422,89,167
0,719,156,12,3.5128205128205128,16,36
0,450,85,4,4.211764705882353,10,13
0,1839,490,18,2.6775510204081634,79,236
0,104,25,2,3.12,10,7
0,430,80,4,4.3125,0,6
0,243,47,3,4.0638297872340425,0,7
0,2465,592,37,3.0236486486486487,111,199
0,1287,237,12,4.341772151898734,10,31
0,1951,398,12,3.751256281407035,272,80
0,9640,1762,66,4.381384790011351,47,194
0,6652,1141,43,4.736196319018405,33,180
0,1035,199,10,4.1206030150753765,0,22
0,898,229,16,2.8253275109170306,46,97
0,1590,328,10,3.7469512195121952,53,82
0,584,115,5,3.973913043478261,0,11
0,369,71,5,4.042253521126761,10,18
0,761,152,13,3.8947368421052633,0,28
0,1197,258,18,3.5387596899224807,23,49
0,280,59,2,3.6610169491525424,10,13
0,6917,1944,52,2.433641975308642,297,1108
0,1609,389,25,3.033419023136247,68,135
0,3571,763,25,3.5871559633027523,59,192
0,427,78,4,4.371794871794871,1,8
0,226,43,2,4.209302325581396,7,7
0,2134,557,28,2.7073608617594256,73,299
0,241,45,1,4.266666666666667,5,7
0,453,82,5,4.439024390243903,0,8
0,630,136,7,3.536764705882353,17,29
0,2684,538,27,3.9144981412639406,19,67
0,1117,223,16,3.901345291479821,15,33
0,1320,263,12,3.9277566539923954,21,57
0,1030,205,10,3.926829268292683,7,30
0,627,133,14,3.609022556390977,30,28
0,720,146,7,3.8493150684931514,0,18
0,499,96,13,4.0625,0,21
0,891,214,11,3.074766355140187,35,88
0,4433,905,45,3.796685082872928,91,237
0,2590,564,27,3.4273049645390072,58,173
0,1492,249,10,4.907630522088353,0,21
0,911,194,11,3.61340206185567,24,36
0,8225,1778,55,3.478065241844769,79,579
0,3118,596,23,4.157718120805369,5,64
0,528,145,2,2.586206896551724,25,71
0,1965,400,18,3.8325,111,108
0,1306,289,15,3.4463667820069204,30,87
0,667,143,10,3.5804195804195804,21,28
0,6353,1313,72,3.757044935262757,60,262
0,133,27,2,3.814814814814815,0,6
0,678,144,12,3.548611111111111,30,32
0,916,198,16,3.5202020202020203,51,47
0,2775,587,36,3.625212947189097,97,136
0,979,181,4,4.298342541436464,14,38
0,3677,731,29,3.952120383036936,77,142
0,1512,330,32,3.478787878787879,32,100
0,3038,807,21,2.6666666666666665,155,344
0,215,50,6,3.24,33,15
0,2177,431,20,3.9744779582366583,83,86
0,1069,217,11,3.806451612903226,12,31
0,1366,277,12,3.84115523465704,13,47
0,745,148,7,3.905405405405405,36,28
0,1272,307,21,3.0716612377850163,42,113
0,1135,275,15,3.0290909090909093,36,101
0,1256,254,14,3.8622047244094486,31,50
0,712,135,6,4.207407407407407,0,13
0,1754,366,15,3.710382513661202,31,66
0,258,51,1,3.901960784313725,16,8
0,2937,699,20,3.125894134477825,76,239
0,446,91,3,3.791208791208791,23,19
0,2500,515,18,3.770873786407767,177,130
0,414,93,4,3.3010752688172045,16,27
0,2295,510,29,3.4058823529411764,65,171
0,1936,367,14,4.193460490463215,12,48
0,2927,593,26,3.8229342327150087,60,102
0,558,95,3,4.789473684210527,12,13
0,1172,271,15,3.236162361623616,24,88
0,4548,894,70,3.98993288590604,145,220
0,233,44,2,4.159090909090909,23,12
0,624,151,8,3.0,27,59
0,1103,217,13,4.046082949308755,19,35
0,1148,245,21,3.5755102040816324,80,69
0,8033,1559,63,4.073123797305965,37,259
0,777,158,16,3.79746835443038,14,38
0,1578,370,12,3.156756756756757,48,113
0,1200,264,16,3.4015151515151514,50,88
0,1126,273,24,3.021978021978022,35,107
0,328,71,5,3.535211267605634,10,19
0,2571,499,24,4.064128256513026,35,79
0,227,41,4,4.414634146341464,0,6
0,10247,1859,88,4.428725121032813,201,332
0,2162,475,24,3.442105263157895,93,166
0,567,132,9,3.1818181818181817,38,42
0,208,41,1,3.951219512195122,0,7
0,231,49,2,3.591836734693877,5,12
0,3901,755,25,4.088741721854305,24,147
0,681,140,12,3.778571428571429,11,23
0,5132,977,50,4.1566018423746165,62,126
0,983,220,13,3.363636363636364,47,60
0,14756,2492,73,4.834269662921348,209,302
0,753,152,10,3.8289473684210527,30,33
0,1868,398,17,3.613065326633166,57,109
0,4290,910,60,3.616483516483517,111,191
0,551,117,9,3.606837606837607,32,23
0,5688,1205,110,3.599170124481328,92,288
0,2954,619,46,3.638126009693053,90,199
0,453,91,9,3.824175824175824,60,15
0,1938,440,23,3.265909090909091,67,126
0,688,148,10,3.560810810810811,26,33
0,1820,360,26,3.9916666666666663,33,59
0,2517,572,53,3.272727272727273,145,188
0,253,55,4,3.418181818181818,6,16
0,3579,629,14,4.618441971383148,72,98
0,2043,546,29,2.6135531135531136,75,308
0,584,160,6,2.56875,24,78
0,645,189,19,2.35978835978836,28,107
0,1169,217,19,4.2949308755760365,0,27
0,1719,357,15,3.7282913165266103,44,64
0,1834,307,14,4.88599348534202,5,35
0,1046,210,7,3.880952380952381,12,32
0,3431,701,34,3.7931526390870185,72,185
0,573,117,7,3.811965811965812,0,18
0,529,110,6,3.690909090909091,12,22
0,655,142,17,3.471830985915493,24,38
0,1562,334,13,3.589820359281437,40,72
0,1122,179,8,5.189944134078212,4,14
0,1327,285,11,3.508771929824561,19,68
0,353,68,6,4.0588235294117645,0,9
0,1047,208,13,3.951923076923077,8,27
0,2248,497,40,3.4185110663983904,45,128
0,4071,980,62,3.01530612244898,191,401
0,1568,376,23,3.0797872340425534,93,139
0,10419,2140,115,3.789252336448598,194,546
0,993,197,9,3.908629441624365,54,56
0,1705,348,23,3.824712643678161,0,65
0,3417,818,53,3.059902200488997,150,264
0,1101,235,9,3.5914893617021275,13,34
0,1104,204,11,4.318627450980392,22,20
0,788,162,6,3.796296296296296,8,20
0,341,76,3,3.4078947368421053,33,21
0,2553,517,24,3.827852998065764,48,84
0,753,160,7,3.65,41,28
0,257,52,3,3.865384615384616,6,6
0,474,104,10,3.4326923076923075,15,22
0,559,96,3,4.739583333333333,12,13
0,2276,440,25,4.070454545454545,30,87
0,1282,267,10,3.7265917602996255,6,43
0,2493,537,23,3.538175046554935,83,170
0,152,26,2,4.730769230769231,0,5
0,3112,791,73,2.848293299620733,264,244
0,1468,456,104,2.085526315789474,21,308
0,2050,419,13,3.8162291169451072,92,113
0,4228,735,32,4.640816326530612,22,82
0,689,139,6,3.841726618705036,41,13
0,655,163,17,2.920245398773006,0,67
0,522,109,7,3.706422018348624,14,10
0,731,140,8,4.142857142857143,1,14
0,148,32,2,3.53125,1,7
0,1717,359,19,3.6657381615598887,51,112
0,293,70,5,3.0285714285714285,15,23
0,2117,433,18,3.808314087759815,129,114
0,457,99,5,3.5353535353535355,7,11
0,3008,493,25,4.993914807302232,45,81
0,3068,669,30,3.502242152466368,26,145
0,2348,551,34,3.1669691470054446,87,176
0,1938,457,20,3.153172866520788,59,127
0,901,215,13,2.9813953488372094,42,88
0,3691,761,58,3.725361366622864,61,184
0,354,73,4,3.767123287671233,0,11
0,112,20,1,4.5,0,5
0,65,10,1,5.5,0,3
0,226,40,1,4.55,0,7
0,974,198,13,3.808080808080808,0,22
0,4097,848,51,3.7358490566037736,113,196
0,3299,713,17,3.537166900420757,75,193
0,185,25,1,6.28,0,2
0,902,221,10,2.972850678733032,38,94
0,739,140,3,4.2,5,17
0,973,179,11,4.324022346368715,7,28
0,2332,528,32,3.304924242424242,112,182
0,1547,358,17,3.2290502793296088,62,111
0,323,76,9,3.1052631578947367,17,16
0,879,188,10,3.622340425531915,3,21
0,732,158,6,3.518987341772152,29,33
0,286,52,5,4.326923076923077,19,13
0,638,119,6,4.26890756302521,21,24
0,4272,907,60,3.611907386990077,111,191
0,2678,725,20,2.601379310344828,143,320
0,738,152,10,3.776315789473684,0,21
0,747,142,8,4.176056338028169,13,20
0,6481,1174,55,4.437819420783645,25,135
0,77,15,3,4.0,0,6
0,2084,422,38,3.845971563981043,61,123
0,4192,918,30,3.479302832244009,87,248
0,802,157,11,4.019108280254777,1,18
0,129,20,2,5.35,0,4
0,1217,258,9,3.627906976744186,31,42
0,47,9,1,4.222222222222222,0,3
0,2241,438,32,3.9954337899543377,22,82
0,778,151,5,4.0198675496688745,2,17
0,915,177,9,4.096045197740113,3,19
0,3347,638,39,4.126959247648903,93,120
0,910,207,15,3.2995169082125604,26,60
0,225,47,2,3.6808510638297873,0,6
0,2768,462,26,4.904761904761905,0,58
0,713,145,4,3.855172413793104,18,19
0,1394,333,13,3.108108108108108,38,94
0,802,156,4,4.019230769230769,24,20
0,556,105,4,4.2,11,18
0,3417,599,21,4.619365609348915,71,83
0,980,182,3,4.274725274725275,60,37
0,2136,433,21,3.838337182448037,35,71
0,652,121,8,4.2727272727272725,2,13
0,251,57,4,3.298245614035088,6,11
0,1009,219,12,3.506849315068493,22,50
0,1535,357,16,3.1904761904761907,39,140
0,2203,431,21,4.013921113689095,43,63
0,234,46,4,3.891304347826087,12,16
0,1170,242,6,3.7520661157024793,12,44
0,622,82,4,6.390243902439025,0,11
0,561,110,8,4.0181818181818185,0,15
0,639,178,5,2.52247191011236,30,79
0,1779,369,16,3.682926829268293,56,99
0,777,174,12,3.327586206896552,34,48
0,673,120,8,4.491666666666666,8,17
0,1163,271,10,3.169741697416974,58,83
0,2679,580,87,3.537931034482759,25,180
0,697,128,4,4.375,8,19
0,357,82,2,3.2439024390243905,32,20
0,584,113,7,4.079646017699115,1,10
0,1398,298,20,3.600671140939597,37,61
0,3137,677,18,3.5480059084194977,45,180
0,1828,415,22,3.3204819277108437,78,162
0,48,9,2,4.222222222222222,0,4
0,1618,338,20,3.686390532544378,14,65
0,698,138,7,3.942028985507247,12,27
0,1185,220,6,4.3090909090909095,14,37
0,1294,255,10,3.9725490196078432,2,38
0,2013,411,18,3.8175182481751824,117,110
0,7532,2169,325,2.359612724757953,59,1291
0,867,182,8,3.6648351648351647,12,26
0,999,257,17,2.77431906614786,56,127
0,790,170,9,3.5058823529411764,43,40
0,657,142,7,3.5211267605633805,13,36
0,822,178,29,3.51123595505618,25,46
0,2539,501,26,3.99001996007984,7,60
0,1271,261,10,3.789272030651341,4,60
0,5655,1338,75,3.12780269058296,193,415
0,672,135,6,3.896296296296296,0,13
0,1098,221,12,3.8461538461538463,46,40
0,1029,224,9,3.4955357142857144,36,42
0,2885,606,17,3.66996699669967,36,115
0,3565,675,25,4.202962962962963,0,92
0,827,157,7,4.1528662420382165,12,28
0,1270,311,11,2.993569131832797,72,103
0,1375,272,12,3.9080882352941178,30,72
0,128,28,0,3.571428571428572,9,5
0,224,39,0,4.615384615384615,0,6
0,2430,488,28,3.891393442622951,47,99
0,1004,188,14,4.22872340425532,48,37
0,1088,200,6,4.34,8,20
0,274,56,1,3.803571428571429,13,12
0,1445,308,14,3.616883116883117,38,56
0,1989,445,12,3.420224719101124,50,123
0,1205,267,19,3.404494382022472,24,68
0,1672,356,10,3.601123595505618,24,78
0,2660,649,11,3.0292758089368257,38,244
0,655,161,9,2.9627329192546585,31,44
0,753,169,8,3.3431952662721893,15,62
0,402,75,4,4.253333333333333,0,10
0,371,75,5,3.8666666666666663,15,11
0,645,130,10,3.830769230769231,41,31
0,1596,335,20,3.665671641791045,13,79
0,553,97,4,4.618556701030927,0,12
0,445,88,13,3.9431818181818175,0,23
0,1919,436,27,3.31651376146789,37,120
0,477,87,7,4.379310344827586,9,15
0,416,84,4,3.880952380952381,0,12
0,988,239,9,3.0418410041841004,52,99
0,994,226,19,3.31858407079646,41,47
0,2247,563,40,2.872113676731794,90,215
0,497,100,8,3.89,26,32
0,1378,301,38,3.495016611295681,26,92
0,95,22,2,3.227272727272727,10,8
0,4505,1025,40,3.308292682926829,96,251
0,2765,443,26,5.158013544018059,15,51
0,177,38,4,3.5789473684210527,0,14
0,1320,258,17,4.003875968992248,44,48
0,1098,252,5,3.257936507936508,31,72
0,144,31,4,3.548387096774193,0,6
0,1913,427,11,3.362997658079625,140,132
0,680,130,7,4.107692307692307,22,21
0,603,169,5,2.497041420118343,29,100
0,1484,377,13,2.819628647214854,57,139
0,157,40,5,2.875,0,16
0,512,98,6,4.13265306122449,18,16
0,900,188,17,3.6595744680851054,14,39
0,1486,362,16,3.016574585635359,36,125
0,1905,328,15,4.713414634146342,42,50
0,2605,501,25,4.087824351297405,33,133
0,73,10,1,6.2,0,2
0,601,114,10,4.12280701754386,23,27
0,287,56,4,4.035714285714286,7,9
0,2175,481,14,3.446985446985447,43,185
0,353,64,3,4.421875,0,7
0,992,176,8,4.556818181818182,22,16
0,1477,339,8,3.297935103244838,38,119
0,1515,329,21,3.498480243161094,44,113
0,3453,594,24,4.723905723905724,10,72
0,754,140,8,4.342857142857143,4,23
0,798,167,7,3.682634730538922,14,30
0,3971,931,50,3.175080558539205,117,339
0,126,26,1,3.730769230769231,0,7
0,724,143,7,3.958041958041958,12,15
0,1781,432,15,3.0439814814814814,66,177
0,2318,420,23,4.435714285714286,49,64
0,7009,1160,32,4.930172413793104,67,153
0,5314,944,38,4.5434322033898304,44,160
0,6004,1060,56,4.570754716981132,77,183
0,530,112,10,3.616071428571429,14,25
0,1453,351,12,3.0626780626780628,79,126
0,390,92,6,3.097826086956522,20,24
0,723,182,7,2.8846153846153846,34,79
0,953,240,3,2.870833333333333,40,99
0,1003,246,9,3.016260162601626,28,95
0,2591,573,39,3.4153577661431065,41,159
0,296,76,6,2.8289473684210527,13,17
0,3095,758,31,2.9934036939313984,118,292
0,567,159,6,2.477987421383648,29,79
0,424,84,5,3.976190476190476,14,14
0,6077,1287,45,3.651126651126651,124,295
0,2542,533,15,3.675422138836773,36,116
0,1049,215,7,3.7581395348837208,21,62
0,1183,247,10,3.708502024291498,22,44
0,458,93,11,3.78494623655914,15,22
0,156,35,3,3.4,0,8
0,416,80,7,4.1,6,12
0,1358,216,29,5.157407407407407,17,46
0,1035,204,11,3.9705882352941178,4,24
0,732,160,14,3.4375,44,44
0,2774,622,17,3.360128617363344,61,256
0,1141,222,22,4.004504504504505,26,44
0,493,135,4,2.577777777777778,24,77
0,348,65,6,4.246153846153846,0,11
0,1504,267,11,4.546816479400749,26,40
0,890,218,5,2.967889908256881,34,76
0,2746,562,32,3.811387900355872,14,75
0,250,50,3,3.96,5,10
0,2360,495,17,3.686868686868687,18,79
0,1772,406,12,3.273399014778325,63,135
0,508,89,5,4.606741573033708,4,8
0,2243,499,61,3.3947895791583167,46,218
0,1070,241,23,3.327800829875519,78,65
0,566,111,8,4.018018018018018,0,13
0,1656,379,38,3.2849604221635884,156,81
0,658,141,9,3.588652482269504,6,19
0,786,164,7,3.719512195121952,28,22
0,626,132,7,3.6666666666666665,18,21
0,546,100,6,4.37,0,13
0,57,7,1,7.0,0,2
0,1389,290,21,3.696551724137931,34,88
0,597,156,3,2.769230769230769,25,73
0,2886,616,35,3.6201298701298703,113,120
0,524,95,5,4.421052631578948,0,10
0,1375,327,9,3.091743119266055,39,120
0,938,193,13,3.761658031088083,9,22
0,705,125,6,4.552,0,15
0,346,63,3,4.428571428571429,19,12
0,5321,960,41,4.510416666666667,83,133
0,10227,2137,117,3.683668694431446,152,633
0,1093,230,18,3.6478260869565218,36,55
0,1011,206,13,3.8300970873786406,0,23
0,1021,207,7,3.8260869565217392,39,29
0,1586,333,17,3.684684684684685,10,50
0,2261,536,17,3.113805970149253,91,194
0,287,45,2,5.266666666666667,0,6
0,2772,597,26,3.515912897822445,98,199
0,512,100,8,4.03,24,32
0,2098,383,11,4.375979112271541,12,50
0,719,143,8,3.909090909090909,22,30
0,741,163,6,3.4539877300613497,20,30
0,1027,234,11,3.2777777777777777,36,52
0,2569,624,21,3.025641025641025,84,220
0,1379,260,10,4.219230769230769,18,21
0,1503,308,20,3.782467532467532,55,49
0,490,117,5,2.948717948717949,26,47
0,2274,543,23,3.0865561694290977,79,168
0,819,219,13,2.6392694063926943,42,95
0,1698,328,17,4.088414634146342,28,40
0,3154,581,21,4.335628227194492,28,45
0,649,174,6,2.660919540229885,24,77
0,824,188,15,3.2606382978723403,57,50
0,1843,366,35,3.956284153005464,48,86
0,466,94,10,3.872340425531915,5,13
0,3683,955,67,2.743455497382199,226,398
0,2149,479,13,3.405010438413361,36,142
0,4458,932,56,3.684549356223176,122,230
0,154,35,0,3.3714285714285714,1,8
0,788,170,10,3.541176470588235,14,32
0,1126,233,34,3.686695278969957,118,38
0,904,202,18,3.381188118811881,28,45
0,1858,385,31,3.727272727272727,18,61
0,705,170,13,3.0647058823529414,14,51
0,1236,240,17,4.045833333333333,7,29
0,1948,397,12,3.831234256926952,80,108
0,495,100,8,3.87,24,32
0,1477,290,10,4.003448275862069,40,34
0,2394,432,16,4.462962962962963,42,54
0,922,210,14,3.2857142857142856,69,69
0,838,167,13,3.9520958083832336,14,33
0,2340,549,82,3.1894353369763206,40,257
0,1088,223,9,3.771300448430493,23,28
0,464,100,5,3.55,13,13
0,869,186,5,3.521505376344086,70,32
0,76,12,2,5.333333333333333,0,3
0,710,168,13,3.119047619047619,33,46
0,1150,227,4,3.986784140969163,31,50
0,1732,341,19,3.970674486803519,91,78
0,1087,227,9,3.7048458149779737,22,44
0,1786,420,21,3.185714285714285,102,154
0,1008,192,11,4.166666666666667,25,34
0,1070,212,7,3.943396226415094,60,27
0,410,80,5,4.0375,0,7
0,205,42,5,3.7857142857142856,0,8
0,1731,401,13,3.201995012468828,52,136
0,1916,344,9,4.52906976744186,117,42
0,753,165,9,3.4545454545454546,39,35
0,894,223,7,2.914798206278027,36,95
0,1958,376,14,4.13563829787234,1,37
0,3178,687,41,3.51528384279476,110,135
0,885,177,7,3.864406779661017,67,23
0,309,58,7,4.258620689655173,4,18
0,1028,220,13,3.5863636363636364,35,39
0,802,156,4,4.019230769230769,24,20
0,984,203,11,3.773399014778325,16,21
0,556,111,4,3.855855855855856,22,22
0,359,83,7,3.1927710843373496,17,22
0,35,7,1,4.0,0,3
0,495,100,8,3.87,24,32
0,2484,492,24,3.981707317073171,29,94
0,396,76,6,4.118421052631579,26,19
0,982,236,11,3.0889830508474576,26,87
0,669,145,15,3.489655172413793,43,38
0,4311,956,54,3.405857740585774,88,317
0,1134,227,14,3.9251101321585904,5,29
0,1045,237,2,3.3375527426160336,31,98
0,1504,303,19,3.8943894389438944,44,62
0,2436,521,20,3.5489443378119003,48,188
0,1525,309,20,3.86084142394822,54,66
0,1189,238,12,3.903361344537815,16,45
0,4634,894,52,4.110738255033557,13,121
0,1718,443,24,2.6681715575620766,81,207
0,4480,914,52,3.7822757111597376,107,293
0,1529,355,16,3.2,71,115
0,573,122,12,3.598360655737705,10,29
0,728,224,6,2.174107142857143,48,135
0,601,142,11,3.1549295774647885,0,42
0,1014,210,12,3.7142857142857135,45,41
0,739,188,10,2.8351063829787235,26,86
0,85,15,1,4.533333333333333,0,4
0,316,68,7,3.588235294117647,0,13
0,3617,791,28,3.475347661188369,49,175
0,84,17,2,3.882352941176471,1,5
0,1500,292,25,4.051369863013699,25,65
0,1471,301,15,3.79734219269103,19,50
0,491,106,7,3.5,30,29
0,2103,457,10,3.5185995623632387,38,135
0,811,200,9,2.97,28,85
0,821,160,9,4.05,0,18
0,1089,267,8,2.9700374531835205,51,89
0,10208,2068,87,3.852998065764023,41,433
0,508,96,4,4.239583333333333,0,10
0,2092,466,11,3.366952789699571,152,143
0,2165,523,28,3.040152963671128,86,203
0,3597,722,28,3.907202216066482,32,117
0,879,214,6,3.0233644859813085,32,79
0,818,154,9,4.181818181818182,20,22
0,2027,446,26,3.443946188340808,42,135
0,772,149,4,4.026845637583893,49,37
0,518,114,7,3.412280701754386,9,24
0,1764,358,17,3.826815642458101,23,57
0,386,71,4,4.352112676056338,1,10
0,1173,242,10,3.727272727272727,25,69
0,3256,592,23,4.410472972972973,48,100
0,2000,458,22,3.2641921397379914,76,165
0,588,126,12,3.523809523809524,14,30
0,779,162,12,3.697530864197531,30,39
0,550,105,5,4.133333333333334,4,15
0,1846,451,15,2.984478935698448,116,166
0,224,46,3,3.8260869565217392,0,8
0,450,76,5,4.802631578947368,10,9
0,1432,286,24,3.874125874125874,16,55
0,737,162,6,3.425925925925926,26,47
0,1031,217,14,3.695852534562212,9,49
0,5968,1181,66,3.9627434377646074,41,255
0,1037,212,9,3.816037735849057,0,32
0,1159,229,21,3.978165938864629,15,45
0,397,73,4,4.328767123287672,15,14
0,5459,1445,45,2.6525951557093426,233,728
0,660,176,12,2.664772727272727,30,83
0,932,214,6,3.2570093457943927,29,61
0,487,95,9,4.010526315789473,15,21
0,2521,592,8,3.195945945945946,33,211
0,977,244,13,2.9344262295081966,29,99
0,211,51,3,3.07843137254902,11,15
0,269,52,0,4.057692307692308,18,11
0,787,150,4,4.16,17,15
0,1175,264,19,3.340909090909091,47,62
0,2318,501,17,3.518962075848304,44,102
0,5396,1176,84,3.497448979591837,138,238
0,1055,212,8,3.8773584905660377,22,28
0,492,95,6,4.094736842105263,0,12
0,2170,444,18,3.8063063063063054,135,116
0,187,42,6,3.380952380952381,28,11
0,1945,399,15,3.7944862155388472,26,97
0,191,38,5,3.9210526315789473,2,12
0,415,91,8,3.4725274725274726,1,28
0,2111,593,102,2.4620573355817874,48,305
0,1380,345,21,2.9043478260869566,69,130
0,1488,264,11,4.553030303030303,2,41
0,1476,286,19,4.076923076923077,61,58
0,1869,421,15,3.36104513064133,36,120
0,1382,306,11,3.4019607843137254,36,60
0,333,73,5,3.4794520547945207,10,11
0,1235,237,13,4.105485232067511,40,25
0,780,164,7,3.658536585365854,12,28
0,1075,211,7,3.985781990521327,9,40
0,101,20,3,3.9,1,6
0,703,147,8,3.680272108843537,20,38
0,762,151,5,3.9205298013245033,14,30
0,562,124,8,3.419354838709677,12,33
0,670,140,5,3.7,0,25
0,4355,877,50,3.877993158494869,90,130
0,253,55,3,3.4909090909090907,0,5
0,1049,211,7,3.895734597156398,33,38
0,967,204,7,3.696078431372549,24,46
0,1505,301,18,3.903654485049834,73,57
0,1314,261,8,3.9348659003831417,16,63
0,1070,217,11,3.829493087557604,12,40
0,4593,1110,85,3.056756756756757,157,392
0,1068,262,11,2.9618320610687023,54,110
0,1451,310,29,3.587096774193548,22,70
0,1444,290,11,3.875862068965517,9,97
0,345,69,4,3.8840579710144927,14,12
0,450,82,5,4.426829268292683,0,8
0,3977,893,43,3.341545352743561,160,347
0,611,116,7,4.155172413793103,0,15
0,504,115,12,3.260869565217391,35,35
0,4843,857,40,4.565927654609101,18,92
0,358,67,3,4.2388059701492535,22,14
0,1749,404,16,3.24009900990099,53,152
0,660,118,6,4.483050847457627,10,17
0,223,38,2,4.815789473684211,0,5
0,95,17,1,4.529411764705882,2,4
0,679,132,6,4.0606060606060606,6,14
0,1453,316,9,3.518987341772152,24,99
0,773,138,3,4.5,36,25
0,1231,300,13,3.02,38,129
0,1187,247,12,3.700404858299595,50,66
0,4356,981,27,3.3598369011213047,112,284
0,3637,689,39,4.179970972423803,70,179
0,1318,272,9,3.75,14,48
0,1609,321,17,3.9283489096573208,54,73
0,1715,427,14,2.8969555035128804,56,188
0,92,21,3,3.2857142857142856,0,4
0,3652,902,38,2.944567627494457,110,420
0,2252,493,24,3.4787018255578093,62,129
0,1754,392,22,3.377551020408163,62,115
0,684,133,11,4.082706766917293,2,15
0,1699,368,12,3.529891304347826,84,122
0,1186,230,17,4.052173913043478,46,54
0,7947,2259,333,2.404603806994245,73,1310
0,87,14,5,5.071428571428571,0,7
0,1807,374,15,3.788770053475936,24,94
0,1414,331,6,3.202416918429003,31,131
0,102,20,2,4.0,3,7
0,2260,546,68,3.067765567765568,209,182
0,1965,424,30,3.537735849056604,30,122
0,1840,386,16,3.655440414507772,58,113
0,716,170,15,3.094117647058824,33,48
0,1411,244,12,4.69672131147541,0,27
0,1287,307,15,3.1009771986970684,80,121
0,4175,973,25,3.1387461459403907,109,331
0,921,229,10,2.943231441048035,26,84
0,1430,360,17,2.875,40,168
0,193,42,2,3.4761904761904763,14,8
0,453,101,5,3.3465346534653464,20,25
0,800,204,6,2.833333333333333,24,79
0,6939,1395,62,3.888888888888889,109,280
0,1058,264,10,2.909090909090909,37,118
0,980,244,13,2.9344262295081966,29,99
0,557,111,5,3.927927927927928,0,15
0,1554,365,15,3.1780821917808217,42,108
0,5009,1017,52,3.837758112094395,179,212
0,2018,384,23,4.153645833333333,41,76
0,195,41,2,3.5853658536585367,0,14
0,135,27,1,3.851851851851852,1,6
0,1753,363,6,3.721763085399449,36,103
0,1814,365,12,3.863013698630137,21,70
0,481,97,6,3.9072164948453607,2,13
0,1155,236,12,3.8008474576271194,26,39
0,1952,495,30,2.8565656565656568,98,216
0,786,213,3,2.619718309859155,38,82
0,1228,289,11,3.1730103806228374,26,121
0,1559,372,19,3.1048387096774195,58,118
0,1914,472,27,2.961864406779661,46,184
0,556,146,9,2.6301369863013697,43,61
0,300,83,5,2.5542168674698797,16,50
0,138,25,2,4.48,0,5
0,363,73,4,3.8767123287671232,0,8
0,517,98,6,4.142857142857143,2,14
0,1167,295,17,2.857627118644068,38,108
0,1101,258,11,3.1589147286821704,36,98
0,416,86,8,3.744186046511628,0,15
0,3042,756,64,2.939153439153439,147,285
0,599,115,5,4.113043478260869,0,9
0,621,135,4,3.4962962962962965,20,28
0,1576,358,13,3.304469273743017,53,120
0,1721,390,10,3.315384615384616,81,151
0,721,149,6,3.724832214765101,14,36
0,2393,534,25,3.4138576779026217,6,105
0,718,143,14,3.958041958041958,30,28
0,3113,798,44,2.769423558897243,57,344
0,1605,288,19,4.493055555555555,14,57
0,1056,185,9,4.594594594594595,6,21
0,1883,354,16,4.22316384180791,30,52
0,2125,470,20,3.431914893617021,61,141
0,1221,318,14,2.751572327044025,45,123
0,819,213,8,2.751173708920188,58,99
0,3295,591,29,4.463620981387479,6,98
0,904,182,7,3.8626373626373622,12,30
0,1557,364,21,3.1868131868131866,26,107
0,1728,345,13,3.985507246376812,28,59
0,1019,254,5,2.9015748031496065,45,101
0,7075,1424,76,3.889044943820225,66,268
0,2083,345,20,4.942028985507246,34,46
0,1854,377,12,3.843501326259947,68,104
0,1374,378,13,2.5396825396825395,62,164
0,2869,627,61,3.4688995215311005,28,175
0,3843,797,18,3.739021329987453,28,189
0,319,64,5,3.890625,3,11
0,2134,479,13,3.405010438413361,36,142
0,468,93,3,3.956989247311828,0,13
0,656,117,8,4.487179487179487,0,17
0,1979,398,18,3.821608040201005,70,111
0,1330,285,10,3.5789473684210527,14,60
0,1109,273,19,2.9926739926739927,1,114
0,1219,263,20,3.5399239543726235,25,73
0,2250,424,21,4.22877358490566,27,59
0,302,57,2,4.228070175438597,7,15
0,378,59,3,5.11864406779661,8,9
0,264,52,2,4.0,5,6
0,2174,506,10,3.233201581027668,36,182
0,259,51,3,4.019607843137255,17,7
0,967,181,8,4.270718232044199,0,32
0,2289,473,12,3.7526427061310783,24,100
0,199,39,2,4.0,6,7
0,177,35,2,3.971428571428572,0,6
0,2079,383,13,4.331592689295039,18,63
0,3553,658,27,4.325227963525836,55,97
0,306,66,3,3.515151515151515,12,19
0,1215,270,12,3.388888888888889,53,62
0,1151,247,8,3.558704453441296,48,67
0,2423,574,63,3.177700348432056,193,183
0,306,74,2,2.8513513513513518,12,35
0,608,134,4,3.417910447761194,12,25
0,796,152,7,4.118421052631579,0,21
0,3338,661,37,3.944024205748865,93,161
0,769,149,4,4.026845637583893,49,37
0,1689,299,26,4.538461538461538,47,56
0,1598,358,19,3.3715083798882683,40,122
0,1248,237,16,4.156118143459915,36,39
0,2274,478,28,3.6652719665271967,19,70
0,1512,291,14,4.120274914089347,3,32
0,764,155,14,3.806451612903226,56,44
0,1992,407,12,3.8181818181818175,86,110
0,585,125,5,3.552,12,26
0,360,60,3,4.866666666666666,10,13
0,229,42,2,4.333333333333333,0,9
0,1233,231,12,4.268398268398268,4,34
0,208,45,6,3.533333333333333,6,9
0,737,163,6,3.423312883435583,46,36
0,304,70,3,3.185714285714285,12,22
0,1035,226,21,3.4867256637168142,43,57
0,1285,261,13,3.8314176245210727,34,50
0,1974,426,19,3.5539906103286385,35,121
0,1380,345,21,2.9043478260869566,69,130
0,731,118,6,5.008474576271187,0,16
0,505,121,7,3.107438016528925,16,58
0,2845,659,53,3.2261001517450683,63,197
0,389,78,6,3.8846153846153846,27,9
0,3035,633,40,3.7045813586097935,42,160
0,217,42,2,4.071428571428571,0,5
0,643,120,5,4.275,2,14
0,2032,386,20,4.189119170984456,33,60
0,1279,269,17,3.650557620817844,18,56
0,353,73,5,3.73972602739726,7,12
0,764,180,8,3.138888888888889,46,84
0,969,219,13,3.328767123287671,35,48
0,2227,525,17,3.1333333333333333,111,209
0,2325,401,15,4.778054862842893,20,36
0,1157,240,5,3.725,12,43
0,467,98,9,3.663265306122449,30,21
0,2231,444,20,3.934684684684685,50,104
0,550,101,9,4.366336633663367,21,28
0,1677,297,13,4.542087542087542,28,43
0,404,83,4,3.759036144578314,1,14
0,1839,374,32,3.8262032085561497,54,67
0,854,145,6,4.731034482758621,10,21
0,381,82,11,3.524390243902439,1,18
0,240,48,4,3.875,5,11
0,2578,529,22,3.7939508506616257,22,112
0,420,71,4,4.802816901408451,9,9
0,1619,289,19,4.494809688581315,15,30
0,3419,864,73,2.8703703703703702,276,269
0,1140,243,10,3.580246913580247,35,83
0,2007,455,24,3.3230769230769237,91,140
0,520,106,4,3.8773584905660377,2,9
0,3120,771,21,2.9481193255512324,153,259
0,933,192,16,3.7604166666666665,17,34
0,623,122,9,4.049180327868853,23,21
0,4133,928,49,3.3502155172413794,207,203
0,585,101,7,4.663366336633663,10,15
0,162,33,4,3.787878787878788,0,9
0,1150,234,29,3.807692307692308,58,60
0,958,191,13,3.93717277486911,26,43
0,5923,1343,106,3.3313477289650035,334,387
0,1655,369,14,3.4010840108401084,56,110
0,1605,280,19,4.632142857142857,23,34
0,4498,917,52,3.786259541984733,107,293
0,505,105,7,3.723809523809524,2,13
0,478,83,5,4.662650602409639,1,11
0,2594,573,39,3.4153577661431065,41,159
0,696,194,8,2.5051546391752577,48,90
0,5160,1022,36,3.977495107632094,7,116
0,1654,331,17,3.900302114803625,25,61
0,897,179,11,3.9441340782122905,19,25
0,1380,301,10,3.39202657807309,87,105
0,123,29,3,3.1379310344827585,6,9
0,1065,208,10,4.081730769230769,4,22
0,6230,1118,38,4.485688729874776,37,138
0,1644,318,5,4.0251572327044025,152,49
0,360,62,4,4.725806451612903,11,10
0,2871,590,29,3.774576271186441,42,134
0,342,83,6,3.0,12,18
0,469,90,4,4.133333333333334,10,22
0,8593,1482,114,4.703778677462888,125,255
0,1244,230,15,4.326086956521739,0,43
0,1030,202,12,4.01980198019802,0,25
0,668,117,7,4.589743589743589,10,16
0,1127,283,12,2.886925795053004,32,106
0,2025,483,23,3.101449275362319,75,124
0,526,90,4,4.722222222222222,0,10
0,348,81,3,3.1604938271604937,14,26
0,1036,219,10,3.6301369863013697,12,39
0,1760,423,22,3.0307328605200947,103,180
0,5397,1093,74,3.838060384263495,193,246
0,2167,470,16,3.5404255319148934,83,115
0,4488,989,48,3.43680485338726,120,336
0,1379,279,16,3.867383512544803,18,48
0,628,138,6,3.4420289855072466,12,26
0,1031,227,20,3.41409691629956,34,69
0,1650,354,14,3.5847457627118646,28,104
0,2662,506,39,4.156126482213439,50,113
0,2378,449,22,4.2694877505567925,46,87
0,870,182,16,3.67032967032967,62,48
0,1471,336,21,3.267857142857143,78,141
0,355,70,4,3.971428571428572,0,10
0,1234,242,9,3.9917355371900825,12,38
0,1821,400,20,3.4625,26,68
0,4509,931,54,3.7432867883995695,41,195
0,1241,297,18,3.0336700336700337,79,94
0,2228,444,20,3.934684684684685,50,104
0,1057,219,15,3.7442922374429215,22,55
0,2953,686,40,3.193877551020408,98,194
0,793,144,11,4.430555555555555,11,31
0,2626,561,31,3.586452762923351,71,178
0,295,63,4,3.5873015873015874,3,10
0,804,162,6,3.882716049382716,2,25
0,1051,226,10,3.535398230088496,25,41
0,1021,203,14,3.960591133004926,15,32
0,696,138,8,3.9565217391304346,0,12
0,533,87,6,5.022988505747127,0,10
0,1695,299,22,4.588628762541806,25,56
0,2074,458,14,3.421397379912664,174,136
0,452,87,2,4.057471264367816,16,14
0,876,169,6,4.047337278106509,45,32
0,409,95,3,3.1789473684210527,15,26
0,1920,441,16,3.2607709750566896,48,121
0,638,122,6,4.147540983606557,0,14
0,2217,530,24,3.015094339622641,133,189
0,5070,1019,84,3.89892051030422,58,219
0,440,103,3,3.145631067961165,33,31
0,1656,379,25,3.2058047493403694,93,135
0,3729,615,20,4.980487804878049,5,90
0,1765,294,14,4.928571428571429,0,31
0,1748,356,38,3.8286516853932575,59,92
0,352,77,8,3.4285714285714284,12,23
0,3658,840,53,3.220238095238096,158,231
0,235,43,3,4.372093023255814,0,9
0,1152,237,40,3.759493670886076,58,91
0,1178,273,11,3.241758241758242,25,90
0,2570,536,25,3.675373134328358,100,128
0,1256,295,18,3.111864406779661,60,94
0,930,186,10,3.930107526881721,16,20
0,1443,305,16,3.619672131147541,69,73
0,616,137,10,3.394160583941606,9,44
0,151,25,2,4.96,0,4
0,2662,587,44,3.4497444633730834,118,130
0,1289,260,10,3.853846153846154,32,34
0,2590,564,27,3.4273049645390072,58,173
0,4401,809,31,4.360939431396786,27,162
0,1039,217,14,3.695852534562212,9,49
0,4031,904,27,3.3738938053097347,99,264
0,358,77,4,3.5844155844155843,5,13
0,572,130,12,3.292307692307692,16,29
0,975,237,17,3.037974683544304,52,108
0,551,113,9,3.769911504424779,12,30
0,113,24,3,3.583333333333333,4,6
0,2086,386,16,4.331606217616581,26,53
0,1078,240,15,3.4125,39,54
0,285,60,4,3.683333333333333,6,10
0,614,132,9,3.5303030303030303,30,33
0,1259,288,10,3.267361111111111,46,68
0,2134,557,28,2.7073608617594256,73,299
0,767,149,8,4.053691275167785,32,30
0,915,204,16,3.372549019607843,34,56
0,206,45,4,3.4444444444444446,13,9
0,848,205,5,3.048780487804878,29,85
0,858,200,12,3.125,92,72
0,1687,388,18,3.270618556701031,30,134
0,154,30,2,4.033333333333333,0,6
0,607,122,9,3.827868852459016,18,24
0,3373,722,29,3.580332409972299,110,144
0,2139,443,18,3.7381489841986455,74,101
0,3615,865,54,3.0971098265895955,108,300
0,446,97,6,3.453608247422681,16,22
0,3456,761,23,3.441524310118265,90,254
0,3932,813,38,3.760147601476015,80,205
0,980,243,6,2.9176954732510287,58,99
0,6301,1420,43,3.347887323943662,230,412
0,317,63,3,3.920634920634921,5,12
0,535,103,9,4.087378640776699,12,16
0,1054,204,9,4.078431372549019,2,28
0,1320,284,10,3.556338028169014,14,59
0,521,96,5,4.333333333333333,4,9
0,726,176,13,3.039772727272727,20,58
0,4542,836,49,4.350478468899522,34,117
0,1920,396,46,3.724747474747475,74,92
0,379,73,4,4.095890410958904,10,12
0,1247,239,11,4.100418410041841,14,44
0,695,144,6,3.7291666666666665,0,25
0,1753,356,12,3.851123595505618,56,100
0,1115,220,10,4.0,15,23
0,938,177,13,4.214689265536723,8,33
0,1051,234,6,3.3632478632478637,0,18
0,621,171,5,2.555555555555556,34,79
0,2511,517,18,3.7736943907156673,177,130
0,3524,789,32,3.3726235741444865,76,244
0,1895,333,13,4.591591591591592,5,43
0,690,144,8,3.6805555555555554,17,55
0,539,120,9,3.3666666666666667,12,31
0,355,75,6,3.653333333333333,17,13
0,2555,501,16,4.001996007984032,61,115
0,1438,375,36,2.712,56,147
0,1690,344,22,3.819767441860465,39,49
0,1850,442,19,3.070135746606335,109,170
0,773,151,9,4.046357615894039,0,22
0,2845,583,28,3.8010291595197256,108,70
0,1199,274,8,3.2846715328467155,47,97
0,656,173,9,2.6820809248554918,35,82
0,888,175,9,3.954285714285714,24,30
0,968,198,7,3.7525252525252526,56,45
0,3340,747,20,3.3788487282463184,96,240
0,192,41,3,3.5853658536585367,12,6
0,198,37,2,4.243243243243243,0,7
0,1704,338,27,3.9497041420118335,31,97
0,1033,195,32,4.061538461538461,30,44
0,2534,537,33,3.603351955307263,76,113
0,3277,668,39,3.7979041916167664,88,176
0,1397,301,21,3.5614617940199333,26,96
0,327,59,3,4.3559322033898304,2,7
0,4022,893,30,3.406494960806271,61,211
0,274,68,7,2.897058823529412,14,27
0,2490,513,76,3.783625730994152,17,125
0,2450,470,25,4.121276595744681,45,70
0,525,109,15,3.688073394495413,2,23
0,359,63,4,4.619047619047619,10,11
0,1254,249,17,3.9477911646586334,0,47
0,1502,311,22,3.64951768488746,33,105
0,2017,423,37,3.697399527186761,54,83
0,1184,278,20,3.08273381294964,39,116
0,4975,1098,53,3.430783242258652,132,360
0,3431,638,30,4.278996865203761,57,125
0,2139,443,26,3.702031602708804,69,89
0,385,79,7,3.759493670886076,0,14
0,869,187,6,3.550802139037433,17,45
0,97,19,2,4.105263157894737,0,4
0,512,109,7,3.522935779816514,22,29
0,1113,247,5,3.4129554655870447,39,84
0,1577,300,17,4.183333333333334,0,30
0,151,27,1,4.481481481481482,0,3
0,2734,527,29,4.083491461100569,24,79
0,1013,179,10,4.58659217877095,6,30
0,906,179,5,3.9497206703910615,12,27
0,1163,197,8,4.776649746192893,4,24
0,3450,637,38,4.334379905808477,34,102
0,1163,225,8,4.084444444444444,6,16
0,1872,433,18,3.224018475750577,68,129
0,140,26,1,4.269230769230769,5,6
0,2559,490,15,4.095918367346939,34,86
0,1707,319,17,4.25705329153605,39,55
0,2432,529,30,3.493383742911153,161,167
0,1264,259,17,3.764478764478764,50,70
0,2741,572,25,3.713286713286713,9,92
0,1956,397,17,3.788413098236776,83,68
0,2331,380,15,5.05,21,46
0,1559,330,14,3.627272727272728,72,62
0,622,121,4,4.0578512396694215,0,20
0,653,179,1,2.575418994413408,25,92
0,715,195,6,2.5846153846153848,35,95
0,1643,294,15,4.517006802721088,7,33
0,3744,876,44,3.1906392694063928,102,308
0,1908,438,20,3.2739726027397262,89,134
0,690,137,9,4.0,19,18
0,1017,179,12,4.581005586592179,0,24
0,1104,265,16,3.0830188679245283,35,99
0,126,22,1,4.590909090909091,0,3
0,359,78,3,3.448717948717949,17,17
0,2406,525,18,3.5047619047619047,35,102
0,4160,934,33,3.3704496788008567,152,307
0,181,36,1,3.9722222222222223,10,8
0,559,115,5,3.782608695652174,12,18
0,104,20,3,4.15,0,5
0,714,137,11,4.087591240875913,27,32
0,940,206,17,3.451456310679612,15,40
0,9152,1519,51,4.940092165898617,12,200
0,316,64,3,3.84375,0,13
0,585,154,6,2.720779220779221,26,74
0,513,96,4,4.239583333333333,0,10
0,446,93,3,3.7204301075268815,0,15
0,778,161,11,3.7080745341614905,46,43
0,5253,1038,50,3.973025048169557,45,186
0,1612,292,11,4.431506849315069,16,45
0,878,174,7,3.9080459770114944,26,36
0,3283,748,80,3.306149732620321,65,270
0,1776,377,14,3.59946949602122,40,69
0,197,38,2,4.078947368421052,0,4
0,809,180,19,3.388888888888889,24,62
0,3445,620,22,4.546774193548387,47,127
0,293,59,4,3.8813559322033897,0,7
0,1341,290,30,3.5068965517241377,86,75
0,2167,406,19,4.253694581280788,31,29
0,935,211,11,3.341232227488152,22,65
0,496,101,5,3.831683168316832,30,20
0,3660,666,35,4.403903903903904,43,113
0,6878,1595,111,3.232601880877743,270,420
0,1166,314,9,2.621019108280255,48,154
0,1207,268,35,3.3544776119402986,23,85
0,1489,313,15,3.661341853035144,21,77
0,2466,423,20,4.74468085106383,19,60
0,2093,504,37,3.0734126984126986,72,188
0,582,121,10,3.7024793388429753,47,40
0,246,46,2,4.260869565217392,0,6
0,4051,719,33,4.552155771905424,38,116
0,423,84,5,3.952380952380953,3,11
0,1097,276,20,2.898550724637681,18,110
0,2842,590,23,3.745762711864407,32,126
0,1310,327,10,2.948012232415902,39,118
0,786,162,12,3.734567901234568,9,31
0,294,53,3,4.433962264150943,16,11
0,441,94,6,3.542553191489361,14,24
0,5986,1173,57,4.017050298380222,11,232
0,3013,621,35,3.7729468599033815,26,143
0,265,60,3,3.333333333333333,6,13
0,984,198,13,3.863636363636364,35,39
0,2496,602,20,3.0614617940199333,127,191
0,1149,280,12,3.0107142857142857,43,99
0,2519,472,19,4.266949152542373,17,79
0,1118,217,10,4.046082949308755,19,42
0,973,201,11,3.741293532338308,10,58
0,1813,339,20,4.268436578171092,49,65
0,466,101,3,3.495049504950495,15,20
0,3009,594,31,3.961279461279461,95,103
0,2402,534,25,3.417602996254681,32,113
0,1164,274,9,3.145985401459854,56,104
0,2258,458,46,3.816593886462882,89,121
0,6458,1519,88,3.151415404871626,217,480
0,175,32,1,4.40625,0,5
0,3754,752,32,3.912234042553192,77,144
0,5628,1300,74,3.2392307692307694,221,447
0,2598,671,80,2.758569299552906,99,259
0,5164,1056,35,3.815340909090909,48,281
0,1489,282,19,4.163120567375887,68,63
0,4337,1038,40,3.068400770712909,173,392
0,1954,392,17,3.887755102040817,62,54
0,433,106,41,3.018867924528302,9,48
0,1405,409,13,2.342298288508557,85,223
0,4722,877,32,4.291904218928164,104,162
0,504,103,7,3.7572815533980575,17,19
0,927,200,32,3.565,0,58
0,1463,293,22,3.9146757679180886,18,69
0,983,236,16,3.0847457627118646,52,96
0,1449,263,7,4.425855513307985,10,24
0,157,25,1,5.16,0,5
0,893,223,6,2.9417040358744395,25,83
0,5350,1006,55,4.21272365805169,59,267
0,1001,219,12,3.506849315068493,22,50
0,257,54,4,3.6666666666666665,5,10
0,6364,1242,94,4.0297906602254425,124,292
0,1941,436,19,3.346330275229358,38,123
0,242,50,9,3.64,11,18
0,3199,674,21,3.5890207715133533,108,223
0,525,99,3,4.222222222222222,3,23
0,2258,529,15,3.1909262759924384,90,172
0,4494,810,47,4.458024691358025,37,127
0,1048,215,13,3.767441860465116,33,51
0,378,65,5,4.723076923076923,11,10
0,4152,994,75,3.095573440643863,132,338
0,2204,472,27,3.5720338983050848,109,91
0,421,75,5,4.546666666666667,0,14
0,4684,898,44,4.111358574610245,185,205
0,336,66,3,4.045454545454546,10,9
0,1417,315,37,3.3746031746031746,31,84
0,796,153,8,4.111111111111111,13,22
0,1530,339,20,3.380530973451328,36,112
0,535,120,4,3.316666666666667,14,28
0,1008,172,6,4.767441860465116,6,17
0,921,184,15,3.891304347826087,55,45
0,475,107,6,3.3271028037383177,12,28
0,1090,284,7,2.7746478873239435,44,116
0,2977,725,15,3.04,95,310
0,1152,265,11,3.237735849056604,77,73
0,656,132,5,3.909090909090909,1,17
0,3661,676,17,4.298816568047338,106,173
0,2323,551,96,3.1379310344827585,154,172
0,438,80,8,4.375,0,13
0,2579,582,32,3.329896907216495,77,203
0,1500,396,5,2.7146464646464645,84,137
0,349,67,6,4.104477611940299,0,10
0,82,15,1,4.333333333333333,4,4
0,511,109,5,3.559633027522936,16,35
0,517,123,20,3.105691056910569,12,39
0,969,236,6,3.0211864406779663,29,88
0,1066,202,8,4.163366336633663,37,28
0,8628,2192,223,2.8284671532846715,328,1051
0,649,135,6,3.7111111111111112,12,32
0,4645,856,39,4.330607476635514,40,157
0,4266,950,49,3.4010526315789478,124,282
0,674,140,7,3.707142857142857,36,31
0,350,85,11,2.976470588235294,9,25
0,1782,370,16,3.697297297297297,34,64
0,1434,355,12,2.935211267605634,60,126
0,406,81,5,3.91358024691358,0,10
0,1578,367,19,3.209809264305177,40,110
0,2359,504,12,3.60515873015873,39,129
0,2536,472,19,4.266949152542373,17,79
0,189,27,1,5.888888888888889,4,3
0,69,12,1,4.583333333333333,0,3
0,1709,363,26,3.608815426997245,53,88
0,1931,381,24,3.9606299212598426,56,73
0,6489,1359,106,3.65121412803532,202,359
0,723,144,7,3.9444444444444446,3,18
0,1175,267,15,3.2734082397003745,52,54
0,585,127,3,3.52755905511811,12,33
0,468,102,7,3.480392156862745,0,15
0,493,96,4,4.052083333333333,0,13
0,591,108,11,4.37962962962963,0,16
0,585,114,7,4.035087719298246,17,22
0,2218,389,36,4.611825192802057,42,96
0,165,29,1,4.620689655172414,0,2
0,3242,723,75,3.4107883817427385,25,199
0,504,107,16,3.6261682242990654,2,31
0,1181,231,16,4.004329004329004,72,49
0,1639,386,23,3.1658031088082903,24,169
0,1796,323,24,4.476780185758514,7,40
0,139,37,2,2.702702702702702,9,9
0,1692,396,12,3.179292929292929,36,118
0,468,100,7,3.55,12,26
0,2999,524,27,4.643129770992366,6,55
0,4005,869,69,3.4959723820483317,97,219
0,760,140,8,4.342857142857143,4,23
0,7569,1766,87,3.171007927519818,314,737
0,2854,607,20,3.6161449752883033,42,141
0,1547,342,14,3.441520467836257,42,109
0,520,106,6,3.80188679245283,2,14
0,8115,1821,194,3.366282262493136,259,643
0,758,169,14,3.4023668639053253,7,42
0,1338,296,10,3.449324324324324,25,94
0,3131,649,27,3.744221879815101,40,151
0,705,139,7,3.985611510791367,4,25
0,65,9,3,6.222222222222222,0,4
0,2137,430,30,3.881395348837209,50,85
0,376,81,9,3.5185185185185186,20,24
0,1605,381,46,3.115485564304462,24,113
0,2501,567,40,3.2698412698412698,33,175
0,787,179,7,3.3072625698324023,66,56
0,2929,592,16,3.856418918918919,99,166
0,404,84,4,3.702380952380953,26,15
0,2132,400,15,4.25,20,62
0,3744,814,74,3.5036855036855035,90,210
0,1907,479,32,2.845511482254697,105,156
0,1284,361,10,2.46814404432133,69,187
0,336,66,5,3.939393939393939,12,19
0,583,133,3,3.278195488721805,12,35
0,5174,1174,20,3.3390119250425894,44,437
0,58,12,1,3.6666666666666665,1,4
0,2632,654,21,2.9357798165137616,118,256
0,1717,324,14,4.203703703703703,12,46
0,3083,722,24,3.170360110803324,94,225
0,4056,942,27,3.221868365180467,133,321
0,595,130,6,3.476923076923077,9,34
0,490,117,5,2.948717948717949,26,47
0,3314,627,16,4.156299840510367,10,145
0,2254,455,33,3.863736263736264,30,124
0,1534,328,17,3.588414634146341,45,102
0,1454,320,15,3.434375,66,69
0,332,73,6,3.452054794520548,21,13
0,1109,222,17,3.891891891891892,19,38
0,1487,339,8,3.297935103244838,38,119
0,579,115,18,3.921739130434783,0,23
0,1793,396,22,3.441919191919192,34,111
0,797,150,5,4.18,23,22
0,3956,802,26,3.8403990024937658,87,261
0,3969,877,61,3.4321550741163054,133,200
0,1077,259,6,3.073359073359073,50,79
0,4204,969,46,3.236326109391125,109,285
0,762,138,6,4.434782608695652,0,23
0,4315,802,36,4.265586034912718,135,172
0,2651,555,32,3.672072072072072,76,157
0,5001,867,49,4.678200692041522,75,135
0,822,182,13,3.412087912087912,14,34
0,477,136,4,2.397058823529412,36,77
0,560,160,6,2.43125,27,84
0,1868,433,18,3.224018475750577,68,129
0,837,185,8,3.437837837837838,88,36
0,3216,573,13,4.485165794066318,29,142
0,319,61,1,4.131147540983607,10,10
0,361,70,6,4.1,0,14
0,442,93,7,3.645161290322581,6,11
0,3370,742,53,3.4555256064690028,67,190
0,542,115,4,3.608695652173913,10,20
0,2953,644,22,3.4767080745341614,80,184
0,1519,320,12,3.728125,0,49
0,701,133,7,4.18796992481203,0,13
0,888,168,11,4.184523809523809,7,28
0,444,97,3,3.453608247422681,26,21
0,1086,277,5,2.8555956678700363,36,125
0,518,123,20,3.105691056910569,12,39
0,1436,286,12,3.93006993006993,33,57
0,3162,671,24,3.615499254843517,59,150
0,569,109,8,4.110091743119266,2,15
0,497,102,8,3.803921568627451,0,13
0,1282,307,15,3.1009771986970684,80,121
0,164,27,1,4.7407407407407405,0,6
0,1530,294,11,4.163265306122449,3,51
0,10763,3210,71,2.2389408099688475,405,2050
0,1420,345,14,3.023188405797101,96,115
0,389,77,7,3.948051948051948,10,15
0,464,81,4,4.617283950617284,0,13
0,503,122,4,3.0081967213114758,18,36
0,952,189,10,3.9576719576719577,0,25
0,994,221,17,3.420814479638009,44,47
0,3348,562,28,4.859430604982206,14,43
0,1414,319,15,3.3322884012539187,31,70
0,518,112,6,3.5,12,25
0,3758,797,48,3.606022584692597,170,212
0,2713,572,25,3.713286713286713,9,92
0,3231,786,28,3.017811704834606,136,267
0,1803,363,21,3.8484848484848486,13,73
0,255,46,3,4.434782608695652,10,9
0,809,160,20,3.925,26,40
0,1186,269,7,3.323420074349442,32,103
0,1494,281,8,4.213523131672598,35,39
0,2095,391,18,4.271099744245524,8,51
0,2561,482,13,4.219917012448133,31,91
0,338,70,3,3.742857142857143,0,10
0,2378,475,34,3.911578947368421,40,111
0,266,52,4,3.980769230769231,0,9
0,828,163,9,3.957055214723926,36,33
0,2123,376,19,4.5611702127659575,10,53
0,1593,385,6,3.0545454545454547,58,162
0,264,57,2,3.543859649122807,8,11
0,3405,737,45,3.521031207598372,87,172
0,1034,193,7,4.27979274611399,8,27
0,1641,330,24,3.872727272727273,34,71
0,138,25,4,4.52,0,6
0,734,171,9,3.2280701754385963,2,35
0,1686,405,12,3.05679012345679,83,140
0,1161,238,6,3.802521008403361,12,42
0,343,69,2,3.869565217391304,10,13
0,1115,222,10,3.927927927927928,22,38
0,824,163,8,3.987730061349693,1,27
0,1886,375,21,3.9546666666666663,22,37
0,2262,418,16,4.320574162679426,19,101
0,521,89,4,4.775280898876405,0,8
0,800,177,14,3.3954802259887007,46,49
0,305,59,4,4.033898305084746,9,13
0,950,245,41,2.83265306122449,5,121
0,401,77,6,4.12987012987013,1,10
0,2238,381,16,4.79002624671916,5,24
0,2063,383,22,4.297650130548303,23,61
0,1985,426,20,3.5774647887323945,16,67
0,2424,494,21,3.831983805668016,12,62
0,1377,266,18,4.109022556390977,22,42
0,612,115,6,4.234782608695652,9,12
0,1088,219,18,3.863013698630137,33,53
0,3118,723,12,3.2378976486860305,40,243
0,504,106,7,3.641509433962264,36,33
0,2150,510,23,3.1372549019607843,80,137
0,977,217,19,3.3824884792626726,43,70
0,1917,442,21,3.2126696832579187,74,146
0,1605,338,12,3.6568047337278102,30,75
0,3250,586,29,4.436860068259386,6,99
0,767,163,9,3.607361963190184,12,26
0,1348,253,18,4.229249011857707,14,49
0,715,159,14,3.3836477987421385,36,38
0,1161,296,20,2.824324324324324,44,127
0,1035,289,13,2.40484429065744,24,171
0,502,121,9,3.074380165289256,15,52
0,1802,394,28,3.4746192893401013,44,69
0,2189,499,34,3.262525050100201,44,145
0,3747,1138,206,2.1748681898066784,41,725
0,1778,378,28,3.613756613756614,65,83
0,297,65,3,3.3846153846153846,15,19
0,473,114,12,3.008771929824561,9,45
0,4348,818,39,4.2310513447432765,32,136
0,754,151,7,3.9271523178807946,16,22
0,1519,284,13,4.264084507042254,50,30
0,2091,460,11,3.4543478260869565,36,118
0,1215,263,13,3.543726235741445,13,68
0,2378,443,18,4.261851015801354,89,88
0,1526,317,17,3.7350157728706623,6,71
0,790,187,5,3.0962566844919786,26,78
0,978,174,7,4.5,10,19
0,1667,400,10,3.0975,48,171
0,329,79,3,3.088607594936709,12,16
0,387,75,3,4.066666666666666,11,12
0,821,143,9,4.643356643356643,8,17
0,150,26,2,4.615384615384615,0,4
0,832,167,6,3.880239520958084,0,24
0,704,152,9,3.5526315789473686,10,41
0,441,99,5,3.393939393939394,16,18
0,529,118,10,3.406779661016949,11,27
0,1606,398,14,2.9899497487437188,49,171
0,5372,1098,56,3.792349726775957,140,269
0,1013,212,12,3.683962264150944,18,40
0,2474,687,28,2.502183406113537,136,319
0,1151,245,13,3.591836734693877,33,52
0,2088,454,18,3.5286343612334803,25,123
0,502,112,9,3.357142857142857,33,34
0,1197,286,6,3.1083916083916083,31,90
0,5280,1181,57,3.378492802709568,96,259
0,8048,1879,10,3.229377328366152,54,750
0,608,129,9,3.5891472868217056,20,30
0,2932,715,88,3.0125874125874126,80,280
0,789,174,13,3.454022988505747,36,34
0,1877,379,20,3.881266490765172,15,50
0,8843,2569,63,2.32425068119891,359,1555
0,2445,468,28,4.0918803418803416,75,86
0,166,32,2,4.09375,0,6
0,1065,213,16,3.887323943661972,46,46
0,4290,948,38,3.431434599156118,88,264
0,3076,681,64,3.4229074889867843,68,185
0,1210,278,8,3.262589928057554,21,72
0,284,52,3,4.365384615384615,0,6
0,343,66,2,4.106060606060606,0,9
0,5845,1145,57,4.0174672489082965,0,341
0,744,159,8,3.5723270440251573,10,38
0,13027,2391,96,4.377248013383522,10,277
0,280,62,14,3.467741935483871,0,17
0,1582,396,20,2.896464646464646,46,137
0,8786,1559,72,4.547145606157794,154,246
0,219,45,2,3.688888888888889,6,5
0,294,67,7,3.283582089552239,14,25
0,597,119,4,3.941176470588236,3,16
0,1970,443,17,3.3544018058690743,77,123
0,1063,258,13,3.0155038759689923,14,103
0,1477,344,14,3.197674418604651,74,127
0,853,203,5,3.123152709359606,24,73
0,964,198,22,3.7222222222222223,43,46
0,1386,290,19,3.686206896551724,38,54
0,2436,615,23,2.869918699186992,105,275
0,6703,1207,55,4.473902236951118,63,186
0,478,105,4,3.4761904761904763,17,27
0,2275,507,15,3.3767258382643,70,148
0,2517,520,31,3.746153846153846,40,111
0,3750,1006,60,2.5506958250497016,253,525
0,6496,1208,56,4.28476821192053,40,218
0,1393,289,12,3.7439446366782008,19,38
0,2573,644,43,2.87888198757764,102,242
0,1590,325,12,3.815384615384616,6,42
0,547,106,5,4.075471698113208,16,13
0,425,80,4,4.2375,5,8
0,1760,414,21,3.178743961352657,52,166
0,868,200,11,3.22,26,68
0,970,197,16,3.817258883248731,66,50
0,1638,359,23,3.4206128133704734,58,95
0,1435,319,14,3.4106583072100314,51,105
0,926,204,15,3.431372549019608,35,46
0,1505,350,20,3.182857142857143,65,99
0,354,63,4,4.53968253968254,11,11
0,348,72,4,3.6805555555555554,12,19
0,775,141,11,4.397163120567376,7,30
0,739,164,13,3.3780487804878048,34,36
0,513,118,11,3.194915254237288,4,38
0,4249,790,38,4.289873417721519,31,142
0,1038,249,14,3.1004016064257027,34,85
0,1000,232,20,3.181034482758621,54,76
0,4572,910,26,3.9494505494505496,25,129
0,2505,519,30,3.7302504816955686,64,105
0,1612,346,17,3.566473988439306,45,71
0,1221,239,18,4.03765690376569,10,42
0,399,90,4,3.3666666666666667,0,20
0,289,54,4,4.25925925925926,5,7
0,1237,295,10,3.1084745762711865,59,108
0,2322,554,30,3.104693140794224,77,205
0,1370,356,22,2.75561797752809,55,180
0,1148,238,7,3.73109243697479,12,44
0,2340,559,30,3.0500894454382825,81,224
0,624,115,6,4.304347826086956,5,13
0,429,88,4,3.75,1,8
0,1150,209,8,4.358851674641149,24,40
0,634,128,3,3.8125,35,25
0,742,153,3,3.7320261437908497,20,25
0,458,79,3,4.620253164556962,0,10
0,740,188,10,2.8351063829787235,26,86
0,1488,365,27,3.0,61,151
0,741,153,6,3.751633986928105,9,25
0,68,11,1,5.0,0,4
0,1781,317,28,4.533123028391167,8,51
0,1468,301,16,3.787375415282392,12,43
0,1230,300,13,3.02,38,129
0,1643,313,19,4.1501597444089455,31,56
0,534,104,4,4.048076923076923,19,20
0,127,23,2,4.434782608695652,0,5
0,2629,599,34,3.303839732888147,71,199
0,1411,282,17,3.904255319148936,16,37
0,2338,564,32,3.0460992907801416,116,200
0,1696,326,26,4.116564417177914,14,65
0,1442,322,12,3.391304347826087,62,119
0,2595,645,36,2.911627906976744,117,283
0,1318,252,9,4.142857142857143,19,26
0,3094,600,32,4.07,58,104
0,480,96,6,3.8958333333333335,31,20
0,6004,1082,56,4.455637707948244,20,207
0,2530,666,36,2.6831831831831834,172,279
0,477,98,4,3.744897959183673,29,15
0,1750,352,11,3.897727272727273,37,77
0,2046,470,36,3.24468085106383,138,164
0,686,150,10,3.506666666666667,0,22
0,1010,207,6,3.8067632850241546,16,23
0,2328,531,13,3.305084745762712,81,177
0,510,108,6,3.5462962962962963,22,28
0,3880,688,41,4.502906976744186,104,152
0,251,59,2,3.101694915254237,12,18
0,1196,297,9,2.9225589225589226,61,101
0,984,259,37,2.7065637065637067,15,81
0,1345,264,17,4.011363636363637,23,44
0,1378,325,8,3.147692307692308,78,118
0,1743,485,102,2.48659793814433,6,275
0,5523,1302,48,3.1267281105990783,145,487
0,712,136,5,4.205882352941177,0,15
0,697,130,5,4.253846153846154,0,13
0,13138,2327,76,4.567253975075204,160,327
0,3962,778,32,4.017994858611825,39,93
0,1438,295,20,3.7559322033898304,50,57
0,1806,432,13,3.074074074074074,56,168
0,940,188,9,3.893617021276596,13,42
0,388,72,4,4.291666666666667,27,17
0,702,136,5,4.044117647058823,12,23
0,2240,446,19,3.9439461883408073,17,68
0,1117,192,7,4.708333333333333,24,37
0,1890,454,23,3.070484581497797,95,151
0,3297,707,48,3.5332390381895333,110,212
0,260,53,2,3.867924528301887,24,6
0,3150,556,26,4.568345323741007,22,84
0,456,97,8,3.577319587628866,33,22
0,670,131,4,4.038167938931298,12,24
0,1180,237,14,3.881856540084388,14,41
0,1193,305,10,2.829508196721312,64,114
0,1075,215,9,3.888372093023256,18,33
0,1824,359,22,3.986072423398329,83,67
0,455,135,9,2.2962962962962963,10,79
0,906,165,8,4.357575757575757,17,31
0,1013,262,5,2.7709923664122136,36,100
0,385,81,5,3.679012345679012,5,15
0,184,37,2,3.864864864864865,5,7
0,2002,431,18,3.5475638051044083,70,122
0,862,231,13,2.575757575757576,61,102
0,2805,595,81,3.6957983193277313,17,161
0,2833,537,28,4.175046554934824,33,95
0,2279,467,18,3.7858672376873663,47,87
0,1541,273,10,4.56043956043956,0,32
0,545,131,9,3.045801526717557,23,31
0,160,34,1,3.6176470588235294,0,4
0,2628,657,15,2.9117199391171997,240,214
0,1029,180,5,4.638888888888889,0,31
0,9162,1521,51,4.938856015779093,12,201
0,871,169,7,4.14792899408284,2,20
0,1919,439,15,3.284738041002278,37,108
0,1165,224,14,4.017857142857143,32,70
0,1222,279,10,3.3225806451612905,30,85
0,1804,379,20,3.6701846965699207,35,64
0,945,202,12,3.594059405940594,8,32
0,620,126,7,3.8412698412698414,10,23
0,600,125,8,3.72,1,23
0,378,72,8,4.111111111111111,11,17
0,2134,444,19,3.704954954954955,71,65
0,1868,414,41,3.429951690821256,37,93
0,5611,1040,48,4.288461538461538,72,190
0,1306,296,5,3.324324324324324,37,109
0,243,41,2,4.878048780487805,0,5
0,2736,626,27,3.252396166134185,75,237
0,1615,377,20,3.1909814323607426,93,132
0,166,41,1,2.975609756097561,18,11
0,1491,281,17,4.202846975088968,32,38
0,6103,1443,45,3.1586971586971586,64,558
0,559,111,5,3.891891891891892,12,23
0,397,86,6,3.5232558139534884,0,24
0,1091,238,17,3.466386554621849,54,59
0,1959,431,20,3.445475638051044,44,98
0,1125,238,22,3.613445378151261,52,67
0,1137,234,12,3.782051282051282,12,26
0,2207,451,14,3.815964523281597,110,120
0,1343,300,17,3.38,72,107
0,3905,890,29,3.297752808988764,122,324
0,1953,506,25,2.764822134387352,84,206
0,770,178,9,3.224719101123596,21,43
0,769,163,14,3.6319018404907975,16,34
0,217,45,3,3.7111111111111112,17,10
0,615,114,11,4.2631578947368425,24,28
0,131,26,1,3.8846153846153846,0,5
0,297,67,4,3.3582089552238807,0,11
0,232,46,1,3.9565217391304346,8,8
0,1570,400,8,2.845,55,156
0,1558,294,19,4.207482993197279,36,56
0,973,194,7,3.922680412371134,8,18
0,1015,259,19,2.833976833976834,14,107
0,1420,306,17,3.549019607843137,32,86
0,737,190,10,2.8,55,88
0,819,165,12,3.872727272727273,38,28
0,714,146,10,3.8835616438356166,42,43
0,968,236,6,3.0211864406779663,29,88
0,34,5,0,5.8,0,2
0,2970,738,21,2.940379403794038,87,254
0,1406,297,35,3.622895622895623,30,62
0,197,46,13,3.1956521739130435,0,17
0,1522,341,14,3.3870967741935485,26,98
0,586,122,8,3.69672131147541,23,26
0,756,143,9,4.20979020979021,0,21
0,1016,203,11,3.916256157635468,10,36
0,312,70,7,3.3857142857142857,2,11
0,599,130,7,3.507692307692308,14,26
0,2038,428,38,3.6728971962616814,70,103
0,1745,369,22,3.642276422764228,15,46
0,1541,328,15,3.597560975609756,39,97
0,5112,1056,35,3.815340909090909,48,281
0,1740,324,12,4.262345679012346,47,63
0,1421,270,7,4.188888888888889,11,42
0,2581,557,24,3.547576301615799,99,137
0,119,23,2,4.043478260869565,0,5
0,1356,217,10,5.1658986175115205,0,25
0,1366,340,17,2.888235294117647,40,141
0,1579,319,12,3.8620689655172415,14,69
0,980,181,10,4.3259668508287294,0,20
0,4043,846,30,3.7044917257683214,56,178
0,259,63,2,2.952380952380953,12,16
0,5461,1039,48,4.1674687199230025,59,164
0,2163,503,9,3.2306163021868786,15,186
0,1511,375,23,2.869333333333333,87,145
0,3765,901,40,3.0943396226415096,178,315
0,6858,1554,45,3.324324324324324,244,451
0,955,232,10,3.034482758620689,33,88
0,1293,331,13,2.809667673716012,81,145
0,2602,543,5,3.685082872928177,46,190
0,1143,289,12,2.86159169550173,35,108
0,937,180,14,4.111111111111111,8,28
0,1487,342,18,3.195906432748538,37,134
0,400,73,3,4.36986301369863,3,11
0,1740,411,7,3.172749391727494,37,149
0,731,131,5,4.511450381679389,14,12
0,123,21,1,4.714285714285714,5,3
0,1449,352,50,3.059659090909091,37,163
0,1137,284,7,2.922535211267605,50,142
0,3190,733,22,3.281036834924966,223,228
0,82,16,2,4.0,0,4
0,2641,513,26,4.064327485380117,64,94
0,2145,432,35,3.8564814814814814,53,98
0,1604,310,26,4.058064516129032,28,45
0,1107,198,7,4.51010101010101,8,24
0,154,34,3,3.3823529411764706,10,10
0,369,71,4,4.098591549295775,4,9
0,1669,369,30,3.4227642276422765,78,87
0,238,46,1,4.086956521739131,7,8
0,3329,546,18,4.974358974358975,27,98
0,851,178,14,3.7191011235955056,17,43
0,1550,375,13,3.042666666666667,134,123
0,247,44,1,4.5,8,8
0,1423,349,11,2.997134670487106,98,111
0,1432,288,15,3.8645833333333335,23,65
0,1877,421,15,3.36104513064133,36,120
0,2113,447,18,3.628635346756152,48,130
0,1382,378,10,2.563492063492064,59,164
0,711,144,15,3.8333333333333335,40,41
0,8946,1692,125,4.209810874704492,504,368
0,678,144,9,3.6041666666666665,14,30
0,748,173,4,3.2658959537572256,24,75
0,2711,641,38,3.145085803432137,79,207
0,573,123,4,3.5203252032520327,12,27
0,807,144,7,4.520833333333333,16,19
0,1259,324,9,2.799382716049383,59,155
0,1643,313,19,4.1501597444089455,31,56
0,3274,592,29,4.423986486486487,6,100
0,3183,581,33,4.394148020654045,56,96
0,408,74,5,4.391891891891892,0,11
0,877,188,19,3.574468085106383,2,31
0,749,168,5,3.357142857142857,14,24
0,571,143,23,2.895104895104895,43,44
0,815,179,6,3.430167597765363,26,50
0,2830,564,53,3.9273049645390072,22,101
0,843,223,10,2.690582959641256,48,97
0,383,80,5,3.6625,18,18
0,814,156,8,4.096153846153846,17,30
0,728,180,4,2.9944444444444445,29,79
0,10974,1853,69,4.835402050728549,6,220
0,1303,257,10,4.003891050583658,2,37
0,1933,368,20,4.163043478260869,21,73
0,832,168,8,3.869047619047619,7,28
0,619,105,6,4.752380952380952,12,14
0,291,58,4,3.913793103448276,5,9
0,1531,292,16,4.147260273972603,5,61
0,1990,489,11,2.96319018404908,106,149
0,3444,703,36,3.805120910384068,62,155
0,1858,341,17,4.357771260997067,37,52
0,510,110,6,3.5636363636363635,0,17
0,411,82,5,3.9146341463414633,0,10
0,1055,243,7,3.246913580246914,48,99
0,3432,710,37,3.746478873239437,57,154
0,783,193,5,2.968911917098445,29,84
0,6766,1480,79,3.456081081081081,270,514
0,1400,254,6,4.417322834645669,5,28
0,1172,253,18,3.5375494071146245,10,41
0,600,127,4,3.645669291338583,30,27
0,514,105,10,3.7714285714285714,0,14
0,2773,473,25,4.780126849894292,0,72
0,181,44,3,3.022727272727273,9,11
0,582,99,3,4.797979797979798,12,11
0,346,61,4,4.590163934426229,11,9
0,1939,423,31,3.465721040189125,89,99
0,990,219,21,3.415525114155251,26,52
0,1139,231,10,3.826839826839827,40,47
0,554,109,9,3.963302752293578,20,22
0,634,106,4,4.886792452830188,2,8
0,316,64,3,3.84375,6,11
0,688,140,6,3.75,40,24
0,1827,301,14,4.923588039867109,0,38
0,517,105,5,3.857142857142857,0,17
0,1155,196,8,4.76530612244898,4,24
0,1331,299,1,3.3444816053511706,60,125
0,3425,726,43,3.6170798898071626,99,145
0,1398,323,15,3.26625386996904,31,114
0,514,102,5,3.9607843137254894,32,19
0,986,209,13,3.617224880382775,46,52
0,607,128,6,3.640625,12,25
0,343,75,5,3.533333333333333,15,12
0,2351,502,27,3.5816733067729083,61,151
0,3392,776,41,3.26159793814433,74,258
0,482,91,6,4.208791208791209,0,11
0,1094,320,10,2.31875,63,161
0,1834,472,14,2.7754237288135597,125,188
0,636,129,9,3.7829457364341086,26,28
0,3020,786,48,2.7290076335877864,187,327
0,3018,611,28,3.857610474631752,57,122
0,1302,256,16,3.99609375,22,72
0,966,192,9,3.9635416666666665,7,20
0,3481,726,74,3.696969696969697,66,150
0,1405,315,15,3.311111111111111,29,109
0,622,124,8,3.903225806451613,20,25
0,298,59,3,3.9661016949152543,0,9
0,1266,245,14,4.048979591836734,15,49
0,1494,308,20,3.7564935064935066,36,57
0,984,236,11,3.0889830508474576,26,87
0,713,131,6,4.351145038167939,5,13
0,3153,707,44,3.3564356435643563,127,239
0,1470,395,19,2.643037974683544,66,164
0,2388,475,16,3.926315789473685,64,82
0,2578,544,43,3.613970588235294,99,149
0,284,55,6,4.090909090909091,0,16
0,931,163,8,4.638036809815951,2,16
0,1842,355,29,4.101408450704225,33,57
0,763,166,8,3.5240963855421685,5,48
0,1095,228,11,3.657894736842105,33,53
0,4060,960,52,3.10625,208,422
0,274,51,2,4.2745098039215685,0,8
0,556,136,4,2.992647058823529,18,31
0,2457,484,24,3.979338842975207,84,51
0,1119,274,10,2.854014598540146,53,121
0,3695,792,34,3.5896464646464645,110,157
0,1371,267,21,4.02621722846442,5,49
0,1761,402,22,3.266169154228856,46,100
0,2635,616,22,3.2029220779220777,60,199
0,505,92,3,4.380434782608695,8,13
0,720,188,11,2.686170212765957,62,75
0,2090,360,12,4.686111111111111,20,41
0,978,214,22,3.420560747663552,49,54
0,495,100,8,3.87,24,32
0,1942,459,17,3.1416122004357296,115,134
0,1302,263,15,3.8517110266159698,34,42
0,1738,358,11,3.776536312849162,11,73
0,4296,809,50,4.173053152039555,134,207
0,1755,446,45,2.802690582959641,102,167
0,586,114,8,4.043859649122807,10,14
0,653,170,10,2.7294117647058824,26,80
0,480,89,6,4.292134831460674,1,11
0,3993,688,28,4.725290697674419,3,94
0,1949,440,24,3.35,90,154
0,2556,539,24,3.6437847866419295,83,177
0,163,29,2,4.517241379310345,0,5
0,1867,400,15,3.46,45,136
0,1037,240,11,3.220833333333333,40,92
0,1772,320,18,4.446875,6,43
0,432,94,7,3.48936170212766,23,20
0,2048,433,29,3.6351039260969977,82,92
0,728,156,10,3.551282051282051,33,31
0,1679,321,21,4.143302180685359,24,92
0,3059,653,16,3.595712098009189,63,173
0,1932,344,9,4.52906976744186,117,42
0,1525,327,19,3.565749235474006,22,62
0,2762,607,55,3.456342668863262,107,194
0,1214,199,5,5.0,25,30
0,1317,304,10,3.2401315789473686,38,98
0,793,138,6,4.673913043478261,2,15
0,717,163,13,3.282208588957056,17,42
0,1282,262,13,3.7900763358778624,36,49
0,4221,962,33,3.291060291060291,102,267
0,884,187,14,3.6042780748663104,24,42
0,571,133,14,3.1578947368421053,24,37
0,1384,348,16,2.896551724137931,42,108
0,12625,4835,1247,1.5602895553257496,4149,1956
0,1070,225,12,3.6577777777777776,25,50
0,660,138,8,3.717391304347826,23,30
0,745,145,6,4.0137931034482754,12,30
0,77,12,1,5.25,0,3
0,3124,760,92,3.022368421052632,145,287
0,2418,598,26,2.963210702341137,82,219
0,2402,454,30,4.202643171806168,28,85
0,510,119,19,3.117647058823529,33,44
0,720,147,13,3.809523809523809,14,38
0,2639,612,12,3.241830065359477,59,214
0,2426,431,20,4.5429234338747095,7,40
0,1764,389,16,3.4344473007712084,77,115
0,3344,839,32,2.839094159713945,151,344
0,1431,270,21,4.211111111111111,14,58
0,3016,501,13,4.908183632734531,76,136
0,1864,437,13,3.1098398169336385,41,194
0,3457,816,78,3.1311274509803924,82,261
0,1904,425,8,3.407058823529412,52,159
0,454,92,3,3.793478260869565,29,17
0,348,63,3,4.444444444444445,0,11
0,1907,528,13,2.5170454545454546,88,243
0,295,60,1,3.8333333333333335,18,12
0,1619,399,14,2.984962406015037,49,171
0,8172,1635,101,3.88868501529052,87,413
0,751,164,15,3.457317073170732,24,41
0,435,72,4,4.847222222222222,0,10
0,3456,737,61,3.5576662143826323,135,205
0,1905,328,15,4.713414634146342,42,50
0,1160,265,29,3.2830188679245285,38,81
0,1377,287,18,3.731707317073171,15,55
0,3279,741,60,3.3373819163292846,142,204
0,638,149,20,3.208053691275168,28,46
0,3417,588,26,4.732993197278912,0,73
0,850,206,4,3.0485436893203883,24,87
0,1397,310,21,3.412903225806452,49,113
0,1117,207,13,4.328502415458937,9,38
0,1618,426,16,2.723004694835681,51,168
0,2198,435,90,3.95632183908046,0,106
0,983,205,10,3.692682926829269,24,45
0,1169,331,4,2.4531722054380665,74,165
0,1446,347,11,3.077809798270893,74,121
0,6923,1325,59,4.1267924528301885,90,270
0,2114,478,16,3.3284518828451883,55,160
0,8720,1532,98,4.60509138381201,41,212
0,91,20,1,3.55,0,3
0,205,42,4,3.809523809523809,8,10
0,1205,266,13,3.43609022556391,44,67
0,6085,1170,51,4.182051282051282,92,155
0,1205,298,22,2.8624161073825505,87,120
0,1500,382,13,2.837696335078534,70,162
0,1774,367,23,3.743869209809264,15,60
0,1165,282,16,3.021276595744681,38,108
0,445,81,4,4.395061728395062,0,7
0,179,31,2,4.741935483870968,0,3
0,722,141,7,4.028368794326241,0,19
0,938,195,5,3.656410256410256,22,46
0,2804,625,60,3.392,68,177
0,1242,254,13,3.818897637795276,0,41
0,1074,254,10,3.133858267716536,62,101
0,229,53,2,3.2452830188679247,25,17
0,690,120,7,4.641666666666667,0,13
0,627,111,7,4.558558558558558,0,14
0,983,200,13,3.845,55,26
0,1476,286,19,4.076923076923077,61,58
0,536,104,5,4.057692307692308,5,11
0,1729,360,16,3.716666666666667,47,55
0,3309,728,43,3.4711538461538463,50,197
0,2462,590,14,3.105084745762712,85,228
0,2498,511,17,3.772994129158513,51,112
0,1010,250,15,2.952,44,96
0,1563,342,3,3.482456140350877,35,136
0,449,89,4,3.966292134831461,15,17
0,855,222,8,2.7432432432432434,54,99
0,1533,317,16,3.7097791798107256,21,94
0,2678,667,10,2.9505247376311843,49,255
0,1271,221,8,4.660633484162896,20,33
0,1310,340,30,2.752941176470588,52,167
0,530,99,9,4.191919191919192,33,31
0,1516,317,17,3.7350157728706623,6,71
0,111,26,2,3.269230769230769,0,5
0,373,71,5,4.154929577464789,23,19
0,2204,467,33,3.605995717344754,35,112
0,2041,456,16,3.396929824561404,127,152
0,3041,697,39,3.255380200860832,65,226
0,444,87,5,3.954022988505747,47,27
0,377,75,3,3.9066666666666663,10,14
0,615,170,10,2.5176470588235293,30,75
0,2468,575,22,3.194782608695652,68,174
0,236,60,4,2.8666666666666667,26,17
0,2477,580,19,3.177586206896552,132,160
0,2035,488,82,3.081967213114754,99,184
0,543,123,7,3.341463414634146,7,24
0,1906,416,15,3.53125,37,128
0,429,84,6,4.023809523809524,0,11
0,497,103,8,3.699029126213592,22,26
0,553,112,6,3.7767857142857135,24,31
0,583,119,6,3.815126050420168,0,27
0,1654,355,40,3.571830985915493,5,84
0,1566,323,15,3.718266253869969,98,72
0,1373,274,10,3.91970802919708,24,43
0,1295,289,29,3.370242214532872,22,119
0,1513,360,22,3.125,55,107
0,742,206,43,2.533980582524272,35,113
0,195,39,2,3.923076923076923,0,5
0,474,103,4,3.4563106796116503,21,21
0,733,131,2,4.496183206106871,10,18
0,499,101,8,3.861386138613861,27,32
0,1079,255,17,3.0901960784313727,24,103
0,321,64,4,3.921875,2,11
0,104,16,1,5.4375,0,2
0,1336,298,47,3.3993288590604025,116,89
0,1589,335,20,3.665671641791045,13,79
0,487,98,5,3.918367346938776,4,11
0,822,204,14,2.9411764705882355,30,101
0,509,100,8,4.01,26,32
0,2469,506,27,3.768774703557312,83,126
0,1975,505,62,2.841584158415841,176,177
0,1902,374,19,4.01336898395722,9,57
0,2360,635,3,2.6566929133858266,76,317
0,1470,352,16,3.0795454545454546,36,113
0,799,147,8,4.340136054421769,10,17
0,688,157,7,3.229299363057325,31,43
0,1189,297,7,2.919191919191919,70,113
0,1167,244,27,3.647540983606557,56,71
0,2131,515,29,2.992233009708738,98,177
0,1060,276,5,2.713768115942029,63,113
0,2331,444,34,4.144144144144144,44,88
