Model,MAE,RMSE,R2
Random Forest,1123.0098735861618,10472.644100296664,0.9968998880705683
XGBoost,2741.2580095793674,16164.307168520256,0.9926145174892943
