match_id,season,match_date,city,venue,match_type,gender,team_type,team_1,team_2,toss_winner,toss_decision,winner,win_by_runs,win_by_wickets,result,method,eliminator,player_of_match,event_name,event_match_number,event_group,overs,balls_per_over,source_file
1082591,2017,2017-04-05,Hyderabad,"Rajiv Gandhi International Stadium, Uppal",T20,male,club,Sunrisers Hyderabad,Royal Challengers Bangalore,Royal Challengers Bangalore,field,Sunrisers Hyderabad,35,0,,,,Yuvraj Singh,Indian Premier League,1.0,,20,6,1082591.json
1082592,2017,2017-04-06,Pune,Maharashtra Cricket Association Stadium,T20,male,club,Rising Pune Supergiant,Mumbai Indians,Rising Pune Supergiant,field,Rising Pune Supergiant,0,7,,,,SPD Smith,Indian Premier League,2.0,,20,6,1082592.json
1082593,2017,2017-04-07,Rajkot,Saurashtra Cricket Association Stadium,T20,male,club,Gujarat Lions,Kolkata Knight Riders,Kolkata Knight Riders,field,Kolkata Knight Riders,0,10,,,,CA Lynn,Indian Premier League,3.0,,20,6,1082593.json
1082594,2017,2017-04-08,Indore,Holkar Cricket Stadium,T20,male,club,Kings XI Punjab,Rising Pune Supergiant,Kings XI Punjab,field,Kings XI Punjab,0,6,,,,GJ Maxwell,Indian Premier League,4.0,,20,6,1082594.json
1082595,2017,2017-04-08,Bengaluru,M.Chinnaswamy Stadium,T20,male,club,Royal Challengers Bangalore,Delhi Daredevils,Royal Challengers Bangalore,bat,Royal Challengers Bangalore,15,0,,,,KM Jadhav,Indian Premier League,5.0,,20,6,1082595.json
1082596,2017,2017-04-09,Hyderabad,"Rajiv Gandhi International Stadium, Uppal",T20,male,club,Sunrisers Hyderabad,Gujarat Lions,Sunrisers Hyderabad,field,Sunrisers Hyderabad,0,9,,,,Rashid Khan,Indian Premier League,6.0,,20,6,1082596.json
1082597,2017,2017-04-09,Mumbai,Wankhede Stadium,T20,male,club,Mumbai Indians,Kolkata Knight Riders,Mumbai Indians,field,Mumbai Indians,0,4,,,,N Rana,Indian Premier League,7.0,,20,6,1082597.json
1082598,2017,2017-04-10,Indore,Holkar Cricket Stadium,T20,male,club,Kings XI Punjab,Royal Challengers Bangalore,Royal Challengers Bangalore,bat,Kings XI Punjab,0,8,,,,AR Patel,Indian Premier League,8.0,,20,6,1082598.json
1082599,2017,2017-04-11,Pune,Maharashtra Cricket Association Stadium,T20,male,club,Rising Pune Supergiant,Delhi Daredevils,Rising Pune Supergiant,field,Delhi Daredevils,97,0,,,,SV Samson,Indian Premier League,9.0,,20,6,1082599.json
1082600,2017,2017-04-12,Mumbai,Wankhede Stadium,T20,male,club,Mumbai Indians,Sunrisers Hyderabad,Mumbai Indians,field,Mumbai Indians,0,4,,,,JJ Bumrah,Indian Premier League,10.0,,20,6,1082600.json
1082601,2017,2017-04-13,Kolkata,Eden Gardens,T20,male,club,Kolkata Knight Riders,Kings XI Punjab,Kolkata Knight Riders,field,Kolkata Knight Riders,0,8,,,,SP Narine,Indian Premier League,11.0,,20,6,1082601.json
1082602,2017,2017-04-14,Bangalore,M Chinnaswamy Stadium,T20,male,club,Royal Challengers Bangalore,Mumbai Indians,Mumbai Indians,field,Mumbai Indians,0,4,,,,KA Pollard,Indian Premier League,12.0,,20,6,1082602.json
1082603,2017,2017-04-14,Rajkot,Saurashtra Cricket Association Stadium,T20,male,club,Gujarat Lions,Rising Pune Supergiant,Gujarat Lions,field,Gujarat Lions,0,7,,,,AJ Tye,Indian Premier League,13.0,,20,6,1082603.json
1082604,2017,2017-04-15,Kolkata,Eden Gardens,T20,male,club,Kolkata Knight Riders,Sunrisers Hyderabad,Sunrisers Hyderabad,field,Kolkata Knight Riders,17,0,,,,RV Uthappa,Indian Premier League,14.0,,20,6,1082604.json
1082605,2017,2017-04-15,Delhi,Feroz Shah Kotla,T20,male,club,Delhi Daredevils,Kings XI Punjab,Delhi Daredevils,bat,Delhi Daredevils,51,0,,,,CJ Anderson,Indian Premier League,15.0,,20,6,1082605.json
1082606,2017,2017-04-16,Mumbai,Wankhede Stadium,T20,male,club,Mumbai Indians,Gujarat Lions,Mumbai Indians,field,Mumbai Indians,0,6,,,,N Rana,Indian Premier League,16.0,,20,6,1082606.json
1082607,2017,2017-04-16,Bangalore,M Chinnaswamy Stadium,T20,male,club,Royal Challengers Bangalore,Rising Pune Supergiant,Royal Challengers Bangalore,field,Rising Pune Supergiant,27,0,,,,BA Stokes,Indian Premier League,17.0,,20,6,1082607.json
1082608,2017,2017-04-17,Delhi,Feroz Shah Kotla,T20,male,club,Delhi Daredevils,Kolkata Knight Riders,Delhi Daredevils,bat,Kolkata Knight Riders,0,4,,,,NM Coulter-Nile,Indian Premier League,18.0,,20,6,1082608.json
1082609,2017,2017-04-17,Hyderabad,"Rajiv Gandhi International Stadium, Uppal",T20,male,club,Sunrisers Hyderabad,Kings XI Punjab,Kings XI Punjab,field,Sunrisers Hyderabad,5,0,,,,B Kumar,Indian Premier League,19.0,,20,6,1082609.json
1082610,2017,2017-04-18,Rajkot,Saurashtra Cricket Association Stadium,T20,male,club,Gujarat Lions,Royal Challengers Bangalore,Gujarat Lions,field,Royal Challengers Bangalore,21,0,,,,CH Gayle,Indian Premier League,20.0,,20,6,1082610.json
1082611,2017,2017-04-19,Hyderabad,"Rajiv Gandhi International Stadium, Uppal",T20,male,club,Sunrisers Hyderabad,Delhi Daredevils,Sunrisers Hyderabad,bat,Sunrisers Hyderabad,15,0,,,,KS Williamson,Indian Premier League,21.0,,20,6,1082611.json
1082612,2017,2017-04-20,Indore,Holkar Cricket Stadium,T20,male,club,Kings XI Punjab,Mumbai Indians,Mumbai Indians,field,Mumbai Indians,0,8,,,,JC Buttler,Indian Premier League,22.0,,20,6,1082612.json
1082613,2017,2017-04-21,Kolkata,Eden Gardens,T20,male,club,Kolkata Knight Riders,Gujarat Lions,Gujarat Lions,field,Gujarat Lions,0,4,,,,SK Raina,Indian Premier League,23.0,,20,6,1082613.json
1082614,2017,2017-04-22,Mumbai,Wankhede Stadium,T20,male,club,Mumbai Indians,Delhi Daredevils,Delhi Daredevils,field,Mumbai Indians,14,0,,,,MJ McClenaghan,Indian Premier League,25.0,,20,6,1082614.json
1082615,2017,2017-04-22,Pune,Maharashtra Cricket Association Stadium,T20,male,club,Rising Pune Supergiant,Sunrisers Hyderabad,Rising Pune Supergiant,field,Rising Pune Supergiant,0,6,,,,MS Dhoni,Indian Premier League,24.0,,20,6,1082615.json
1082616,2017,2017-04-23,Rajkot,Saurashtra Cricket Association Stadium,T20,male,club,Gujarat Lions,Kings XI Punjab,Gujarat Lions,field,Kings XI Punjab,26,0,,,,HM Amla,Indian Premier League,26.0,,20,6,1082616.json
1082617,2017,2017-04-23,Kolkata,Eden Gardens,T20,male,club,Kolkata Knight Riders,Royal Challengers Bangalore,Royal Challengers Bangalore,field,Kolkata Knight Riders,82,0,,,,NM Coulter-Nile,Indian Premier League,27.0,,20,6,1082617.json
1082618,2017,2017-04-24,Mumbai,Wankhede Stadium,T20,male,club,Mumbai Indians,Rising Pune Supergiant,Mumbai Indians,field,Rising Pune Supergiant,3,0,,,,BA Stokes,Indian Premier League,28.0,,20,6,1082618.json
1082620,2017,2017-04-26,Pune,Maharashtra Cricket Association Stadium,T20,male,club,Rising Pune Supergiant,Kolkata Knight Riders,Kolkata Knight Riders,field,Kolkata Knight Riders,0,7,,,,RV Uthappa,Indian Premier League,30.0,,20,6,1082620.json
1082621,2017,2017-04-27,Bangalore,M Chinnaswamy Stadium,T20,male,club,Royal Challengers Bangalore,Gujarat Lions,Gujarat Lions,field,Gujarat Lions,0,7,,,,AJ Tye,Indian Premier League,31.0,,20,6,1082621.json
1082622,2017,2017-04-28,Kolkata,Eden Gardens,T20,male,club,Kolkata Knight Riders,Delhi Daredevils,Kolkata Knight Riders,field,Kolkata Knight Riders,0,7,,,,G Gambhir,Indian Premier League,32.0,,20,6,1082622.json
1082623,2017,2017-04-28,Chandigarh,"Punjab Cricket Association IS Bindra Stadium, Mohali",T20,male,club,Kings XI Punjab,Sunrisers Hyderabad,Kings XI Punjab,field,Sunrisers Hyderabad,26,0,,,,Rashid Khan,Indian Premier League,33.0,,20,6,1082623.json
1082624,2017,2017-04-29,Pune,Maharashtra Cricket Association Stadium,T20,male,club,Rising Pune Supergiant,Royal Challengers Bangalore,Royal Challengers Bangalore,field,Rising Pune Supergiant,61,0,,,,LH Ferguson,Indian Premier League,34.0,,20,6,1082624.json
1082625,2017,2017-04-29,Rajkot,Saurashtra Cricket Association Stadium,T20,male,club,Gujarat Lions,Mumbai Indians,Gujarat Lions,bat,,0,0,tie,,Mumbai Indians,KH Pandya,Indian Premier League,35.0,,20,6,1082625.json
1082626,2017,2017-04-30,Chandigarh,"Punjab Cricket Association IS Bindra Stadium, Mohali",T20,male,club,Kings XI Punjab,Delhi Daredevils,Kings XI Punjab,field,Kings XI Punjab,0,10,,,,Sandeep Sharma,Indian Premier League,36.0,,20,6,1082626.json
1082627,2017,2017-04-30,Hyderabad,"Rajiv Gandhi International Stadium, Uppal",T20,male,club,Sunrisers Hyderabad,Kolkata Knight Riders,Kolkata Knight Riders,field,Sunrisers Hyderabad,48,0,,,,DA Warner,Indian Premier League,37.0,,20,6,1082627.json
1082628,2017,2017-05-01,Mumbai,Wankhede Stadium,T20,male,club,Mumbai Indians,Royal Challengers Bangalore,Royal Challengers Bangalore,bat,Mumbai Indians,0,5,,,,RG Sharma,Indian Premier League,38.0,,20,6,1082628.json
1082629,2017,2017-05-01,Pune,Maharashtra Cricket Association Stadium,T20,male,club,Rising Pune Supergiant,Gujarat Lions,Rising Pune Supergiant,field,Rising Pune Supergiant,0,5,,,,BA Stokes,Indian Premier League,39.0,,20,6,1082629.json
1082630,2017,2017-05-02,Delhi,Feroz Shah Kotla,T20,male,club,Delhi Daredevils,Sunrisers Hyderabad,Delhi Daredevils,field,Delhi Daredevils,0,6,,,,Mohammed Shami,Indian Premier League,40.0,,20,6,1082630.json
1082631,2017,2017-05-03,Kolkata,Eden Gardens,T20,male,club,Kolkata Knight Riders,Rising Pune Supergiant,Rising Pune Supergiant,field,Rising Pune Supergiant,0,4,,,,RA Tripathi,Indian Premier League,41.0,,20,6,1082631.json
1082632,2017,2017-05-04,Delhi,Feroz Shah Kotla,T20,male,club,Delhi Daredevils,Gujarat Lions,Delhi Daredevils,field,Delhi Daredevils,0,7,,,,RR Pant,Indian Premier League,42.0,,20,6,1082632.json
1082633,2017,2017-05-05,Bangalore,M Chinnaswamy Stadium,T20,male,club,Royal Challengers Bangalore,Kings XI Punjab,Royal Challengers Bangalore,field,Kings XI Punjab,19,0,,,,Sandeep Sharma,Indian Premier League,43.0,,20,6,1082633.json
1082634,2017,2017-05-06,Hyderabad,"Rajiv Gandhi International Stadium, Uppal",T20,male,club,Sunrisers Hyderabad,Rising Pune Supergiant,Sunrisers Hyderabad,field,Rising Pune Supergiant,12,0,,,,JD Unadkat,Indian Premier League,44.0,,20,6,1082634.json
1082635,2017,2017-05-06,Delhi,Feroz Shah Kotla,T20,male,club,Delhi Daredevils,Mumbai Indians,Delhi Daredevils,field,Mumbai Indians,146,0,,,,LMP Simmons,Indian Premier League,45.0,,20,6,1082635.json
1082636,2017,2017-05-07,Bangalore,M Chinnaswamy Stadium,T20,male,club,Royal Challengers Bangalore,Kolkata Knight Riders,Kolkata Knight Riders,field,Kolkata Knight Riders,0,6,,,,SP Narine,Indian Premier League,46.0,,20,6,1082636.json
1082637,2017,2017-05-07,Chandigarh,"Punjab Cricket Association IS Bindra Stadium, Mohali",T20,male,club,Kings XI Punjab,Gujarat Lions,Gujarat Lions,field,Gujarat Lions,0,6,,,,DR Smith,Indian Premier League,47.0,,20,6,1082637.json
1082638,2017,2017-05-08,Hyderabad,"Rajiv Gandhi International Stadium, Uppal",T20,male,club,Sunrisers Hyderabad,Mumbai Indians,Mumbai Indians,bat,Sunrisers Hyderabad,0,7,,,,S Dhawan,Indian Premier League,48.0,,20,6,1082638.json
1082639,2017,2017-05-09,Chandigarh,"Punjab Cricket Association IS Bindra Stadium, Mohali",T20,male,club,Kings XI Punjab,Kolkata Knight Riders,Kolkata Knight Riders,field,Kings XI Punjab,14,0,,,,MM Sharma,Indian Premier League,49.0,,20,6,1082639.json
1082640,2017,2017-05-10,Kanpur,Green Park,T20,male,club,Gujarat Lions,Delhi Daredevils,Delhi Daredevils,field,Delhi Daredevils,0,2,,,,SS Iyer,Indian Premier League,50.0,,20,6,1082640.json
1082641,2017,2017-05-11,Mumbai,Wankhede Stadium,T20,male,club,Mumbai Indians,Kings XI Punjab,Mumbai Indians,field,Kings XI Punjab,7,0,,,,WP Saha,Indian Premier League,51.0,,20,6,1082641.json
1082642,2017,2017-05-12,Delhi,Feroz Shah Kotla,T20,male,club,Delhi Daredevils,Rising Pune Supergiant,Delhi Daredevils,bat,Delhi Daredevils,7,0,,,,KK Nair,Indian Premier League,52.0,,20,6,1082642.json
1082643,2017,2017-05-13,Kanpur,Green Park,T20,male,club,Gujarat Lions,Sunrisers Hyderabad,Sunrisers Hyderabad,field,Sunrisers Hyderabad,0,8,,,,Mohammed Siraj,Indian Premier League,53.0,,20,6,1082643.json
1082644,2017,2017-05-13,Kolkata,Eden Gardens,T20,male,club,Kolkata Knight Riders,Mumbai Indians,Kolkata Knight Riders,field,Mumbai Indians,9,0,,,,AT Rayudu,Indian Premier League,54.0,,20,6,1082644.json
1082645,2017,2017-05-14,Pune,Maharashtra Cricket Association Stadium,T20,male,club,Rising Pune Supergiant,Kings XI Punjab,Rising Pune Supergiant,field,Rising Pune Supergiant,0,9,,,,JD Unadkat,Indian Premier League,55.0,,20,6,1082645.json
1082646,2017,2017-05-14,Delhi,Feroz Shah Kotla,T20,male,club,Delhi Daredevils,Royal Challengers Bangalore,Royal Challengers Bangalore,bat,Royal Challengers Bangalore,10,0,,,,HV Patel,Indian Premier League,56.0,,20,6,1082646.json
1082647,2017,2017-05-16,Mumbai,Wankhede Stadium,T20,male,club,Mumbai Indians,Rising Pune Supergiant,Mumbai Indians,field,Rising Pune Supergiant,20,0,,,,Washington Sundar,Indian Premier League,,,20,6,1082647.json
1082648,2017,2017-05-17,Bangalore,M Chinnaswamy Stadium,T20,male,club,Sunrisers Hyderabad,Kolkata Knight Riders,Kolkata Knight Riders,field,Kolkata Knight Riders,0,7,,D/L,,NM Coulter-Nile,Indian Premier League,,,20,6,1082648.json
1082649,2017,2017-05-19,Bangalore,M Chinnaswamy Stadium,T20,male,club,Mumbai Indians,Kolkata Knight Riders,Mumbai Indians,field,Mumbai Indians,0,6,,,,KV Sharma,Indian Premier League,,,20,6,1082649.json
1082650,2017,2017-05-21,Hyderabad,"Rajiv Gandhi International Stadium, Uppal",T20,male,club,Mumbai Indians,Rising Pune Supergiant,Mumbai Indians,bat,Mumbai Indians,1,0,,,,KH Pandya,Indian Premier League,,,20,6,1082650.json
1136561,2018,2018-04-07,Mumbai,Wankhede Stadium,T20,male,club,Mumbai Indians,Chennai Super Kings,Chennai Super Kings,field,Chennai Super Kings,0,1,,,,DJ Bravo,Indian Premier League,1.0,,20,6,1136561.json
1136562,2018,2018-04-08,Chandigarh,Punjab Cricket Association IS Bindra Stadium,T20,male,club,Delhi Daredevils,Kings XI Punjab,Kings XI Punjab,field,Kings XI Punjab,0,6,,,,KL Rahul,Indian Premier League,2.0,,20,6,1136562.json
1136563,2018,2018-04-08,Kolkata,Eden Gardens,T20,male,club,Royal Challengers Bangalore,Kolkata Knight Riders,Kolkata Knight Riders,field,Kolkata Knight Riders,0,4,,,,SP Narine,Indian Premier League,3.0,,20,6,1136563.json
1136564,2018,2018-04-09,Hyderabad,Rajiv Gandhi International Stadium,T20,male,club,Rajasthan Royals,Sunrisers Hyderabad,Sunrisers Hyderabad,field,Sunrisers Hyderabad,0,9,,,,S Dhawan,Indian Premier League,4.0,,20,6,1136564.json
1136565,2018,2018-04-10,Chennai,MA Chidambaram Stadium,T20,male,club,Kolkata Knight Riders,Chennai Super Kings,Chennai Super Kings,field,Chennai Super Kings,0,5,,,,SW Billings,Indian Premier League,5.0,,20,6,1136565.json
1136566,2018,2018-04-11,Jaipur,Sawai Mansingh Stadium,T20,male,club,Rajasthan Royals,Delhi Daredevils,Delhi Daredevils,field,Rajasthan Royals,10,0,,D/L,,SV Samson,Indian Premier League,6.0,,20,6,1136566.json
1136567,2018,2018-04-12,Hyderabad,Rajiv Gandhi International Stadium,T20,male,club,Mumbai Indians,Sunrisers Hyderabad,Sunrisers Hyderabad,field,Sunrisers Hyderabad,0,1,,,,Rashid Khan,Indian Premier League,7.0,,20,6,1136567.json
1136568,2018,2018-04-13,Bengaluru,M.Chinnaswamy Stadium,T20,male,club,Kings XI Punjab,Royal Challengers Bangalore,Royal Challengers Bangalore,field,Royal Challengers Bangalore,0,4,,,,UT Yadav,Indian Premier League,8.0,,20,6,1136568.json
1136569,2018,2018-04-14,Mumbai,Wankhede Stadium,T20,male,club,Mumbai Indians,Delhi Daredevils,Delhi Daredevils,field,Delhi Daredevils,0,7,,,,JJ Roy,Indian Premier League,9.0,,20,6,1136569.json
1136570,2018,2018-04-14,Kolkata,Eden Gardens,T20,male,club,Kolkata Knight Riders,Sunrisers Hyderabad,Sunrisers Hyderabad,field,Sunrisers Hyderabad,0,5,,,,B Stanlake,Indian Premier League,10.0,,20,6,1136570.json
1136571,2018,2018-04-15,Bengaluru,M.Chinnaswamy Stadium,T20,male,club,Rajasthan Royals,Royal Challengers Bangalore,Royal Challengers Bangalore,field,Rajasthan Royals,19,0,,,,SV Samson,Indian Premier League,11.0,,20,6,1136571.json
1136572,2018,2018-04-15,Chandigarh,Punjab Cricket Association IS Bindra Stadium,T20,male,club,Kings XI Punjab,Chennai Super Kings,Chennai Super Kings,field,Kings XI Punjab,4,0,,,,CH Gayle,Indian Premier League,12.0,,20,6,1136572.json
1136573,2018,2018-04-16,Kolkata,Eden Gardens,T20,male,club,Kolkata Knight Riders,Delhi Daredevils,Delhi Daredevils,field,Kolkata Knight Riders,71,0,,,,N Rana,Indian Premier League,13.0,,20,6,1136573.json
1136574,2018,2018-04-17,Mumbai,Wankhede Stadium,T20,male,club,Mumbai Indians,Royal Challengers Bangalore,Royal Challengers Bangalore,field,Mumbai Indians,46,0,,,,RG Sharma,Indian Premier League,14.0,,20,6,1136574.json
1136575,2018,2018-04-18,Jaipur,Sawai Mansingh Stadium,T20,male,club,Rajasthan Royals,Kolkata Knight Riders,Kolkata Knight Riders,field,Kolkata Knight Riders,0,7,,,,N Rana,Indian Premier League,15.0,,20,6,1136575.json
1136576,2018,2018-04-19,Chandigarh,Punjab Cricket Association IS Bindra Stadium,T20,male,club,Kings XI Punjab,Sunrisers Hyderabad,Kings XI Punjab,bat,Kings XI Punjab,15,0,,,,CH Gayle,Indian Premier League,16.0,,20,6,1136576.json
1136577,2018,2018-04-20,Pune,Maharashtra Cricket Association Stadium,T20,male,club,Chennai Super Kings,Rajasthan Royals,Rajasthan Royals,field,Chennai Super Kings,64,0,,,,SR Watson,Indian Premier League,17.0,,20,6,1136577.json
1136578,2018,2018-04-21,Kolkata,Eden Gardens,T20,male,club,Kolkata Knight Riders,Kings XI Punjab,Kings XI Punjab,field,Kings XI Punjab,0,9,,D/L,,KL Rahul,Indian Premier League,18.0,,20,6,1136578.json
1136579,2018,2018-04-21,Bengaluru,M.Chinnaswamy Stadium,T20,male,club,Delhi Daredevils,Royal Challengers Bangalore,Royal Challengers Bangalore,field,Royal Challengers Bangalore,0,6,,,,AB de Villiers,Indian Premier League,19.0,,20,6,1136579.json
1136580,2018,2018-04-22,Hyderabad,Rajiv Gandhi International Stadium,T20,male,club,Chennai Super Kings,Sunrisers Hyderabad,Sunrisers Hyderabad,field,Chennai Super Kings,4,0,,,,AT Rayudu,Indian Premier League,20.0,,20,6,1136580.json
1136581,2018,2018-04-22,Jaipur,Sawai Mansingh Stadium,T20,male,club,Mumbai Indians,Rajasthan Royals,Mumbai Indians,bat,Rajasthan Royals,0,3,,,,JC Archer,Indian Premier League,21.0,,20,6,1136581.json
1136582,2018,2018-04-23,Delhi,Arun Jaitley Stadium,T20,male,club,Kings XI Punjab,Delhi Daredevils,Delhi Daredevils,field,Kings XI Punjab,4,0,,,,AS Rajpoot,Indian Premier League,22.0,,20,6,1136582.json
1136583,2018,2018-04-24,Mumbai,Wankhede Stadium,T20,male,club,Sunrisers Hyderabad,Mumbai Indians,Mumbai Indians,field,Sunrisers Hyderabad,31,0,,,,Rashid Khan,Indian Premier League,23.0,,20,6,1136583.json
1136584,2018,2018-04-25,Bengaluru,M.Chinnaswamy Stadium,T20,male,club,Royal Challengers Bangalore,Chennai Super Kings,Chennai Super Kings,field,Chennai Super Kings,0,5,,,,MS Dhoni,Indian Premier League,24.0,,20,6,1136584.json
1136585,2018,2018-04-26,Hyderabad,Rajiv Gandhi International Stadium,T20,male,club,Sunrisers Hyderabad,Kings XI Punjab,Kings XI Punjab,field,Sunrisers Hyderabad,13,0,,,,AS Rajpoot,Indian Premier League,25.0,,20,6,1136585.json
1136586,2018,2018-04-27,Delhi,Arun Jaitley Stadium,T20,male,club,Delhi Daredevils,Kolkata Knight Riders,Kolkata Knight Riders,field,Delhi Daredevils,55,0,,,,SS Iyer,Indian Premier League,26.0,,20,6,1136586.json
1136587,2018,2018-04-28,Pune,Maharashtra Cricket Association Stadium,T20,male,club,Chennai Super Kings,Mumbai Indians,Mumbai Indians,field,Mumbai Indians,0,8,,,,RG Sharma,Indian Premier League,27.0,,20,6,1136587.json
1136588,2018,2018-04-29,Jaipur,Sawai Mansingh Stadium,T20,male,club,Sunrisers Hyderabad,Rajasthan Royals,Sunrisers Hyderabad,bat,Sunrisers Hyderabad,11,0,,,,KS Williamson,Indian Premier League,28.0,,20,6,1136588.json
1136589,2018,2018-04-29,Bengaluru,M.Chinnaswamy Stadium,T20,male,club,Royal Challengers Bangalore,Kolkata Knight Riders,Kolkata Knight Riders,field,Kolkata Knight Riders,0,6,,,,CA Lynn,Indian Premier League,29.0,,20,6,1136589.json
1136590,2018,2018-04-30,Pune,Maharashtra Cricket Association Stadium,T20,male,club,Chennai Super Kings,Delhi Daredevils,Delhi Daredevils,field,Chennai Super Kings,13,0,,,,SR Watson,Indian Premier League,30.0,,20,6,1136590.json
1136591,2018,2018-05-01,Bengaluru,M.Chinnaswamy Stadium,T20,male,club,Royal Challengers Bangalore,Mumbai Indians,Mumbai Indians,field,Royal Challengers Bangalore,14,0,,,,TG Southee,Indian Premier League,31.0,,20,6,1136591.json
1136592,2018,2018-05-02,Delhi,Arun Jaitley Stadium,T20,male,club,Delhi Daredevils,Rajasthan Royals,Rajasthan Royals,field,Delhi Daredevils,4,0,,D/L,,RR Pant,Indian Premier League,32.0,,20,6,1136592.json
1136593,2018,2018-05-03,Kolkata,Eden Gardens,T20,male,club,Chennai Super Kings,Kolkata Knight Riders,Kolkata Knight Riders,field,Kolkata Knight Riders,0,6,,,,SP Narine,Indian Premier League,33.0,,20,6,1136593.json
1136594,2018,2018-05-04,Indore,Holkar Cricket Stadium,T20,male,club,Kings XI Punjab,Mumbai Indians,Mumbai Indians,field,Mumbai Indians,0,6,,,,SA Yadav,Indian Premier League,34.0,,20,6,1136594.json
1136595,2018,2018-05-05,Pune,Maharashtra Cricket Association Stadium,T20,male,club,Royal Challengers Bangalore,Chennai Super Kings,Chennai Super Kings,field,Chennai Super Kings,0,6,,,,RA Jadeja,Indian Premier League,35.0,,20,6,1136595.json
1136596,2018,2018-05-05,Hyderabad,Rajiv Gandhi International Stadium,T20,male,club,Delhi Daredevils,Sunrisers Hyderabad,Delhi Daredevils,bat,Sunrisers Hyderabad,0,7,,,,Rashid Khan,Indian Premier League,36.0,,20,6,1136596.json
1136597,2018,2018-05-06,Mumbai,Wankhede Stadium,T20,male,club,Mumbai Indians,Kolkata Knight Riders,Kolkata Knight Riders,field,Mumbai Indians,13,0,,,,HH Pandya,Indian Premier League,37.0,,20,6,1136597.json
1136598,2018,2018-05-06,Indore,Holkar Cricket Stadium,T20,male,club,Rajasthan Royals,Kings XI Punjab,Kings XI Punjab,field,Kings XI Punjab,0,6,,,,Mujeeb Ur Rahman,Indian Premier League,38.0,,20,6,1136598.json
1136599,2018,2018-05-07,Hyderabad,Rajiv Gandhi International Stadium,T20,male,club,Sunrisers Hyderabad,Royal Challengers Bangalore,Royal Challengers Bangalore,field,Sunrisers Hyderabad,5,0,,,,KS Williamson,Indian Premier League,39.0,,20,6,1136599.json
1136600,2018,2018-05-08,Jaipur,Sawai Mansingh Stadium,T20,male,club,Rajasthan Royals,Kings XI Punjab,Rajasthan Royals,bat,Rajasthan Royals,15,0,,,,JC Buttler,Indian Premier League,40.0,,20,6,1136600.json
1136601,2018,2018-05-09,Kolkata,Eden Gardens,T20,male,club,Mumbai Indians,Kolkata Knight Riders,Kolkata Knight Riders,field,Mumbai Indians,102,0,,,,Ishan Kishan,Indian Premier League,41.0,,20,6,1136601.json
1136602,2018,2018-05-10,Delhi,Arun Jaitley Stadium,T20,male,club,Delhi Daredevils,Sunrisers Hyderabad,Delhi Daredevils,bat,Sunrisers Hyderabad,0,9,,,,S Dhawan,Indian Premier League,42.0,,20,6,1136602.json
1136603,2018,2018-05-11,Jaipur,Sawai Mansingh Stadium,T20,male,club,Chennai Super Kings,Rajasthan Royals,Chennai Super Kings,bat,Rajasthan Royals,0,4,,,,JC Buttler,Indian Premier League,43.0,,20,6,1136603.json
1136604,2018,2018-05-12,Indore,Holkar Cricket Stadium,T20,male,club,Kolkata Knight Riders,Kings XI Punjab,Kings XI Punjab,field,Kolkata Knight Riders,31,0,,,,SP Narine,Indian Premier League,44.0,,20,6,1136604.json
1136605,2018,2018-05-12,Delhi,Arun Jaitley Stadium,T20,male,club,Delhi Daredevils,Royal Challengers Bangalore,Royal Challengers Bangalore,field,Royal Challengers Bangalore,0,5,,,,AB de Villiers,Indian Premier League,45.0,,20,6,1136605.json
1136606,2018,2018-05-13,Pune,Maharashtra Cricket Association Stadium,T20,male,club,Sunrisers Hyderabad,Chennai Super Kings,Chennai Super Kings,field,Chennai Super Kings,0,8,,,,AT Rayudu,Indian Premier League,46.0,,20,6,1136606.json
1136607,2018,2018-05-13,Mumbai,Wankhede Stadium,T20,male,club,Mumbai Indians,Rajasthan Royals,Rajasthan Royals,field,Rajasthan Royals,0,7,,,,JC Buttler,Indian Premier League,47.0,,20,6,1136607.json
1136608,2018,2018-05-14,Indore,Holkar Cricket Stadium,T20,male,club,Kings XI Punjab,Royal Challengers Bangalore,Royal Challengers Bangalore,field,Royal Challengers Bangalore,0,10,,,,UT Yadav,Indian Premier League,48.0,,20,6,1136608.json
1136609,2018,2018-05-15,Kolkata,Eden Gardens,T20,male,club,Rajasthan Royals,Kolkata Knight Riders,Kolkata Knight Riders,field,Kolkata Knight Riders,0,6,,,,Kuldeep Yadav,Indian Premier League,49.0,,20,6,1136609.json
1136610,2018,2018-05-16,Mumbai,Wankhede Stadium,T20,male,club,Mumbai Indians,Kings XI Punjab,Kings XI Punjab,field,Mumbai Indians,3,0,,,,JJ Bumrah,Indian Premier League,50.0,,20,6,1136610.json
1136611,2018,2018-05-17,Bengaluru,M.Chinnaswamy Stadium,T20,male,club,Royal Challengers Bangalore,Sunrisers Hyderabad,Sunrisers Hyderabad,field,Royal Challengers Bangalore,14,0,,,,AB de Villiers,Indian Premier League,51.0,,20,6,1136611.json
1136612,2018,2018-05-18,Delhi,Arun Jaitley Stadium,T20,male,club,Delhi Daredevils,Chennai Super Kings,Chennai Super Kings,field,Delhi Daredevils,34,0,,,,HV Patel,Indian Premier League,52.0,,20,6,1136612.json
1136613,2018,2018-05-19,Jaipur,Sawai Mansingh Stadium,T20,male,club,Rajasthan Royals,Royal Challengers Bangalore,Rajasthan Royals,bat,Rajasthan Royals,30,0,,,,S Gopal,Indian Premier League,53.0,,20,6,1136613.json
1136614,2018,2018-05-19,Hyderabad,Rajiv Gandhi International Stadium,T20,male,club,Sunrisers Hyderabad,Kolkata Knight Riders,Sunrisers Hyderabad,bat,Kolkata Knight Riders,0,5,,,,CA Lynn,Indian Premier League,54.0,,20,6,1136614.json
1136615,2018,2018-05-20,Delhi,Arun Jaitley Stadium,T20,male,club,Delhi Daredevils,Mumbai Indians,Delhi Daredevils,bat,Delhi Daredevils,11,0,,,,A Mishra,Indian Premier League,55.0,,20,6,1136615.json
1136616,2018,2018-05-20,Pune,Maharashtra Cricket Association Stadium,T20,male,club,Kings XI Punjab,Chennai Super Kings,Chennai Super Kings,field,Chennai Super Kings,0,5,,,,L Ngidi,Indian Premier League,56.0,,20,6,1136616.json
1136617,2018,2018-05-22,Mumbai,Wankhede Stadium,T20,male,club,Sunrisers Hyderabad,Chennai Super Kings,Chennai Super Kings,field,Chennai Super Kings,0,2,,,,F du Plessis,Indian Premier League,,,20,6,1136617.json
1136618,2018,2018-05-23,Kolkata,Eden Gardens,T20,male,club,Kolkata Knight Riders,Rajasthan Royals,Rajasthan Royals,field,Kolkata Knight Riders,25,0,,,,AD Russell,Indian Premier League,,,20,6,1136618.json
1136619,2018,2018-05-25,Kolkata,Eden Gardens,T20,male,club,Sunrisers Hyderabad,Kolkata Knight Riders,Kolkata Knight Riders,field,Sunrisers Hyderabad,14,0,,,,Rashid Khan,Indian Premier League,,,20,6,1136619.json
1136620,2018,2018-05-27,Mumbai,Wankhede Stadium,T20,male,club,Sunrisers Hyderabad,Chennai Super Kings,Chennai Super Kings,field,Chennai Super Kings,0,8,,,,SR Watson,Indian Premier League,,,20,6,1136620.json
1175356,2019,2019-03-23,Chennai,MA Chidambaram Stadium,T20,male,club,Royal Challengers Bangalore,Chennai Super Kings,Chennai Super Kings,field,Chennai Super Kings,0,7,,,,Harbhajan Singh,Indian Premier League,1.0,,20,6,1175356.json
1175357,2019,2019-03-24,Kolkata,Eden Gardens,T20,male,club,Sunrisers Hyderabad,Kolkata Knight Riders,Kolkata Knight Riders,field,Kolkata Knight Riders,0,6,,,,AD Russell,Indian Premier League,2.0,,20,6,1175357.json
1175358,2019,2019-03-24,Mumbai,Wankhede Stadium,T20,male,club,Delhi Capitals,Mumbai Indians,Mumbai Indians,field,Delhi Capitals,37,0,,,,RR Pant,Indian Premier League,3.0,,20,6,1175358.json
1175359,2019,2019-03-25,Jaipur,Sawai Mansingh Stadium,T20,male,club,Kings XI Punjab,Rajasthan Royals,Rajasthan Royals,field,Kings XI Punjab,14,0,,,,CH Gayle,Indian Premier League,4.0,,20,6,1175359.json
1175360,2019,2019-03-26,Delhi,Arun Jaitley Stadium,T20,male,club,Delhi Capitals,Chennai Super Kings,Delhi Capitals,bat,Chennai Super Kings,0,6,,,,SR Watson,Indian Premier League,5.0,,20,6,1175360.json
1175361,2019,2019-03-27,Kolkata,Eden Gardens,T20,male,club,Kolkata Knight Riders,Kings XI Punjab,Kings XI Punjab,field,Kolkata Knight Riders,28,0,,,,AD Russell,Indian Premier League,6.0,,20,6,1175361.json
1175362,2019,2019-03-28,Bengaluru,M.Chinnaswamy Stadium,T20,male,club,Mumbai Indians,Royal Challengers Bangalore,Royal Challengers Bangalore,field,Mumbai Indians,6,0,,,,JJ Bumrah,Indian Premier League,7.0,,20,6,1175362.json
1175363,2019,2019-03-29,Hyderabad,Rajiv Gandhi International Stadium,T20,male,club,Rajasthan Royals,Sunrisers Hyderabad,Rajasthan Royals,bat,Sunrisers Hyderabad,0,5,,,,Rashid Khan,Indian Premier League,8.0,,20,6,1175363.json
1175364,2019,2019-03-30,Chandigarh,Punjab Cricket Association IS Bindra Stadium,T20,male,club,Mumbai Indians,Kings XI Punjab,Kings XI Punjab,field,Kings XI Punjab,0,8,,,,MA Agarwal,Indian Premier League,9.0,,20,6,1175364.json
1175365,2019,2019-03-30,Delhi,Arun Jaitley Stadium,T20,male,club,Kolkata Knight Riders,Delhi Capitals,Delhi Capitals,field,,0,0,tie,,Delhi Capitals,PP Shaw,Indian Premier League,10.0,,20,6,1175365.json
1175366,2019,2019-03-31,Hyderabad,Rajiv Gandhi International Stadium,T20,male,club,Sunrisers Hyderabad,Royal Challengers Bangalore,Royal Challengers Bangalore,field,Sunrisers Hyderabad,118,0,,,,JM Bairstow,Indian Premier League,11.0,,20,6,1175366.json
1175367,2019,2019-03-31,Chennai,MA Chidambaram Stadium,T20,male,club,Chennai Super Kings,Rajasthan Royals,Rajasthan Royals,field,Chennai Super Kings,8,0,,,,MS Dhoni,Indian Premier League,12.0,,20,6,1175367.json
1175368,2019,2019-04-01,Chandigarh,Punjab Cricket Association IS Bindra Stadium,T20,male,club,Kings XI Punjab,Delhi Capitals,Delhi Capitals,field,Kings XI Punjab,14,0,,,,SM Curran,Indian Premier League,13.0,,20,6,1175368.json
1175369,2019,2019-04-02,Jaipur,Sawai Mansingh Stadium,T20,male,club,Royal Challengers Bangalore,Rajasthan Royals,Rajasthan Royals,field,Rajasthan Royals,0,7,,,,S Gopal,Indian Premier League,14.0,,20,6,1175369.json
1175370,2019,2019-04-03,Mumbai,Wankhede Stadium,T20,male,club,Mumbai Indians,Chennai Super Kings,Chennai Super Kings,field,Mumbai Indians,37,0,,,,HH Pandya,Indian Premier League,15.0,,20,6,1175370.json
1175371,2019,2019-04-04,Delhi,Arun Jaitley Stadium,T20,male,club,Delhi Capitals,Sunrisers Hyderabad,Sunrisers Hyderabad,field,Sunrisers Hyderabad,0,5,,,,JM Bairstow,Indian Premier League,16.0,,20,6,1175371.json
1175372,2019,2019-04-05,Bengaluru,M.Chinnaswamy Stadium,T20,male,club,Royal Challengers Bangalore,Kolkata Knight Riders,Kolkata Knight Riders,field,Kolkata Knight Riders,0,5,,,,AD Russell,Indian Premier League,17.0,,20,6,1175372.json
1178393,2019,2019-04-06,Chennai,MA Chidambaram Stadium,T20,male,club,Chennai Super Kings,Kings XI Punjab,Chennai Super Kings,bat,Chennai Super Kings,22,0,,,,Harbhajan Singh,Indian Premier League,18.0,,20,6,1178393.json
1178394,2019,2019-04-06,Hyderabad,Rajiv Gandhi International Stadium,T20,male,club,Mumbai Indians,Sunrisers Hyderabad,Sunrisers Hyderabad,field,Mumbai Indians,40,0,,,,AS Joseph,Indian Premier League,19.0,,20,6,1178394.json
1178395,2019,2019-04-07,Bengaluru,M.Chinnaswamy Stadium,T20,male,club,Royal Challengers Bangalore,Delhi Capitals,Delhi Capitals,field,Delhi Capitals,0,4,,,,K Rabada,Indian Premier League,20.0,,20,6,1178395.json
1178396,2019,2019-04-07,Jaipur,Sawai Mansingh Stadium,T20,male,club,Rajasthan Royals,Kolkata Knight Riders,Kolkata Knight Riders,field,Kolkata Knight Riders,0,8,,,,HF Gurney,Indian Premier League,21.0,,20,6,1178396.json
1178397,2019,2019-04-08,Chandigarh,Punjab Cricket Association IS Bindra Stadium,T20,male,club,Sunrisers Hyderabad,Kings XI Punjab,Kings XI Punjab,field,Kings XI Punjab,0,6,,,,KL Rahul,Indian Premier League,22.0,,20,6,1178397.json
1178398,2019,2019-04-09,Chennai,MA Chidambaram Stadium,T20,male,club,Kolkata Knight Riders,Chennai Super Kings,Chennai Super Kings,field,Chennai Super Kings,0,7,,,,DL Chahar,Indian Premier League,23.0,,20,6,1178398.json
1178399,2019,2019-04-10,Mumbai,Wankhede Stadium,T20,male,club,Kings XI Punjab,Mumbai Indians,Mumbai Indians,field,Mumbai Indians,0,3,,,,KA Pollard,Indian Premier League,24.0,,20,6,1178399.json
1178400,2019,2019-04-11,Jaipur,Sawai Mansingh Stadium,T20,male,club,Rajasthan Royals,Chennai Super Kings,Chennai Super Kings,field,Chennai Super Kings,0,4,,,,MS Dhoni,Indian Premier League,25.0,,20,6,1178400.json
1178401,2019,2019-04-12,Kolkata,Eden Gardens,T20,male,club,Kolkata Knight Riders,Delhi Capitals,Delhi Capitals,field,Delhi Capitals,0,7,,,,S Dhawan,Indian Premier League,26.0,,20,6,1178401.json
1178402,2019,2019-04-13,Mumbai,Wankhede Stadium,T20,male,club,Mumbai Indians,Rajasthan Royals,Rajasthan Royals,field,Rajasthan Royals,0,4,,,,JC Buttler,Indian Premier League,27.0,,20,6,1178402.json
1178403,2019,2019-04-13,Chandigarh,Punjab Cricket Association IS Bindra Stadium,T20,male,club,Kings XI Punjab,Royal Challengers Bangalore,Royal Challengers Bangalore,field,Royal Challengers Bangalore,0,8,,,,AB de Villiers,Indian Premier League,28.0,,20,6,1178403.json
1178404,2019,2019-04-14,Kolkata,Eden Gardens,T20,male,club,Kolkata Knight Riders,Chennai Super Kings,Chennai Super Kings,field,Chennai Super Kings,0,5,,,,Imran Tahir,Indian Premier League,29.0,,20,6,1178404.json
1178405,2019,2019-04-14,Hyderabad,Rajiv Gandhi International Stadium,T20,male,club,Delhi Capitals,Sunrisers Hyderabad,Sunrisers Hyderabad,field,Delhi Capitals,39,0,,,,KMA Paul,Indian Premier League,30.0,,20,6,1178405.json
1178406,2019,2019-04-15,Mumbai,Wankhede Stadium,T20,male,club,Royal Challengers Bangalore,Mumbai Indians,Mumbai Indians,field,Mumbai Indians,0,5,,,,SL Malinga,Indian Premier League,31.0,,20,6,1178406.json
1178407,2019,2019-04-16,Chandigarh,Punjab Cricket Association IS Bindra Stadium,T20,male,club,Kings XI Punjab,Rajasthan Royals,Rajasthan Royals,field,Kings XI Punjab,12,0,,,,R Ashwin,Indian Premier League,32.0,,20,6,1178407.json
1178408,2019,2019-04-17,Hyderabad,Rajiv Gandhi International Stadium,T20,male,club,Chennai Super Kings,Sunrisers Hyderabad,Chennai Super Kings,bat,Sunrisers Hyderabad,0,6,,,,DA Warner,Indian Premier League,33.0,,20,6,1178408.json
1178409,2019,2019-04-18,Delhi,Arun Jaitley Stadium,T20,male,club,Mumbai Indians,Delhi Capitals,Mumbai Indians,bat,Mumbai Indians,40,0,,,,HH Pandya,Indian Premier League,34.0,,20,6,1178409.json
1178410,2019,2019-04-19,Kolkata,Eden Gardens,T20,male,club,Royal Challengers Bangalore,Kolkata Knight Riders,Kolkata Knight Riders,field,Royal Challengers Bangalore,10,0,,,,V Kohli,Indian Premier League,35.0,,20,6,1178410.json
1178411,2019,2019-04-20,Jaipur,Sawai Mansingh Stadium,T20,male,club,Mumbai Indians,Rajasthan Royals,Rajasthan Royals,field,Rajasthan Royals,0,5,,,,SPD Smith,Indian Premier League,36.0,,20,6,1178411.json
1178412,2019,2019-04-20,Delhi,Arun Jaitley Stadium,T20,male,club,Kings XI Punjab,Delhi Capitals,Delhi Capitals,field,Delhi Capitals,0,5,,,,SS Iyer,Indian Premier League,37.0,,20,6,1178412.json
1178413,2019,2019-04-21,Hyderabad,Rajiv Gandhi International Stadium,T20,male,club,Kolkata Knight Riders,Sunrisers Hyderabad,Sunrisers Hyderabad,field,Sunrisers Hyderabad,0,9,,,,KK Ahmed,Indian Premier League,38.0,,20,6,1178413.json
1178414,2019,2019-04-21,Bengaluru,M.Chinnaswamy Stadium,T20,male,club,Royal Challengers Bangalore,Chennai Super Kings,Chennai Super Kings,field,Royal Challengers Bangalore,1,0,,,,PA Patel,Indian Premier League,39.0,,20,6,1178414.json
1178415,2019,2019-04-22,Jaipur,Sawai Mansingh Stadium,T20,male,club,Rajasthan Royals,Delhi Capitals,Delhi Capitals,field,Delhi Capitals,0,6,,,,RR Pant,Indian Premier League,40.0,,20,6,1178415.json
1178416,2019,2019-04-23,Chennai,MA Chidambaram Stadium,T20,male,club,Sunrisers Hyderabad,Chennai Super Kings,Chennai Super Kings,field,Chennai Super Kings,0,6,,,,SR Watson,Indian Premier League,41.0,,20,6,1178416.json
1178417,2019,2019-04-24,Bengaluru,M.Chinnaswamy Stadium,T20,male,club,Royal Challengers Bangalore,Kings XI Punjab,Kings XI Punjab,field,Royal Challengers Bangalore,17,0,,,,AB de Villiers,Indian Premier League,42.0,,20,6,1178417.json
1178418,2019,2019-04-25,Kolkata,Eden Gardens,T20,male,club,Kolkata Knight Riders,Rajasthan Royals,Rajasthan Royals,field,Rajasthan Royals,0,3,,,,VR Aaron,Indian Premier League,43.0,,20,6,1178418.json
1178419,2019,2019-04-26,Chennai,MA Chidambaram Stadium,T20,male,club,Mumbai Indians,Chennai Super Kings,Chennai Super Kings,field,Mumbai Indians,46,0,,,,RG Sharma,Indian Premier League,44.0,,20,6,1178419.json
1178420,2019,2019-04-27,Jaipur,Sawai Mansingh Stadium,T20,male,club,Sunrisers Hyderabad,Rajasthan Royals,Rajasthan Royals,field,Rajasthan Royals,0,7,,,,JD Unadkat,Indian Premier League,45.0,,20,6,1178420.json
1178421,2019,2019-04-28,Delhi,Arun Jaitley Stadium,T20,male,club,Delhi Capitals,Royal Challengers Bangalore,Delhi Capitals,bat,Delhi Capitals,16,0,,,,S Dhawan,Indian Premier League,46.0,,20,6,1178421.json
1178422,2019,2019-04-28,Kolkata,Eden Gardens,T20,male,club,Kolkata Knight Riders,Mumbai Indians,Mumbai Indians,field,Kolkata Knight Riders,34,0,,,,AD Russell,Indian Premier League,47.0,,20,6,1178422.json
1178423,2019,2019-04-29,Hyderabad,Rajiv Gandhi International Stadium,T20,male,club,Sunrisers Hyderabad,Kings XI Punjab,Kings XI Punjab,field,Sunrisers Hyderabad,45,0,,,,DA Warner,Indian Premier League,48.0,,20,6,1178423.json
1178424,2019,2019-04-30,Bengaluru,M.Chinnaswamy Stadium,T20,male,club,Royal Challengers Bangalore,Rajasthan Royals,Rajasthan Royals,field,,0,0,no result,,,,Indian Premier League,49.0,,20,6,1178424.json
1178425,2019,2019-05-01,Chennai,MA Chidambaram Stadium,T20,male,club,Chennai Super Kings,Delhi Capitals,Delhi Capitals,field,Chennai Super Kings,80,0,,,,MS Dhoni,Indian Premier League,50.0,,20,6,1178425.json
1178426,2019,2019-05-02,Mumbai,Wankhede Stadium,T20,male,club,Mumbai Indians,Sunrisers Hyderabad,Mumbai Indians,bat,,0,0,tie,,Mumbai Indians,JJ Bumrah,Indian Premier League,51.0,,20,6,1178426.json
1178427,2019,2019-05-03,Chandigarh,Punjab Cricket Association IS Bindra Stadium,T20,male,club,Kings XI Punjab,Kolkata Knight Riders,Kolkata Knight Riders,field,Kolkata Knight Riders,0,7,,,,Shubman Gill,Indian Premier League,52.0,,20,6,1178427.json
1178428,2019,2019-05-04,Delhi,Arun Jaitley Stadium,T20,male,club,Rajasthan Royals,Delhi Capitals,Rajasthan Royals,bat,Delhi Capitals,0,5,,,,A Mishra,Indian Premier League,53.0,,20,6,1178428.json
1178429,2019,2019-05-04,Bengaluru,M.Chinnaswamy Stadium,T20,male,club,Sunrisers Hyderabad,Royal Challengers Bangalore,Royal Challengers Bangalore,field,Royal Challengers Bangalore,0,4,,,,SO Hetmyer,Indian Premier League,54.0,,20,6,1178429.json
1178430,2019,2019-05-05,Chandigarh,Punjab Cricket Association IS Bindra Stadium,T20,male,club,Chennai Super Kings,Kings XI Punjab,Kings XI Punjab,field,Kings XI Punjab,0,6,,,,KL Rahul,Indian Premier League,55.0,,20,6,1178430.json
1178431,2019,2019-05-05,Mumbai,Wankhede Stadium,T20,male,club,Kolkata Knight Riders,Mumbai Indians,Mumbai Indians,field,Mumbai Indians,0,9,,,,HH Pandya,Indian Premier League,56.0,,20,6,1178431.json
1181764,2019,2019-05-07,Chennai,MA Chidambaram Stadium,T20,male,club,Chennai Super Kings,Mumbai Indians,Chennai Super Kings,bat,Mumbai Indians,0,6,,,,SA Yadav,Indian Premier League,,,20,6,1181764.json
1181766,2019,2019-05-08,Visakhapatnam,Dr. Y.S. Rajasekhara Reddy ACA-VDCA Cricket Stadium,T20,male,club,Sunrisers Hyderabad,Delhi Capitals,Delhi Capitals,field,Delhi Capitals,0,2,,,,RR Pant,Indian Premier League,,,20,6,1181766.json
1181767,2019,2019-05-10,Visakhapatnam,Dr. Y.S. Rajasekhara Reddy ACA-VDCA Cricket Stadium,T20,male,club,Delhi Capitals,Chennai Super Kings,Chennai Super Kings,field,Chennai Super Kings,0,6,,,,F du Plessis,Indian Premier League,,,20,6,1181767.json
1181768,2019,2019-05-12,Hyderabad,Rajiv Gandhi International Stadium,T20,male,club,Mumbai Indians,Chennai Super Kings,Mumbai Indians,bat,Mumbai Indians,1,0,,,,JJ Bumrah,Indian Premier League,,,20,6,1181768.json
1216492,2020/21,2020-09-19,Abu Dhabi,Sheikh Zayed Stadium,T20,male,club,Mumbai Indians,Chennai Super Kings,Chennai Super Kings,field,Chennai Super Kings,0,5,,,,AT Rayudu,Indian Premier League,1.0,,20,6,1216492.json
1216493,2020/21,2020-09-20,,Dubai International Cricket Stadium,T20,male,club,Delhi Capitals,Kings XI Punjab,Kings XI Punjab,field,,0,0,tie,,Delhi Capitals,MP Stoinis,Indian Premier League,2.0,,20,6,1216493.json
1216494,2020/21,2020-10-21,Abu Dhabi,Sheikh Zayed Stadium,T20,male,club,Kolkata Knight Riders,Royal Challengers Bangalore,Kolkata Knight Riders,bat,Royal Challengers Bangalore,0,8,,,,Mohammed Siraj,Indian Premier League,39.0,,20,6,1216494.json
1216495,2020/21,2020-11-03,,Sharjah Cricket Stadium,T20,male,club,Mumbai Indians,Sunrisers Hyderabad,Sunrisers Hyderabad,field,Sunrisers Hyderabad,0,10,,,,S Nadeem,Indian Premier League,56.0,,20,6,1216495.json
1216496,2020/21,2020-09-22,,Sharjah Cricket Stadium,T20,male,club,Rajasthan Royals,Chennai Super Kings,Chennai Super Kings,field,Rajasthan Royals,16,0,,,,SV Samson,Indian Premier League,4.0,,20,6,1216496.json
1216497,2020/21,2020-10-24,Abu Dhabi,Sheikh Zayed Stadium,T20,male,club,Kolkata Knight Riders,Delhi Capitals,Delhi Capitals,field,Kolkata Knight Riders,59,0,,,,CV Varun,Indian Premier League,42.0,,20,6,1216497.json
1216498,2020/21,2020-10-24,,Dubai International Cricket Stadium,T20,male,club,Kings XI Punjab,Sunrisers Hyderabad,Sunrisers Hyderabad,field,Kings XI Punjab,12,0,,,,CJ Jordan,Indian Premier League,43.0,,20,6,1216498.json
1216499,2020/21,2020-10-28,Abu Dhabi,Sheikh Zayed Stadium,T20,male,club,Royal Challengers Bangalore,Mumbai Indians,Mumbai Indians,field,Mumbai Indians,0,5,,,,SA Yadav,Indian Premier League,48.0,,20,6,1216499.json
1216500,2020/21,2020-10-09,,Sharjah Cricket Stadium,T20,male,club,Delhi Capitals,Rajasthan Royals,Rajasthan Royals,field,Delhi Capitals,46,0,,,,R Ashwin,Indian Premier League,23.0,,20,6,1216500.json
1216501,2020/21,2020-10-07,Abu Dhabi,Sheikh Zayed Stadium,T20,male,club,Kolkata Knight Riders,Chennai Super Kings,Kolkata Knight Riders,bat,Kolkata Knight Riders,10,0,,,,RA Tripathi,Indian Premier League,21.0,,20,6,1216501.json
1216502,2020/21,2020-10-31,,Sharjah Cricket Stadium,T20,male,club,Royal Challengers Bangalore,Sunrisers Hyderabad,Sunrisers Hyderabad,field,Sunrisers Hyderabad,0,5,,,,Sandeep Sharma,Indian Premier League,52.0,,20,6,1216502.json
1216503,2020/21,2020-10-01,Abu Dhabi,Sheikh Zayed Stadium,T20,male,club,Mumbai Indians,Kings XI Punjab,Kings XI Punjab,field,Mumbai Indians,48,0,,,,KA Pollard,Indian Premier League,13.0,,20,6,1216503.json
1216504,2020/21,2020-09-30,,Dubai International Cricket Stadium,T20,male,club,Kolkata Knight Riders,Rajasthan Royals,Rajasthan Royals,field,Kolkata Knight Riders,37,0,,,,Shivam Mavi,Indian Premier League,12.0,,20,6,1216504.json
1216505,2020/21,2020-11-02,Abu Dhabi,Sheikh Zayed Stadium,T20,male,club,Royal Challengers Bangalore,Delhi Capitals,Delhi Capitals,field,Delhi Capitals,0,6,,,,A Nortje,Indian Premier League,55.0,,20,6,1216505.json
1216506,2020/21,2020-11-01,Abu Dhabi,Sheikh Zayed Stadium,T20,male,club,Kings XI Punjab,Chennai Super Kings,Chennai Super Kings,field,Chennai Super Kings,0,9,,,,RD Gaikwad,Indian Premier League,53.0,,20,6,1216506.json
1216507,2020/21,2020-10-11,,Dubai International Cricket Stadium,T20,male,club,Sunrisers Hyderabad,Rajasthan Royals,Sunrisers Hyderabad,bat,Rajasthan Royals,0,5,,,,R Tewatia,Indian Premier League,26.0,,20,6,1216507.json
1216508,2020/21,2020-09-23,Abu Dhabi,Sheikh Zayed Stadium,T20,male,club,Mumbai Indians,Kolkata Knight Riders,Kolkata Knight Riders,field,Mumbai Indians,49,0,,,,RG Sharma,Indian Premier League,5.0,,20,6,1216508.json
1216509,2020/21,2020-10-17,,Sharjah Cricket Stadium,T20,male,club,Chennai Super Kings,Delhi Capitals,Chennai Super Kings,bat,Delhi Capitals,0,5,,,,S Dhawan,Indian Premier League,34.0,,20,6,1216509.json
1216510,2020/21,2020-09-24,,Dubai International Cricket Stadium,T20,male,club,Kings XI Punjab,Royal Challengers Bangalore,Royal Challengers Bangalore,field,Kings XI Punjab,97,0,,,,KL Rahul,Indian Premier League,6.0,,20,6,1216510.json
1216511,2020/21,2020-10-06,Abu Dhabi,Sheikh Zayed Stadium,T20,male,club,Mumbai Indians,Rajasthan Royals,Mumbai Indians,bat,Mumbai Indians,57,0,,,,SA Yadav,Indian Premier League,20.0,,20,6,1216511.json
1216512,2020/21,2020-10-18,Abu Dhabi,Sheikh Zayed Stadium,T20,male,club,Kolkata Knight Riders,Sunrisers Hyderabad,Sunrisers Hyderabad,field,,0,0,tie,,Kolkata Knight Riders,LH Ferguson,Indian Premier League,35.0,,20,6,1216512.json
1216513,2020/21,2020-10-04,,Dubai International Cricket Stadium,T20,male,club,Kings XI Punjab,Chennai Super Kings,Kings XI Punjab,bat,Chennai Super Kings,0,10,,,,SR Watson,Indian Premier League,18.0,,20,6,1216513.json
1216514,2020/21,2020-10-03,Abu Dhabi,Sheikh Zayed Stadium,T20,male,club,Rajasthan Royals,Royal Challengers Bangalore,Rajasthan Royals,bat,Royal Challengers Bangalore,0,8,,,,YS Chahal,Indian Premier League,15.0,,20,6,1216514.json
1216515,2020/21,2020-10-03,,Sharjah Cricket Stadium,T20,male,club,Delhi Capitals,Kolkata Knight Riders,Kolkata Knight Riders,field,Delhi Capitals,18,0,,,,SS Iyer,Indian Premier League,16.0,,20,6,1216515.json
1216516,2020/21,2020-10-02,,Dubai International Cricket Stadium,T20,male,club,Sunrisers Hyderabad,Chennai Super Kings,Sunrisers Hyderabad,bat,Sunrisers Hyderabad,7,0,,,,PK Garg,Indian Premier League,14.0,,20,6,1216516.json
1216517,2020/21,2020-10-18,,Dubai International Cricket Stadium,T20,male,club,Mumbai Indians,Kings XI Punjab,Mumbai Indians,bat,,0,0,tie,,Kings XI Punjab,KL Rahul,Indian Premier League,36.0,,20,6,1216517.json
1216518,2020/21,2020-10-22,,Dubai International Cricket Stadium,T20,male,club,Rajasthan Royals,Sunrisers Hyderabad,Sunrisers Hyderabad,field,Sunrisers Hyderabad,0,8,,,,MK Pandey,Indian Premier League,40.0,,20,6,1216518.json
1216519,2020/21,2020-10-05,,Dubai International Cricket Stadium,T20,male,club,Delhi Capitals,Royal Challengers Bangalore,Royal Challengers Bangalore,field,Delhi Capitals,59,0,,,,AR Patel,Indian Premier League,19.0,,20,6,1216519.json
1216520,2020/21,2020-10-26,,Sharjah Cricket Stadium,T20,male,club,Kolkata Knight Riders,Kings XI Punjab,Kings XI Punjab,field,Kings XI Punjab,0,8,,,,CH Gayle,Indian Premier League,46.0,,20,6,1216520.json
1216521,2020/21,2020-10-23,,Sharjah Cricket Stadium,T20,male,club,Chennai Super Kings,Mumbai Indians,Mumbai Indians,field,Mumbai Indians,0,10,,,,TA Boult,Indian Premier League,41.0,,20,6,1216521.json
1216522,2020/21,2020-10-17,,Dubai International Cricket Stadium,T20,male,club,Rajasthan Royals,Royal Challengers Bangalore,Rajasthan Royals,bat,Royal Challengers Bangalore,0,7,,,,AB de Villiers,Indian Premier League,33.0,,20,6,1216522.json
1216523,2020/21,2020-10-10,Abu Dhabi,Sheikh Zayed Stadium,T20,male,club,Kolkata Knight Riders,Kings XI Punjab,Kolkata Knight Riders,bat,Kolkata Knight Riders,2,0,,,,KD Karthik,Indian Premier League,24.0,,20,6,1216523.json
1216524,2020/21,2020-10-27,,Dubai International Cricket Stadium,T20,male,club,Sunrisers Hyderabad,Delhi Capitals,Delhi Capitals,field,Sunrisers Hyderabad,88,0,,,,WP Saha,Indian Premier League,47.0,,20,6,1216524.json
1216525,2020/21,2020-10-10,,Dubai International Cricket Stadium,T20,male,club,Royal Challengers Bangalore,Chennai Super Kings,Royal Challengers Bangalore,bat,Royal Challengers Bangalore,37,0,,,,V Kohli,Indian Premier League,25.0,,20,6,1216525.json
1216526,2020/21,2020-10-16,Abu Dhabi,Sheikh Zayed Stadium,T20,male,club,Kolkata Knight Riders,Mumbai Indians,Kolkata Knight Riders,bat,Mumbai Indians,0,8,,,,Q de Kock,Indian Premier League,32.0,,20,6,1216526.json
1216527,2020/21,2020-09-27,,Sharjah Cricket Stadium,T20,male,club,Kings XI Punjab,Rajasthan Royals,Rajasthan Royals,field,Rajasthan Royals,0,4,,,,SV Samson,Indian Premier League,9.0,,20,6,1216527.json
1216528,2020/21,2020-10-13,,Dubai International Cricket Stadium,T20,male,club,Chennai Super Kings,Sunrisers Hyderabad,Chennai Super Kings,bat,Chennai Super Kings,20,0,,,,RA Jadeja,Indian Premier League,29.0,,20,6,1216528.json
1216529,2020/21,2020-10-11,Abu Dhabi,Sheikh Zayed Stadium,T20,male,club,Delhi Capitals,Mumbai Indians,Delhi Capitals,bat,Mumbai Indians,0,5,,,,Q de Kock,Indian Premier League,27.0,,20,6,1216529.json
1216530,2020/21,2020-11-01,,Dubai International Cricket Stadium,T20,male,club,Kolkata Knight Riders,Rajasthan Royals,Rajasthan Royals,field,Kolkata Knight Riders,60,0,,,,PJ Cummins,Indian Premier League,54.0,,20,6,1216530.json
1216531,2020/21,2020-10-15,,Sharjah Cricket Stadium,T20,male,club,Royal Challengers Bangalore,Kings XI Punjab,Royal Challengers Bangalore,bat,Kings XI Punjab,0,8,,,,KL Rahul,Indian Premier League,31.0,,20,6,1216531.json
1216532,2020/21,2020-09-29,Abu Dhabi,Sheikh Zayed Stadium,T20,male,club,Sunrisers Hyderabad,Delhi Capitals,Delhi Capitals,field,Sunrisers Hyderabad,15,0,,,,Rashid Khan,Indian Premier League,11.0,,20,6,1216532.json
1216533,2020/21,2020-10-19,Abu Dhabi,Sheikh Zayed Stadium,T20,male,club,Chennai Super Kings,Rajasthan Royals,Chennai Super Kings,bat,Rajasthan Royals,0,7,,,,JC Buttler,Indian Premier League,37.0,,20,6,1216533.json
1216534,2020/21,2020-09-21,,Dubai International Cricket Stadium,T20,male,club,Royal Challengers Bangalore,Sunrisers Hyderabad,Sunrisers Hyderabad,field,Royal Challengers Bangalore,10,0,,,,YS Chahal,Indian Premier League,3.0,,20,6,1216534.json
1216535,2020/21,2020-10-31,,Dubai International Cricket Stadium,T20,male,club,Delhi Capitals,Mumbai Indians,Mumbai Indians,field,Mumbai Indians,0,9,,,,Ishan Kishan,Indian Premier League,51.0,,20,6,1216535.json
1216536,2020/21,2020-10-29,,Dubai International Cricket Stadium,T20,male,club,Kolkata Knight Riders,Chennai Super Kings,Chennai Super Kings,field,Chennai Super Kings,0,6,,,,RD Gaikwad,Indian Premier League,49.0,,20,6,1216536.json
1216537,2020/21,2020-10-30,Abu Dhabi,Sheikh Zayed Stadium,T20,male,club,Kings XI Punjab,Rajasthan Royals,Rajasthan Royals,field,Rajasthan Royals,0,7,,,,BA Stokes,Indian Premier League,50.0,,20,6,1216537.json
1216538,2020/21,2020-10-04,,Sharjah Cricket Stadium,T20,male,club,Mumbai Indians,Sunrisers Hyderabad,Mumbai Indians,bat,Mumbai Indians,34,0,,,,TA Boult,Indian Premier League,17.0,,20,6,1216538.json
1216539,2020/21,2020-09-25,,Dubai International Cricket Stadium,T20,male,club,Delhi Capitals,Chennai Super Kings,Chennai Super Kings,field,Delhi Capitals,44,0,,,,PP Shaw,Indian Premier League,7.0,,20,6,1216539.json
1216540,2020/21,2020-10-12,,Sharjah Cricket Stadium,T20,male,club,Royal Challengers Bangalore,Kolkata Knight Riders,Royal Challengers Bangalore,bat,Royal Challengers Bangalore,82,0,,,,AB de Villiers,Indian Premier League,28.0,,20,6,1216540.json
1216541,2020/21,2020-10-25,Abu Dhabi,Sheikh Zayed Stadium,T20,male,club,Mumbai Indians,Rajasthan Royals,Mumbai Indians,bat,Rajasthan Royals,0,8,,,,BA Stokes,Indian Premier League,45.0,,20,6,1216541.json
1216542,2020/21,2020-10-08,,Dubai International Cricket Stadium,T20,male,club,Sunrisers Hyderabad,Kings XI Punjab,Sunrisers Hyderabad,bat,Sunrisers Hyderabad,69,0,,,,JM Bairstow,Indian Premier League,22.0,,20,6,1216542.json
1216543,2020/21,2020-10-14,,Dubai International Cricket Stadium,T20,male,club,Delhi Capitals,Rajasthan Royals,Delhi Capitals,bat,Delhi Capitals,13,0,,,,A Nortje,Indian Premier League,30.0,,20,6,1216543.json
1216544,2020/21,2020-10-25,,Dubai International Cricket Stadium,T20,male,club,Royal Challengers Bangalore,Chennai Super Kings,Royal Challengers Bangalore,bat,Chennai Super Kings,0,8,,,,RD Gaikwad,Indian Premier League,44.0,,20,6,1216544.json
1216545,2020/21,2020-09-26,Abu Dhabi,Sheikh Zayed Stadium,T20,male,club,Sunrisers Hyderabad,Kolkata Knight Riders,Sunrisers Hyderabad,bat,Kolkata Knight Riders,0,7,,,,Shubman Gill,Indian Premier League,8.0,,20,6,1216545.json
1216546,2020/21,2020-10-20,,Dubai International Cricket Stadium,T20,male,club,Delhi Capitals,Kings XI Punjab,Delhi Capitals,bat,Kings XI Punjab,0,5,,,,S Dhawan,Indian Premier League,38.0,,20,6,1216546.json
1216547,2020/21,2020-09-28,,Dubai International Cricket Stadium,T20,male,club,Royal Challengers Bangalore,Mumbai Indians,Mumbai Indians,field,,0,0,tie,,Royal Challengers Bangalore,AB de Villiers,Indian Premier League,10.0,,20,6,1216547.json
1237177,2020/21,2020-11-05,,Dubai International Cricket Stadium,T20,male,club,Mumbai Indians,Delhi Capitals,Delhi Capitals,field,Mumbai Indians,57,0,,,,JJ Bumrah,Indian Premier League,,,20,6,1237177.json
1237178,2020/21,2020-11-06,Abu Dhabi,Sheikh Zayed Stadium,T20,male,club,Royal Challengers Bangalore,Sunrisers Hyderabad,Sunrisers Hyderabad,field,Sunrisers Hyderabad,0,6,,,,KS Williamson,Indian Premier League,,,20,6,1237178.json
1237180,2020/21,2020-11-08,Abu Dhabi,Sheikh Zayed Stadium,T20,male,club,Delhi Capitals,Sunrisers Hyderabad,Delhi Capitals,bat,Delhi Capitals,17,0,,,,MP Stoinis,Indian Premier League,,,20,6,1237180.json
1237181,2020/21,2020-11-10,,Dubai International Cricket Stadium,T20,male,club,Delhi Capitals,Mumbai Indians,Delhi Capitals,bat,Mumbai Indians,0,5,,,,TA Boult,Indian Premier League,,,20,6,1237181.json
1254058,2021,2021-04-09,Chennai,"MA Chidambaram Stadium, Chepauk, Chennai",T20,male,club,Mumbai Indians,Royal Challengers Bangalore,Royal Challengers Bangalore,field,Royal Challengers Bangalore,0,2,,,,HV Patel,Indian Premier League,1.0,,20,6,1254058.json
1254059,2021,2021-04-10,Mumbai,"Wankhede Stadium, Mumbai",T20,male,club,Chennai Super Kings,Delhi Capitals,Delhi Capitals,field,Delhi Capitals,0,7,,,,S Dhawan,Indian Premier League,2.0,,20,6,1254059.json
1254060,2021,2021-04-11,Chennai,"MA Chidambaram Stadium, Chepauk, Chennai",T20,male,club,Kolkata Knight Riders,Sunrisers Hyderabad,Sunrisers Hyderabad,field,Kolkata Knight Riders,10,0,,,,N Rana,Indian Premier League,3.0,,20,6,1254060.json
1254061,2021,2021-04-12,Mumbai,"Wankhede Stadium, Mumbai",T20,male,club,Punjab Kings,Rajasthan Royals,Rajasthan Royals,field,Punjab Kings,4,0,,,,SV Samson,Indian Premier League,4.0,,20,6,1254061.json
1254062,2021,2021-04-13,Chennai,"MA Chidambaram Stadium, Chepauk, Chennai",T20,male,club,Mumbai Indians,Kolkata Knight Riders,Kolkata Knight Riders,field,Mumbai Indians,10,0,,,,RD Chahar,Indian Premier League,5.0,,20,6,1254062.json
1254063,2021,2021-04-14,Chennai,"MA Chidambaram Stadium, Chepauk, Chennai",T20,male,club,Royal Challengers Bangalore,Sunrisers Hyderabad,Sunrisers Hyderabad,field,Royal Challengers Bangalore,6,0,,,,GJ Maxwell,Indian Premier League,6.0,,20,6,1254063.json
1254064,2021,2021-04-15,Mumbai,"Wankhede Stadium, Mumbai",T20,male,club,Delhi Capitals,Rajasthan Royals,Rajasthan Royals,field,Rajasthan Royals,0,3,,,,JD Unadkat,Indian Premier League,7.0,,20,6,1254064.json
1254065,2021,2021-04-16,Mumbai,"Wankhede Stadium, Mumbai",T20,male,club,Punjab Kings,Chennai Super Kings,Chennai Super Kings,field,Chennai Super Kings,0,6,,,,DL Chahar,Indian Premier League,8.0,,20,6,1254065.json
1254066,2021,2021-04-17,Chennai,"MA Chidambaram Stadium, Chepauk, Chennai",T20,male,club,Mumbai Indians,Sunrisers Hyderabad,Mumbai Indians,bat,Mumbai Indians,13,0,,,,KA Pollard,Indian Premier League,9.0,,20,6,1254066.json
1254067,2021,2021-04-18,Chennai,"MA Chidambaram Stadium, Chepauk, Chennai",T20,male,club,Royal Challengers Bangalore,Kolkata Knight Riders,Royal Challengers Bangalore,bat,Royal Challengers Bangalore,38,0,,,,AB de Villiers,Indian Premier League,10.0,,20,6,1254067.json
1254068,2021,2021-04-18,Mumbai,"Wankhede Stadium, Mumbai",T20,male,club,Punjab Kings,Delhi Capitals,Delhi Capitals,field,Delhi Capitals,0,6,,,,S Dhawan,Indian Premier League,11.0,,20,6,1254068.json
1254069,2021,2021-04-19,Mumbai,"Wankhede Stadium, Mumbai",T20,male,club,Chennai Super Kings,Rajasthan Royals,Rajasthan Royals,field,Chennai Super Kings,45,0,,,,MM Ali,Indian Premier League,12.0,,20,6,1254069.json
1254070,2021,2021-04-20,Chennai,"MA Chidambaram Stadium, Chepauk, Chennai",T20,male,club,Mumbai Indians,Delhi Capitals,Mumbai Indians,bat,Delhi Capitals,0,6,,,,A Mishra,Indian Premier League,13.0,,20,6,1254070.json
1254071,2021,2021-04-21,Chennai,"MA Chidambaram Stadium, Chepauk, Chennai",T20,male,club,Punjab Kings,Sunrisers Hyderabad,Punjab Kings,bat,Sunrisers Hyderabad,0,9,,,,JM Bairstow,Indian Premier League,14.0,,20,6,1254071.json
1254072,2021,2021-04-21,Mumbai,"Wankhede Stadium, Mumbai",T20,male,club,Chennai Super Kings,Kolkata Knight Riders,Kolkata Knight Riders,field,Chennai Super Kings,18,0,,,,F du Plessis,Indian Premier League,15.0,,20,6,1254072.json
1254073,2021,2021-04-22,Mumbai,"Wankhede Stadium, Mumbai",T20,male,club,Rajasthan Royals,Royal Challengers Bangalore,Royal Challengers Bangalore,field,Royal Challengers Bangalore,0,10,,,,D Padikkal,Indian Premier League,16.0,,20,6,1254073.json
1254074,2021,2021-04-23,Chennai,"MA Chidambaram Stadium, Chepauk, Chennai",T20,male,club,Mumbai Indians,Punjab Kings,Punjab Kings,field,Punjab Kings,0,9,,,,KL Rahul,Indian Premier League,17.0,,20,6,1254074.json
1254075,2021,2021-04-24,Mumbai,"Wankhede Stadium, Mumbai",T20,male,club,Kolkata Knight Riders,Rajasthan Royals,Rajasthan Royals,field,Rajasthan Royals,0,6,,,,CH Morris,Indian Premier League,18.0,,20,6,1254075.json
1254076,2021,2021-04-25,Mumbai,"Wankhede Stadium, Mumbai",T20,male,club,Chennai Super Kings,Royal Challengers Bangalore,Chennai Super Kings,bat,Chennai Super Kings,69,0,,,,RA Jadeja,Indian Premier League,19.0,,20,6,1254076.json
1254077,2021,2021-04-25,Chennai,"MA Chidambaram Stadium, Chepauk, Chennai",T20,male,club,Delhi Capitals,Sunrisers Hyderabad,Delhi Capitals,bat,,0,0,tie,,Delhi Capitals,PP Shaw,Indian Premier League,20.0,,20,6,1254077.json
1254078,2021,2021-04-26,Ahmedabad,"Narendra Modi Stadium, Ahmedabad",T20,male,club,Punjab Kings,Kolkata Knight Riders,Kolkata Knight Riders,field,Kolkata Knight Riders,0,5,,,,EJG Morgan,Indian Premier League,21.0,,20,6,1254078.json
1254079,2021,2021-04-27,Ahmedabad,"Narendra Modi Stadium, Ahmedabad",T20,male,club,Royal Challengers Bangalore,Delhi Capitals,Delhi Capitals,field,Royal Challengers Bangalore,1,0,,,,AB de Villiers,Indian Premier League,22.0,,20,6,1254079.json
1254080,2021,2021-04-28,Delhi,"Arun Jaitley Stadium, Delhi",T20,male,club,Sunrisers Hyderabad,Chennai Super Kings,Sunrisers Hyderabad,bat,Chennai Super Kings,0,7,,,,RD Gaikwad,Indian Premier League,23.0,,20,6,1254080.json
1254081,2021,2021-04-29,Delhi,"Arun Jaitley Stadium, Delhi",T20,male,club,Rajasthan Royals,Mumbai Indians,Mumbai Indians,field,Mumbai Indians,0,7,,,,Q de Kock,Indian Premier League,24.0,,20,6,1254081.json
1254082,2021,2021-04-29,Ahmedabad,"Narendra Modi Stadium, Ahmedabad",T20,male,club,Kolkata Knight Riders,Delhi Capitals,Delhi Capitals,field,Delhi Capitals,0,7,,,,PP Shaw,Indian Premier League,25.0,,20,6,1254082.json
1254083,2021,2021-04-30,Ahmedabad,"Narendra Modi Stadium, Ahmedabad",T20,male,club,Punjab Kings,Royal Challengers Bangalore,Royal Challengers Bangalore,field,Punjab Kings,34,0,,,,Harpreet Brar,Indian Premier League,26.0,,20,6,1254083.json
1254084,2021,2021-05-01,Delhi,"Arun Jaitley Stadium, Delhi",T20,male,club,Chennai Super Kings,Mumbai Indians,Mumbai Indians,field,Mumbai Indians,0,4,,,,KA Pollard,Indian Premier League,27.0,,20,6,1254084.json
1254085,2021,2021-05-02,Delhi,"Arun Jaitley Stadium, Delhi",T20,male,club,Rajasthan Royals,Sunrisers Hyderabad,Sunrisers Hyderabad,field,Rajasthan Royals,55,0,,,,JC Buttler,Indian Premier League,28.0,,20,6,1254085.json
1254086,2021,2021-05-02,Ahmedabad,"Narendra Modi Stadium, Ahmedabad",T20,male,club,Punjab Kings,Delhi Capitals,Delhi Capitals,field,Delhi Capitals,0,7,,,,MA Agarwal,Indian Premier League,29.0,,20,6,1254086.json
1254087,2021,2021-09-20,Abu Dhabi,"Zayed Cricket Stadium, Abu Dhabi",T20,male,club,Royal Challengers Bangalore,Kolkata Knight Riders,Royal Challengers Bangalore,bat,Kolkata Knight Riders,0,9,,,,CV Varun,Indian Premier League,31.0,,20,6,1254087.json
1254088,2021,2021-10-08,Abu Dhabi,"Zayed Cricket Stadium, Abu Dhabi",T20,male,club,Mumbai Indians,Sunrisers Hyderabad,Mumbai Indians,bat,Mumbai Indians,42,0,,,,Ishan Kishan,Indian Premier League,55.0,,20,6,1254088.json
1254089,2021,2021-10-02,Abu Dhabi,"Zayed Cricket Stadium, Abu Dhabi",T20,male,club,Chennai Super Kings,Rajasthan Royals,Rajasthan Royals,field,Rajasthan Royals,0,7,,,,RD Gaikwad,Indian Premier League,47.0,,20,6,1254089.json
1254090,2021,2021-10-03,Sharjah,Sharjah Cricket Stadium,T20,male,club,Royal Challengers Bangalore,Punjab Kings,Royal Challengers Bangalore,bat,Royal Challengers Bangalore,6,0,,,,GJ Maxwell,Indian Premier League,48.0,,20,6,1254090.json
1254091,2021,2021-09-30,Sharjah,Sharjah Cricket Stadium,T20,male,club,Sunrisers Hyderabad,Chennai Super Kings,Chennai Super Kings,field,Chennai Super Kings,0,6,,,,JR Hazlewood,Indian Premier League,44.0,,20,6,1254091.json
1254092,2021,2021-09-28,Sharjah,Sharjah Cricket Stadium,T20,male,club,Delhi Capitals,Kolkata Knight Riders,Kolkata Knight Riders,field,Kolkata Knight Riders,0,3,,,,SP Narine,Indian Premier League,41.0,,20,6,1254092.json
1254093,2021,2021-10-05,Sharjah,Sharjah Cricket Stadium,T20,male,club,Rajasthan Royals,Mumbai Indians,Mumbai Indians,field,Mumbai Indians,0,8,,,,NM Coulter-Nile,Indian Premier League,51.0,,20,6,1254093.json
1254094,2021,2021-10-07,Dubai,Dubai International Cricket Stadium,T20,male,club,Chennai Super Kings,Punjab Kings,Punjab Kings,field,Punjab Kings,0,6,,,,KL Rahul,Indian Premier League,53.0,,20,6,1254094.json
1254095,2021,2021-10-06,Abu Dhabi,"Zayed Cricket Stadium, Abu Dhabi",T20,male,club,Sunrisers Hyderabad,Royal Challengers Bangalore,Royal Challengers Bangalore,field,Sunrisers Hyderabad,4,0,,,,KS Williamson,Indian Premier League,52.0,,20,6,1254095.json
1254096,2021,2021-09-23,Abu Dhabi,"Zayed Cricket Stadium, Abu Dhabi",T20,male,club,Mumbai Indians,Kolkata Knight Riders,Kolkata Knight Riders,field,Kolkata Knight Riders,0,7,,,,SP Narine,Indian Premier League,34.0,,20,6,1254096.json
1254097,2021,2021-09-25,Abu Dhabi,"Zayed Cricket Stadium, Abu Dhabi",T20,male,club,Delhi Capitals,Rajasthan Royals,Rajasthan Royals,field,Delhi Capitals,33,0,,,,SS Iyer,Indian Premier League,36.0,,20,6,1254097.json
1254098,2021,2021-09-26,Abu Dhabi,"Zayed Cricket Stadium, Abu Dhabi",T20,male,club,Kolkata Knight Riders,Chennai Super Kings,Kolkata Knight Riders,bat,Chennai Super Kings,0,2,,,,RA Jadeja,Indian Premier League,38.0,,20,6,1254098.json
1254099,2021,2021-09-28,Abu Dhabi,"Zayed Cricket Stadium, Abu Dhabi",T20,male,club,Punjab Kings,Mumbai Indians,Mumbai Indians,field,Mumbai Indians,0,6,,,,KA Pollard,Indian Premier League,42.0,,20,6,1254099.json
1254100,2021,2021-09-27,Dubai,Dubai International Cricket Stadium,T20,male,club,Rajasthan Royals,Sunrisers Hyderabad,Rajasthan Royals,bat,Sunrisers Hyderabad,0,7,,,,JJ Roy,Indian Premier League,40.0,,20,6,1254100.json
1254101,2021,2021-10-08,Dubai,Dubai International Cricket Stadium,T20,male,club,Delhi Capitals,Royal Challengers Bangalore,Royal Challengers Bangalore,field,Royal Challengers Bangalore,0,7,,,,KS Bharat,Indian Premier League,56.0,,20,6,1254101.json
1254102,2021,2021-10-01,Dubai,Dubai International Cricket Stadium,T20,male,club,Kolkata Knight Riders,Punjab Kings,Punjab Kings,field,Punjab Kings,0,5,,,,KL Rahul,Indian Premier League,45.0,,20,6,1254102.json
1254103,2021,2021-09-29,Dubai,Dubai International Cricket Stadium,T20,male,club,Rajasthan Royals,Royal Challengers Bangalore,Royal Challengers Bangalore,field,Royal Challengers Bangalore,0,7,,,,YS Chahal,Indian Premier League,43.0,,20,6,1254103.json
1254104,2021,2021-09-19,Dubai,Dubai International Cricket Stadium,T20,male,club,Chennai Super Kings,Mumbai Indians,Chennai Super Kings,bat,Chennai Super Kings,20,0,,,,RD Gaikwad,Indian Premier League,30.0,,20,6,1254104.json
1254105,2021,2021-09-22,Dubai,Dubai International Cricket Stadium,T20,male,club,Sunrisers Hyderabad,Delhi Capitals,Sunrisers Hyderabad,bat,Delhi Capitals,0,8,,,,A Nortje,Indian Premier League,33.0,,20,6,1254105.json
1254106,2021,2021-10-07,Sharjah,Sharjah Cricket Stadium,T20,male,club,Kolkata Knight Riders,Rajasthan Royals,Rajasthan Royals,field,Kolkata Knight Riders,86,0,,,,Shivam Mavi,Indian Premier League,54.0,,20,6,1254106.json
1254107,2021,2021-09-25,Sharjah,Sharjah Cricket Stadium,T20,male,club,Punjab Kings,Sunrisers Hyderabad,Sunrisers Hyderabad,field,Punjab Kings,5,0,,,,JO Holder,Indian Premier League,37.0,,20,6,1254107.json
1254108,2021,2021-09-26,Dubai,Dubai International Cricket Stadium,T20,male,club,Royal Challengers Bangalore,Mumbai Indians,Mumbai Indians,field,Royal Challengers Bangalore,54,0,,,,GJ Maxwell,Indian Premier League,39.0,,20,6,1254108.json
1254109,2021,2021-10-03,Dubai,Dubai International Cricket Stadium,T20,male,club,Sunrisers Hyderabad,Kolkata Knight Riders,Sunrisers Hyderabad,bat,Kolkata Knight Riders,0,6,,,,Shubman Gill,Indian Premier League,49.0,,20,6,1254109.json
1254110,2021,2021-10-04,Dubai,Dubai International Cricket Stadium,T20,male,club,Chennai Super Kings,Delhi Capitals,Delhi Capitals,field,Delhi Capitals,0,3,,,,AR Patel,Indian Premier League,50.0,,20,6,1254110.json
1254111,2021,2021-09-21,Dubai,Dubai International Cricket Stadium,T20,male,club,Rajasthan Royals,Punjab Kings,Punjab Kings,field,Rajasthan Royals,2,0,,,,Kartik Tyagi,Indian Premier League,32.0,,20,6,1254111.json
1254112,2021,2021-10-02,Sharjah,Sharjah Cricket Stadium,T20,male,club,Mumbai Indians,Delhi Capitals,Delhi Capitals,field,Delhi Capitals,0,4,,,,AR Patel,Indian Premier League,46.0,,20,6,1254112.json
1254113,2021,2021-09-24,Sharjah,Sharjah Cricket Stadium,T20,male,club,Royal Challengers Bangalore,Chennai Super Kings,Chennai Super Kings,field,Chennai Super Kings,0,6,,,,DJ Bravo,Indian Premier League,35.0,,20,6,1254113.json
1254114,2021,2021-10-10,Dubai,Dubai International Cricket Stadium,T20,male,club,Delhi Capitals,Chennai Super Kings,Chennai Super Kings,field,Chennai Super Kings,0,4,,,,RD Gaikwad,Indian Premier League,,,20,6,1254114.json
1254115,2021,2021-10-11,Sharjah,Sharjah Cricket Stadium,T20,male,club,Royal Challengers Bangalore,Kolkata Knight Riders,Royal Challengers Bangalore,bat,Kolkata Knight Riders,0,4,,,,SP Narine,Indian Premier League,,,20,6,1254115.json
1254116,2021,2021-10-13,Sharjah,Sharjah Cricket Stadium,T20,male,club,Delhi Capitals,Kolkata Knight Riders,Kolkata Knight Riders,field,Kolkata Knight Riders,0,3,,,,VR Iyer,Indian Premier League,,,20,6,1254116.json
1254117,2021,2021-10-15,Dubai,Dubai International Cricket Stadium,T20,male,club,Chennai Super Kings,Kolkata Knight Riders,Kolkata Knight Riders,field,Chennai Super Kings,27,0,,,,F du Plessis,Indian Premier League,,,20,6,1254117.json
1304047,2022,2022-03-26,Mumbai,"Wankhede Stadium, Mumbai",T20,male,club,Chennai Super Kings,Kolkata Knight Riders,Kolkata Knight Riders,field,Kolkata Knight Riders,0,6,,,,UT Yadav,Indian Premier League,1.0,,20,6,1304047.json
1304048,2022,2022-03-27,Mumbai,"Brabourne Stadium, Mumbai",T20,male,club,Mumbai Indians,Delhi Capitals,Delhi Capitals,field,Delhi Capitals,0,4,,,,Kuldeep Yadav,Indian Premier League,2.0,,20,6,1304048.json
1304049,2022,2022-03-27,Mumbai,"Dr DY Patil Sports Academy, Mumbai",T20,male,club,Royal Challengers Bangalore,Punjab Kings,Punjab Kings,field,Punjab Kings,0,5,,,,OF Smith,Indian Premier League,3.0,,20,6,1304049.json
1304050,2022,2022-03-28,Mumbai,"Wankhede Stadium, Mumbai",T20,male,club,Lucknow Super Giants,Gujarat Titans,Gujarat Titans,field,Gujarat Titans,0,5,,,,Mohammed Shami,Indian Premier League,4.0,,20,6,1304050.json
1304051,2022,2022-03-29,Pune,"Maharashtra Cricket Association Stadium, Pune",T20,male,club,Rajasthan Royals,Sunrisers Hyderabad,Sunrisers Hyderabad,field,Rajasthan Royals,61,0,,,,SV Samson,Indian Premier League,5.0,,20,6,1304051.json
1304052,2022,2022-03-30,Mumbai,"Dr DY Patil Sports Academy, Mumbai",T20,male,club,Kolkata Knight Riders,Royal Challengers Bangalore,Royal Challengers Bangalore,field,Royal Challengers Bangalore,0,3,,,,PWH de Silva,Indian Premier League,6.0,,20,6,1304052.json
1304053,2022,2022-03-31,Mumbai,"Brabourne Stadium, Mumbai",T20,male,club,Chennai Super Kings,Lucknow Super Giants,Lucknow Super Giants,field,Lucknow Super Giants,0,6,,,,E Lewis,Indian Premier League,7.0,,20,6,1304053.json
1304054,2022,2022-04-01,Mumbai,"Wankhede Stadium, Mumbai",T20,male,club,Punjab Kings,Kolkata Knight Riders,Kolkata Knight Riders,field,Kolkata Knight Riders,0,6,,,,UT Yadav,Indian Premier League,8.0,,20,6,1304054.json
1304055,2022,2022-04-02,Mumbai,"Dr DY Patil Sports Academy, Mumbai",T20,male,club,Rajasthan Royals,Mumbai Indians,Mumbai Indians,field,Rajasthan Royals,23,0,,,,JC Buttler,Indian Premier League,9.0,,20,6,1304055.json
1304056,2022,2022-04-02,Pune,"Maharashtra Cricket Association Stadium, Pune",T20,male,club,Gujarat Titans,Delhi Capitals,Delhi Capitals,field,Gujarat Titans,14,0,,,,LH Ferguson,Indian Premier League,10.0,,20,6,1304056.json
1304057,2022,2022-04-03,Mumbai,"Brabourne Stadium, Mumbai",T20,male,club,Punjab Kings,Chennai Super Kings,Chennai Super Kings,field,Punjab Kings,54,0,,,,LS Livingstone,Indian Premier League,11.0,,20,6,1304057.json
1304058,2022,2022-04-04,Mumbai,"Dr DY Patil Sports Academy, Mumbai",T20,male,club,Lucknow Super Giants,Sunrisers Hyderabad,Sunrisers Hyderabad,field,Lucknow Super Giants,12,0,,,,Avesh Khan,Indian Premier League,12.0,,20,6,1304058.json
1304059,2022,2022-04-05,Mumbai,"Wankhede Stadium, Mumbai",T20,male,club,Rajasthan Royals,Royal Challengers Bangalore,Royal Challengers Bangalore,field,Royal Challengers Bangalore,0,4,,,,KD Karthik,Indian Premier League,13.0,,20,6,1304059.json
1304060,2022,2022-04-06,Pune,"Maharashtra Cricket Association Stadium, Pune",T20,male,club,Mumbai Indians,Kolkata Knight Riders,Kolkata Knight Riders,field,Kolkata Knight Riders,0,5,,,,PJ Cummins,Indian Premier League,14.0,,20,6,1304060.json
1304061,2022,2022-04-07,Mumbai,"Dr DY Patil Sports Academy, Mumbai",T20,male,club,Delhi Capitals,Lucknow Super Giants,Lucknow Super Giants,field,Lucknow Super Giants,0,6,,,,Q de Kock,Indian Premier League,15.0,,20,6,1304061.json
1304062,2022,2022-04-08,Mumbai,"Brabourne Stadium, Mumbai",T20,male,club,Punjab Kings,Gujarat Titans,Gujarat Titans,field,Gujarat Titans,0,6,,,,Shubman Gill,Indian Premier League,16.0,,20,6,1304062.json
1304063,2022,2022-04-09,Mumbai,"Dr DY Patil Sports Academy, Mumbai",T20,male,club,Chennai Super Kings,Sunrisers Hyderabad,Sunrisers Hyderabad,field,Sunrisers Hyderabad,0,8,,,,Abhishek Sharma,Indian Premier League,17.0,,20,6,1304063.json
1304064,2022,2022-04-09,Pune,"Maharashtra Cricket Association Stadium, Pune",T20,male,club,Mumbai Indians,Royal Challengers Bangalore,Royal Challengers Bangalore,field,Royal Challengers Bangalore,0,7,,,,Anuj Rawat,Indian Premier League,18.0,,20,6,1304064.json
1304065,2022,2022-04-10,Mumbai,"Brabourne Stadium, Mumbai",T20,male,club,Delhi Capitals,Kolkata Knight Riders,Kolkata Knight Riders,field,Delhi Capitals,44,0,,,,Kuldeep Yadav,Indian Premier League,19.0,,20,6,1304065.json
1304066,2022,2022-04-10,Mumbai,"Wankhede Stadium, Mumbai",T20,male,club,Rajasthan Royals,Lucknow Super Giants,Lucknow Super Giants,field,Rajasthan Royals,3,0,,,,YS Chahal,Indian Premier League,20.0,,20,6,1304066.json
1304067,2022,2022-04-11,Mumbai,"Dr DY Patil Sports Academy, Mumbai",T20,male,club,Gujarat Titans,Sunrisers Hyderabad,Sunrisers Hyderabad,field,Sunrisers Hyderabad,0,8,,,,KS Williamson,Indian Premier League,21.0,,20,6,1304067.json
1304068,2022,2022-04-12,Mumbai,"Dr DY Patil Sports Academy, Mumbai",T20,male,club,Chennai Super Kings,Royal Challengers Bangalore,Royal Challengers Bangalore,field,Chennai Super Kings,23,0,,,,S Dube,Indian Premier League,22.0,,20,6,1304068.json
1304069,2022,2022-04-13,Pune,"Maharashtra Cricket Association Stadium, Pune",T20,male,club,Punjab Kings,Mumbai Indians,Mumbai Indians,field,Punjab Kings,12,0,,,,MA Agarwal,Indian Premier League,23.0,,20,6,1304069.json
1304070,2022,2022-04-14,Mumbai,"Dr DY Patil Sports Academy, Mumbai",T20,male,club,Gujarat Titans,Rajasthan Royals,Rajasthan Royals,field,Gujarat Titans,37,0,,,,HH Pandya,Indian Premier League,24.0,,20,6,1304070.json
1304071,2022,2022-04-15,Mumbai,"Brabourne Stadium, Mumbai",T20,male,club,Kolkata Knight Riders,Sunrisers Hyderabad,Sunrisers Hyderabad,field,Sunrisers Hyderabad,0,7,,,,RA Tripathi,Indian Premier League,25.0,,20,6,1304071.json
1304072,2022,2022-04-16,Mumbai,"Brabourne Stadium, Mumbai",T20,male,club,Lucknow Super Giants,Mumbai Indians,Mumbai Indians,field,Lucknow Super Giants,18,0,,,,KL Rahul,Indian Premier League,26.0,,20,6,1304072.json
1304073,2022,2022-04-16,Mumbai,"Wankhede Stadium, Mumbai",T20,male,club,Royal Challengers Bangalore,Delhi Capitals,Delhi Capitals,field,Royal Challengers Bangalore,16,0,,,,KD Karthik,Indian Premier League,27.0,,20,6,1304073.json
1304074,2022,2022-04-17,Mumbai,"Dr DY Patil Sports Academy, Mumbai",T20,male,club,Punjab Kings,Sunrisers Hyderabad,Sunrisers Hyderabad,field,Sunrisers Hyderabad,0,7,,,,Umran Malik,Indian Premier League,28.0,,20,6,1304074.json
1304075,2022,2022-04-17,Pune,"Maharashtra Cricket Association Stadium, Pune",T20,male,club,Chennai Super Kings,Gujarat Titans,Gujarat Titans,field,Gujarat Titans,0,3,,,,DA Miller,Indian Premier League,29.0,,20,6,1304075.json
1304076,2022,2022-04-18,Mumbai,"Brabourne Stadium, Mumbai",T20,male,club,Rajasthan Royals,Kolkata Knight Riders,Kolkata Knight Riders,field,Rajasthan Royals,7,0,,,,YS Chahal,Indian Premier League,30.0,,20,6,1304076.json
1304077,2022,2022-04-19,Mumbai,"Dr DY Patil Sports Academy, Mumbai",T20,male,club,Royal Challengers Bangalore,Lucknow Super Giants,Lucknow Super Giants,field,Royal Challengers Bangalore,18,0,,,,F du Plessis,Indian Premier League,31.0,,20,6,1304077.json
1304078,2022,2022-04-20,Mumbai,"Brabourne Stadium, Mumbai",T20,male,club,Punjab Kings,Delhi Capitals,Delhi Capitals,field,Delhi Capitals,0,9,,,,Kuldeep Yadav,Indian Premier League,32.0,,20,6,1304078.json
1304079,2022,2022-04-21,Navi Mumbai,"Dr DY Patil Sports Academy, Mumbai",T20,male,club,Mumbai Indians,Chennai Super Kings,Chennai Super Kings,field,Chennai Super Kings,0,3,,,,Mukesh Choudhary,Indian Premier League,33.0,,20,6,1304079.json
1304080,2022,2022-04-22,Mumbai,"Wankhede Stadium, Mumbai",T20,male,club,Rajasthan Royals,Delhi Capitals,Delhi Capitals,field,Rajasthan Royals,15,0,,,,JC Buttler,Indian Premier League,34.0,,20,6,1304080.json
1304081,2022,2022-04-23,Navi Mumbai,"Dr DY Patil Sports Academy, Mumbai",T20,male,club,Gujarat Titans,Kolkata Knight Riders,Gujarat Titans,bat,Gujarat Titans,8,0,,,,Rashid Khan,Indian Premier League,35.0,,20,6,1304081.json
1304082,2022,2022-04-23,Mumbai,"Brabourne Stadium, Mumbai",T20,male,club,Royal Challengers Bangalore,Sunrisers Hyderabad,Sunrisers Hyderabad,field,Sunrisers Hyderabad,0,9,,,,M Jansen,Indian Premier League,36.0,,20,6,1304082.json
1304083,2022,2022-04-24,Mumbai,"Wankhede Stadium, Mumbai",T20,male,club,Lucknow Super Giants,Mumbai Indians,Mumbai Indians,field,Lucknow Super Giants,36,0,,,,KL Rahul,Indian Premier League,37.0,,20,6,1304083.json
1304084,2022,2022-04-25,Mumbai,"Wankhede Stadium, Mumbai",T20,male,club,Punjab Kings,Chennai Super Kings,Chennai Super Kings,field,Punjab Kings,11,0,,,,S Dhawan,Indian Premier League,38.0,,20,6,1304084.json
1304085,2022,2022-04-26,Pune,"Maharashtra Cricket Association Stadium, Pune",T20,male,club,Rajasthan Royals,Royal Challengers Bangalore,Royal Challengers Bangalore,field,Rajasthan Royals,29,0,,,,R Parag,Indian Premier League,39.0,,20,6,1304085.json
1304086,2022,2022-04-27,Mumbai,"Wankhede Stadium, Mumbai",T20,male,club,Sunrisers Hyderabad,Gujarat Titans,Gujarat Titans,field,Gujarat Titans,0,5,,,,Umran Malik,Indian Premier League,40.0,,20,6,1304086.json
1304087,2022,2022-04-28,Mumbai,"Wankhede Stadium, Mumbai",T20,male,club,Kolkata Knight Riders,Delhi Capitals,Delhi Capitals,field,Delhi Capitals,0,4,,,,Kuldeep Yadav,Indian Premier League,41.0,,20,6,1304087.json
1304088,2022,2022-04-29,Pune,"Maharashtra Cricket Association Stadium, Pune",T20,male,club,Lucknow Super Giants,Punjab Kings,Punjab Kings,field,Lucknow Super Giants,20,0,,,,KH Pandya,Indian Premier League,42.0,,20,6,1304088.json
1304089,2022,2022-04-30,Mumbai,"Brabourne Stadium, Mumbai",T20,male,club,Royal Challengers Bangalore,Gujarat Titans,Royal Challengers Bangalore,bat,Gujarat Titans,0,6,,,,R Tewatia,Indian Premier League,43.0,,20,6,1304089.json
1304090,2022,2022-04-30,Navi Mumbai,"Dr DY Patil Sports Academy, Mumbai",T20,male,club,Rajasthan Royals,Mumbai Indians,Mumbai Indians,field,Mumbai Indians,0,5,,,,SA Yadav,Indian Premier League,44.0,,20,6,1304090.json
1304091,2022,2022-05-01,Mumbai,"Wankhede Stadium, Mumbai",T20,male,club,Lucknow Super Giants,Delhi Capitals,Lucknow Super Giants,bat,Lucknow Super Giants,6,0,,,,Mohsin Khan,Indian Premier League,45.0,,20,6,1304091.json
1304092,2022,2022-05-01,Pune,"Maharashtra Cricket Association Stadium, Pune",T20,male,club,Chennai Super Kings,Sunrisers Hyderabad,Sunrisers Hyderabad,field,Chennai Super Kings,13,0,,,,RD Gaikwad,Indian Premier League,46.0,,20,6,1304092.json
1304093,2022,2022-05-02,Mumbai,"Wankhede Stadium, Mumbai",T20,male,club,Rajasthan Royals,Kolkata Knight Riders,Kolkata Knight Riders,field,Kolkata Knight Riders,0,7,,,,RK Singh,Indian Premier League,47.0,,20,6,1304093.json
1304094,2022,2022-05-03,Navi Mumbai,"Dr DY Patil Sports Academy, Mumbai",T20,male,club,Gujarat Titans,Punjab Kings,Gujarat Titans,bat,Punjab Kings,0,8,,,,K Rabada,Indian Premier League,48.0,,20,6,1304094.json
1304095,2022,2022-05-04,Pune,"Maharashtra Cricket Association Stadium, Pune",T20,male,club,Royal Challengers Bangalore,Chennai Super Kings,Chennai Super Kings,field,Royal Challengers Bangalore,13,0,,,,HV Patel,Indian Premier League,49.0,,20,6,1304095.json
1304096,2022,2022-05-05,Mumbai,"Brabourne Stadium, Mumbai",T20,male,club,Delhi Capitals,Sunrisers Hyderabad,Sunrisers Hyderabad,field,Delhi Capitals,21,0,,,,DA Warner,Indian Premier League,50.0,,20,6,1304096.json
1304097,2022,2022-05-06,Mumbai,"Brabourne Stadium, Mumbai",T20,male,club,Mumbai Indians,Gujarat Titans,Gujarat Titans,field,Mumbai Indians,5,0,,,,TH David,Indian Premier League,51.0,,20,6,1304097.json
1304098,2022,2022-05-07,Mumbai,"Wankhede Stadium, Mumbai",T20,male,club,Punjab Kings,Rajasthan Royals,Punjab Kings,bat,Rajasthan Royals,0,6,,,,YBK Jaiswal,Indian Premier League,52.0,,20,6,1304098.json
1304099,2022,2022-05-07,Pune,"Maharashtra Cricket Association Stadium, Pune",T20,male,club,Lucknow Super Giants,Kolkata Knight Riders,Kolkata Knight Riders,field,Lucknow Super Giants,75,0,,,,Avesh Khan,Indian Premier League,53.0,,20,6,1304099.json
1304100,2022,2022-05-08,Mumbai,"Wankhede Stadium, Mumbai",T20,male,club,Royal Challengers Bangalore,Sunrisers Hyderabad,Royal Challengers Bangalore,bat,Royal Challengers Bangalore,67,0,,,,PWH de Silva,Indian Premier League,54.0,,20,6,1304100.json
1304101,2022,2022-05-08,Navi Mumbai,"Dr DY Patil Sports Academy, Mumbai",T20,male,club,Chennai Super Kings,Delhi Capitals,Delhi Capitals,field,Chennai Super Kings,91,0,,,,DP Conway,Indian Premier League,55.0,,20,6,1304101.json
1304102,2022,2022-05-09,Navi Mumbai,"Dr DY Patil Sports Academy, Mumbai",T20,male,club,Kolkata Knight Riders,Mumbai Indians,Mumbai Indians,field,Kolkata Knight Riders,52,0,,,,JJ Bumrah,Indian Premier League,56.0,,20,6,1304102.json
1304103,2022,2022-05-10,Pune,"Maharashtra Cricket Association Stadium, Pune",T20,male,club,Gujarat Titans,Lucknow Super Giants,Gujarat Titans,bat,Gujarat Titans,62,0,,,,Shubman Gill,Indian Premier League,57.0,,20,6,1304103.json
1304104,2022,2022-05-11,Navi Mumbai,"Dr DY Patil Sports Academy, Mumbai",T20,male,club,Rajasthan Royals,Delhi Capitals,Delhi Capitals,field,Delhi Capitals,0,8,,,,MR Marsh,Indian Premier League,58.0,,20,6,1304104.json
1304105,2022,2022-05-12,Mumbai,"Wankhede Stadium, Mumbai",T20,male,club,Chennai Super Kings,Mumbai Indians,Mumbai Indians,field,Mumbai Indians,0,5,,,,DR Sams,Indian Premier League,59.0,,20,6,1304105.json
1304106,2022,2022-05-13,Mumbai,"Brabourne Stadium, Mumbai",T20,male,club,Punjab Kings,Royal Challengers Bangalore,Royal Challengers Bangalore,field,Punjab Kings,54,0,,,,JM Bairstow,Indian Premier League,60.0,,20,6,1304106.json
1304107,2022,2022-05-14,Pune,"Maharashtra Cricket Association Stadium, Pune",T20,male,club,Kolkata Knight Riders,Sunrisers Hyderabad,Kolkata Knight Riders,bat,Kolkata Knight Riders,54,0,,,,AD Russell,Indian Premier League,61.0,,20,6,1304107.json
1304108,2022,2022-05-15,Mumbai,"Wankhede Stadium, Mumbai",T20,male,club,Chennai Super Kings,Gujarat Titans,Chennai Super Kings,bat,Gujarat Titans,0,7,,,,WP Saha,Indian Premier League,62.0,,20,6,1304108.json
1304109,2022,2022-05-15,Mumbai,"Brabourne Stadium, Mumbai",T20,male,club,Rajasthan Royals,Lucknow Super Giants,Rajasthan Royals,bat,Rajasthan Royals,24,0,,,,TA Boult,Indian Premier League,63.0,,20,6,1304109.json
1304110,2022,2022-05-16,Navi Mumbai,"Dr DY Patil Sports Academy, Mumbai",T20,male,club,Delhi Capitals,Punjab Kings,Punjab Kings,field,Delhi Capitals,17,0,,,,SN Thakur,Indian Premier League,64.0,,20,6,1304110.json
1304111,2022,2022-05-17,Mumbai,"Wankhede Stadium, Mumbai",T20,male,club,Sunrisers Hyderabad,Mumbai Indians,Mumbai Indians,field,Sunrisers Hyderabad,3,0,,,,RA Tripathi,Indian Premier League,65.0,,20,6,1304111.json
1304112,2022,2022-05-18,Navi Mumbai,"Dr DY Patil Sports Academy, Mumbai",T20,male,club,Lucknow Super Giants,Kolkata Knight Riders,Lucknow Super Giants,bat,Lucknow Super Giants,2,0,,,,Q de Kock,Indian Premier League,66.0,,20,6,1304112.json
1304113,2022,2022-05-19,Mumbai,"Wankhede Stadium, Mumbai",T20,male,club,Gujarat Titans,Royal Challengers Bangalore,Gujarat Titans,bat,Royal Challengers Bangalore,0,8,,,,V Kohli,Indian Premier League,67.0,,20,6,1304113.json
1304114,2022,2022-05-20,Mumbai,"Brabourne Stadium, Mumbai",T20,male,club,Chennai Super Kings,Rajasthan Royals,Chennai Super Kings,bat,Rajasthan Royals,0,5,,,,R Ashwin,Indian Premier League,68.0,,20,6,1304114.json
1304115,2022,2022-05-21,Mumbai,"Wankhede Stadium, Mumbai",T20,male,club,Delhi Capitals,Mumbai Indians,Mumbai Indians,field,Mumbai Indians,0,5,,,,JJ Bumrah,Indian Premier League,69.0,,20,6,1304115.json
1304116,2022,2022-05-22,Mumbai,"Wankhede Stadium, Mumbai",T20,male,club,Sunrisers Hyderabad,Punjab Kings,Sunrisers Hyderabad,bat,Punjab Kings,0,5,,,,Harpreet Brar,Indian Premier League,70.0,,20,6,1304116.json
1312197,2022,2022-05-24,Kolkata,"Eden Gardens, Kolkata",T20,male,club,Rajasthan Royals,Gujarat Titans,Gujarat Titans,field,Gujarat Titans,0,7,,,,DA Miller,Indian Premier League,,,20,6,1312197.json
1312198,2022,2022-05-25,Kolkata,"Eden Gardens, Kolkata",T20,male,club,Royal Challengers Bangalore,Lucknow Super Giants,Lucknow Super Giants,field,Royal Challengers Bangalore,14,0,,,,RM Patidar,Indian Premier League,,,20,6,1312198.json
1312199,2022,2022-05-27,Ahmedabad,"Narendra Modi Stadium, Ahmedabad",T20,male,club,Royal Challengers Bangalore,Rajasthan Royals,Rajasthan Royals,field,Rajasthan Royals,0,7,,,,JC Buttler,Indian Premier League,,,20,6,1312199.json
1312200,2022,2022-05-29,Ahmedabad,"Narendra Modi Stadium, Ahmedabad",T20,male,club,Rajasthan Royals,Gujarat Titans,Rajasthan Royals,bat,Gujarat Titans,0,7,,,,HH Pandya,Indian Premier League,,,20,6,1312200.json
1359475,2023,2023-03-31,Ahmedabad,"Narendra Modi Stadium, Ahmedabad",T20,male,club,Chennai Super Kings,Gujarat Titans,Gujarat Titans,field,Gujarat Titans,0,5,,,,Rashid Khan,Indian Premier League,1.0,,20,6,1359475.json
1359476,2023,2023-04-01,Chandigarh,"Punjab Cricket Association IS Bindra Stadium, Mohali, Chandigarh",T20,male,club,Punjab Kings,Kolkata Knight Riders,Kolkata Knight Riders,field,Punjab Kings,7,0,,D/L,,Arshdeep Singh,Indian Premier League,2.0,,20,6,1359476.json
1359477,2023,2023-04-01,Lucknow,"Bharat Ratna Shri Atal Bihari Vajpayee Ekana Cricket Stadium, Lucknow",T20,male,club,Lucknow Super Giants,Delhi Capitals,Delhi Capitals,field,Lucknow Super Giants,50,0,,,,MA Wood,Indian Premier League,3.0,,20,6,1359477.json
1359478,2023,2023-04-02,Hyderabad,"Rajiv Gandhi International Stadium, Uppal, Hyderabad",T20,male,club,Rajasthan Royals,Sunrisers Hyderabad,Sunrisers Hyderabad,field,Rajasthan Royals,72,0,,,,JC Buttler,Indian Premier League,4.0,,20,6,1359478.json
1359479,2023,2023-04-02,Bengaluru,"M Chinnaswamy Stadium, Bengaluru",T20,male,club,Mumbai Indians,Royal Challengers Bangalore,Royal Challengers Bangalore,field,Royal Challengers Bangalore,0,8,,,,F du Plessis,Indian Premier League,5.0,,20,6,1359479.json
1359480,2023,2023-04-03,Chennai,"MA Chidambaram Stadium, Chepauk, Chennai",T20,male,club,Chennai Super Kings,Lucknow Super Giants,Lucknow Super Giants,field,Chennai Super Kings,12,0,,,,MM Ali,Indian Premier League,6.0,,20,6,1359480.json
1359481,2023,2023-04-04,Delhi,"Arun Jaitley Stadium, Delhi",T20,male,club,Delhi Capitals,Gujarat Titans,Gujarat Titans,field,Gujarat Titans,0,6,,,,B Sai Sudharsan,Indian Premier League,7.0,,20,6,1359481.json
1359482,2023,2023-04-05,Guwahati,"Barsapara Cricket Stadium, Guwahati",T20,male,club,Punjab Kings,Rajasthan Royals,Rajasthan Royals,field,Punjab Kings,5,0,,,,NT Ellis,Indian Premier League,8.0,,20,6,1359482.json
1359483,2023,2023-04-06,Kolkata,"Eden Gardens, Kolkata",T20,male,club,Kolkata Knight Riders,Royal Challengers Bangalore,Royal Challengers Bangalore,field,Kolkata Knight Riders,81,0,,,,SN Thakur,Indian Premier League,9.0,,20,6,1359483.json
1359484,2023,2023-04-07,Lucknow,"Bharat Ratna Shri Atal Bihari Vajpayee Ekana Cricket Stadium, Lucknow",T20,male,club,Sunrisers Hyderabad,Lucknow Super Giants,Sunrisers Hyderabad,bat,Lucknow Super Giants,0,5,,,,KH Pandya,Indian Premier League,10.0,,20,6,1359484.json
1359485,2023,2023-04-08,Guwahati,"Barsapara Cricket Stadium, Guwahati",T20,male,club,Rajasthan Royals,Delhi Capitals,Delhi Capitals,field,Rajasthan Royals,57,0,,,,YBK Jaiswal,Indian Premier League,11.0,,20,6,1359485.json
1359486,2023,2023-04-08,Mumbai,"Wankhede Stadium, Mumbai",T20,male,club,Mumbai Indians,Chennai Super Kings,Chennai Super Kings,field,Chennai Super Kings,0,7,,,,RA Jadeja,Indian Premier League,12.0,,20,6,1359486.json
1359487,2023,2023-04-09,Ahmedabad,"Narendra Modi Stadium, Ahmedabad",T20,male,club,Gujarat Titans,Kolkata Knight Riders,Gujarat Titans,bat,Kolkata Knight Riders,0,3,,,,RK Singh,Indian Premier League,13.0,,20,6,1359487.json
1359488,2023,2023-04-09,Hyderabad,"Rajiv Gandhi International Stadium, Uppal, Hyderabad",T20,male,club,Punjab Kings,Sunrisers Hyderabad,Sunrisers Hyderabad,field,Sunrisers Hyderabad,0,8,,,,S Dhawan,Indian Premier League,14.0,,20,6,1359488.json
1359489,2023,2023-04-10,Bengaluru,"M Chinnaswamy Stadium, Bengaluru",T20,male,club,Royal Challengers Bangalore,Lucknow Super Giants,Lucknow Super Giants,field,Lucknow Super Giants,0,1,,,,N Pooran,Indian Premier League,15.0,,20,6,1359489.json
1359490,2023,2023-04-11,Delhi,"Arun Jaitley Stadium, Delhi",T20,male,club,Delhi Capitals,Mumbai Indians,Mumbai Indians,field,Mumbai Indians,0,6,,,,RG Sharma,Indian Premier League,16.0,,20,6,1359490.json
1359491,2023,2023-04-12,Chennai,"MA Chidambaram Stadium, Chepauk, Chennai",T20,male,club,Rajasthan Royals,Chennai Super Kings,Chennai Super Kings,field,Rajasthan Royals,3,0,,,,R Ashwin,Indian Premier League,17.0,,20,6,1359491.json
1359492,2023,2023-04-13,Chandigarh,"Punjab Cricket Association IS Bindra Stadium, Mohali, Chandigarh",T20,male,club,Punjab Kings,Gujarat Titans,Gujarat Titans,field,Gujarat Titans,0,6,,,,MM Sharma,Indian Premier League,18.0,,20,6,1359492.json
1359493,2023,2023-04-14,Kolkata,"Eden Gardens, Kolkata",T20,male,club,Sunrisers Hyderabad,Kolkata Knight Riders,Kolkata Knight Riders,field,Sunrisers Hyderabad,23,0,,,,HC Brook,Indian Premier League,19.0,,20,6,1359493.json
1359494,2023,2023-04-15,Bengaluru,"M Chinnaswamy Stadium, Bengaluru",T20,male,club,Royal Challengers Bangalore,Delhi Capitals,Delhi Capitals,field,Royal Challengers Bangalore,23,0,,,,V Kohli,Indian Premier League,20.0,,20,6,1359494.json
1359495,2023,2023-04-15,Lucknow,"Bharat Ratna Shri Atal Bihari Vajpayee Ekana Cricket Stadium, Lucknow",T20,male,club,Lucknow Super Giants,Punjab Kings,Punjab Kings,field,Punjab Kings,0,2,,,,Sikandar Raza,Indian Premier League,21.0,,20,6,1359495.json
1359496,2023,2023-04-16,Mumbai,"Wankhede Stadium, Mumbai",T20,male,club,Kolkata Knight Riders,Mumbai Indians,Mumbai Indians,field,Mumbai Indians,0,5,,,,VR Iyer,Indian Premier League,22.0,,20,6,1359496.json
1359497,2023,2023-04-16,Ahmedabad,"Narendra Modi Stadium, Ahmedabad",T20,male,club,Gujarat Titans,Rajasthan Royals,Rajasthan Royals,field,Rajasthan Royals,0,3,,,,SO Hetmyer,Indian Premier League,23.0,,20,6,1359497.json
1359498,2023,2023-04-17,Bengaluru,"M Chinnaswamy Stadium, Bengaluru",T20,male,club,Chennai Super Kings,Royal Challengers Bangalore,Royal Challengers Bangalore,field,Chennai Super Kings,8,0,,,,DP Conway,Indian Premier League,24.0,,20,6,1359498.json
1359499,2023,2023-04-18,Hyderabad,"Rajiv Gandhi International Stadium, Uppal, Hyderabad",T20,male,club,Mumbai Indians,Sunrisers Hyderabad,Sunrisers Hyderabad,field,Mumbai Indians,14,0,,,,C Green,Indian Premier League,25.0,,20,6,1359499.json
1359500,2023,2023-04-19,Jaipur,"Sawai Mansingh Stadium, Jaipur",T20,male,club,Lucknow Super Giants,Rajasthan Royals,Rajasthan Royals,field,Lucknow Super Giants,10,0,,,,MP Stoinis,Indian Premier League,26.0,,20,6,1359500.json
1359501,2023,2023-04-20,Chandigarh,"Punjab Cricket Association IS Bindra Stadium, Mohali, Chandigarh",T20,male,club,Royal Challengers Bangalore,Punjab Kings,Punjab Kings,field,Royal Challengers Bangalore,24,0,,,,Mohammed Siraj,Indian Premier League,27.0,,20,6,1359501.json
1359502,2023,2023-04-20,Delhi,"Arun Jaitley Stadium, Delhi",T20,male,club,Kolkata Knight Riders,Delhi Capitals,Delhi Capitals,field,Delhi Capitals,0,4,,,,I Sharma,Indian Premier League,28.0,,20,6,1359502.json
1359503,2023,2023-04-21,Chennai,"MA Chidambaram Stadium, Chepauk, Chennai",T20,male,club,Sunrisers Hyderabad,Chennai Super Kings,Chennai Super Kings,field,Chennai Super Kings,0,7,,,,RA Jadeja,Indian Premier League,29.0,,20,6,1359503.json
1359504,2023,2023-04-22,Lucknow,"Bharat Ratna Shri Atal Bihari Vajpayee Ekana Cricket Stadium, Lucknow",T20,male,club,Gujarat Titans,Lucknow Super Giants,Gujarat Titans,bat,Gujarat Titans,7,0,,,,MM Sharma,Indian Premier League,30.0,,20,6,1359504.json
1359505,2023,2023-04-22,Mumbai,"Wankhede Stadium, Mumbai",T20,male,club,Punjab Kings,Mumbai Indians,Mumbai Indians,field,Punjab Kings,13,0,,,,SM Curran,Indian Premier League,31.0,,20,6,1359505.json
1359506,2023,2023-04-23,Bengaluru,"M Chinnaswamy Stadium, Bengaluru",T20,male,club,Royal Challengers Bangalore,Rajasthan Royals,Rajasthan Royals,field,Royal Challengers Bangalore,7,0,,,,GJ Maxwell,Indian Premier League,32.0,,20,6,1359506.json
1359507,2023,2023-04-23,Kolkata,"Eden Gardens, Kolkata",T20,male,club,Chennai Super Kings,Kolkata Knight Riders,Kolkata Knight Riders,field,Chennai Super Kings,49,0,,,,AM Rahane,Indian Premier League,33.0,,20,6,1359507.json
1359508,2023,2023-04-24,Hyderabad,"Rajiv Gandhi International Stadium, Uppal, Hyderabad",T20,male,club,Delhi Capitals,Sunrisers Hyderabad,Delhi Capitals,bat,Delhi Capitals,7,0,,,,AR Patel,Indian Premier League,34.0,,20,6,1359508.json
1359509,2023,2023-04-25,Ahmedabad,"Narendra Modi Stadium, Ahmedabad",T20,male,club,Gujarat Titans,Mumbai Indians,Mumbai Indians,field,Gujarat Titans,55,0,,,,A Manohar,Indian Premier League,35.0,,20,6,1359509.json
1359510,2023,2023-04-26,Bengaluru,"M Chinnaswamy Stadium, Bengaluru",T20,male,club,Kolkata Knight Riders,Royal Challengers Bangalore,Royal Challengers Bangalore,field,Kolkata Knight Riders,21,0,,,,CV Varun,Indian Premier League,36.0,,20,6,1359510.json
1359511,2023,2023-04-27,Jaipur,"Sawai Mansingh Stadium, Jaipur",T20,male,club,Rajasthan Royals,Chennai Super Kings,Rajasthan Royals,bat,Rajasthan Royals,32,0,,,,YBK Jaiswal,Indian Premier League,37.0,,20,6,1359511.json
1359512,2023,2023-04-28,Chandigarh,"Punjab Cricket Association IS Bindra Stadium, Mohali, Chandigarh",T20,male,club,Lucknow Super Giants,Punjab Kings,Punjab Kings,field,Lucknow Super Giants,56,0,,,,MP Stoinis,Indian Premier League,38.0,,20,6,1359512.json
1359513,2023,2023-04-29,Kolkata,"Eden Gardens, Kolkata",T20,male,club,Kolkata Knight Riders,Gujarat Titans,Gujarat Titans,field,Gujarat Titans,0,7,,,,J Little,Indian Premier League,39.0,,20,6,1359513.json
1359514,2023,2023-04-29,Delhi,"Arun Jaitley Stadium, Delhi",T20,male,club,Sunrisers Hyderabad,Delhi Capitals,Sunrisers Hyderabad,bat,Sunrisers Hyderabad,9,0,,,,MR Marsh,Indian Premier League,40.0,,20,6,1359514.json
1359515,2023,2023-04-30,Chennai,"MA Chidambaram Stadium, Chepauk, Chennai",T20,male,club,Chennai Super Kings,Punjab Kings,Chennai Super Kings,bat,Punjab Kings,0,4,,,,DP Conway,Indian Premier League,41.0,,20,6,1359515.json
1359516,2023,2023-04-30,Mumbai,"Wankhede Stadium, Mumbai",T20,male,club,Rajasthan Royals,Mumbai Indians,Rajasthan Royals,bat,Mumbai Indians,0,6,,,,YBK Jaiswal,Indian Premier League,42.0,,20,6,1359516.json
1359517,2023,2023-05-01,Lucknow,"Bharat Ratna Shri Atal Bihari Vajpayee Ekana Cricket Stadium, Lucknow",T20,male,club,Royal Challengers Bangalore,Lucknow Super Giants,Royal Challengers Bangalore,bat,Royal Challengers Bangalore,18,0,,,,F du Plessis,Indian Premier League,43.0,,20,6,1359517.json
1359518,2023,2023-05-02,Ahmedabad,"Narendra Modi Stadium, Ahmedabad",T20,male,club,Delhi Capitals,Gujarat Titans,Delhi Capitals,bat,Delhi Capitals,5,0,,,,Mohammed Shami,Indian Premier League,44.0,,20,6,1359518.json
1359519,2023,2023-05-03,Lucknow,"Bharat Ratna Shri Atal Bihari Vajpayee Ekana Cricket Stadium, Lucknow",T20,male,club,Lucknow Super Giants,Chennai Super Kings,Chennai Super Kings,field,,0,0,no result,,,,Indian Premier League,45.0,,20,6,1359519.json
1359520,2023,2023-05-03,Chandigarh,"Punjab Cricket Association IS Bindra Stadium, Mohali, Chandigarh",T20,male,club,Punjab Kings,Mumbai Indians,Mumbai Indians,field,Mumbai Indians,0,6,,,,Ishan Kishan,Indian Premier League,46.0,,20,6,1359520.json
1359521,2023,2023-05-04,Hyderabad,"Rajiv Gandhi International Stadium, Uppal, Hyderabad",T20,male,club,Kolkata Knight Riders,Sunrisers Hyderabad,Kolkata Knight Riders,bat,Kolkata Knight Riders,5,0,,,,CV Varun,Indian Premier League,47.0,,20,6,1359521.json
1359522,2023,2023-05-05,Jaipur,"Sawai Mansingh Stadium, Jaipur",T20,male,club,Rajasthan Royals,Gujarat Titans,Rajasthan Royals,bat,Gujarat Titans,0,9,,,,Rashid Khan,Indian Premier League,48.0,,20,6,1359522.json
1359523,2023,2023-05-06,Chennai,"MA Chidambaram Stadium, Chepauk, Chennai",T20,male,club,Mumbai Indians,Chennai Super Kings,Chennai Super Kings,field,Chennai Super Kings,0,6,,,,M Pathirana,Indian Premier League,49.0,,20,6,1359523.json
1359524,2023,2023-05-06,Delhi,"Arun Jaitley Stadium, Delhi",T20,male,club,Royal Challengers Bangalore,Delhi Capitals,Royal Challengers Bangalore,bat,Delhi Capitals,0,7,,,,PD Salt,Indian Premier League,50.0,,20,6,1359524.json
1359525,2023,2023-05-07,Ahmedabad,"Narendra Modi Stadium, Ahmedabad",T20,male,club,Gujarat Titans,Lucknow Super Giants,Lucknow Super Giants,field,Gujarat Titans,56,0,,,,Shubman Gill,Indian Premier League,51.0,,20,6,1359525.json
1359526,2023,2023-05-07,Jaipur,"Sawai Mansingh Stadium, Jaipur",T20,male,club,Rajasthan Royals,Sunrisers Hyderabad,Rajasthan Royals,bat,Sunrisers Hyderabad,0,4,,,,GD Phillips,Indian Premier League,52.0,,20,6,1359526.json
1359527,2023,2023-05-08,Kolkata,"Eden Gardens, Kolkata",T20,male,club,Punjab Kings,Kolkata Knight Riders,Punjab Kings,bat,Kolkata Knight Riders,0,5,,,,AD Russell,Indian Premier League,53.0,,20,6,1359527.json
1359528,2023,2023-05-09,Mumbai,"Wankhede Stadium, Mumbai",T20,male,club,Royal Challengers Bangalore,Mumbai Indians,Mumbai Indians,field,Mumbai Indians,0,6,,,,SA Yadav,Indian Premier League,54.0,,20,6,1359528.json
1359529,2023,2023-05-10,Chennai,"MA Chidambaram Stadium, Chepauk, Chennai",T20,male,club,Chennai Super Kings,Delhi Capitals,Chennai Super Kings,bat,Chennai Super Kings,27,0,,,,RA Jadeja,Indian Premier League,55.0,,20,6,1359529.json
1359530,2023,2023-05-11,Kolkata,"Eden Gardens, Kolkata",T20,male,club,Kolkata Knight Riders,Rajasthan Royals,Rajasthan Royals,field,Rajasthan Royals,0,9,,,,YBK Jaiswal,Indian Premier League,56.0,,20,6,1359530.json
1359531,2023,2023-05-12,Mumbai,"Wankhede Stadium, Mumbai",T20,male,club,Mumbai Indians,Gujarat Titans,Gujarat Titans,field,Mumbai Indians,27,0,,,,SA Yadav,Indian Premier League,57.0,,20,6,1359531.json
1359532,2023,2023-05-13,Hyderabad,"Rajiv Gandhi International Stadium, Uppal, Hyderabad",T20,male,club,Sunrisers Hyderabad,Lucknow Super Giants,Sunrisers Hyderabad,bat,Lucknow Super Giants,0,7,,,,PN Mankad,Indian Premier League,58.0,,20,6,1359532.json
1359533,2023,2023-05-13,Delhi,"Arun Jaitley Stadium, Delhi",T20,male,club,Punjab Kings,Delhi Capitals,Delhi Capitals,field,Punjab Kings,31,0,,,,P Simran Singh,Indian Premier League,59.0,,20,6,1359533.json
1359534,2023,2023-05-14,Jaipur,"Sawai Mansingh Stadium, Jaipur",T20,male,club,Royal Challengers Bangalore,Rajasthan Royals,Royal Challengers Bangalore,bat,Royal Challengers Bangalore,112,0,,,,WD Parnell,Indian Premier League,60.0,,20,6,1359534.json
1359535,2023,2023-05-14,Chennai,"MA Chidambaram Stadium, Chepauk, Chennai",T20,male,club,Chennai Super Kings,Kolkata Knight Riders,Chennai Super Kings,bat,Kolkata Knight Riders,0,6,,,,RK Singh,Indian Premier League,61.0,,20,6,1359535.json
1359536,2023,2023-05-15,Ahmedabad,"Narendra Modi Stadium, Ahmedabad",T20,male,club,Gujarat Titans,Sunrisers Hyderabad,Sunrisers Hyderabad,field,Gujarat Titans,34,0,,,,Shubman Gill,Indian Premier League,62.0,,20,6,1359536.json
1359537,2023,2023-05-16,Lucknow,"Bharat Ratna Shri Atal Bihari Vajpayee Ekana Cricket Stadium, Lucknow",T20,male,club,Lucknow Super Giants,Mumbai Indians,Mumbai Indians,field,Lucknow Super Giants,5,0,,,,MP Stoinis,Indian Premier League,63.0,,20,6,1359537.json
1359538,2023,2023-05-17,Dharamsala,"Himachal Pradesh Cricket Association Stadium, Dharamsala",T20,male,club,Delhi Capitals,Punjab Kings,Punjab Kings,field,Delhi Capitals,15,0,,,,RR Rossouw,Indian Premier League,64.0,,20,6,1359538.json
1359539,2023,2023-05-18,Hyderabad,"Rajiv Gandhi International Stadium, Uppal, Hyderabad",T20,male,club,Sunrisers Hyderabad,Royal Challengers Bangalore,Royal Challengers Bangalore,field,Royal Challengers Bangalore,0,8,,,,V Kohli,Indian Premier League,65.0,,20,6,1359539.json
1359540,2023,2023-05-19,Dharamsala,"Himachal Pradesh Cricket Association Stadium, Dharamsala",T20,male,club,Punjab Kings,Rajasthan Royals,Rajasthan Royals,field,Rajasthan Royals,0,4,,,,D Padikkal,Indian Premier League,66.0,,20,6,1359540.json
1359541,2023,2023-05-20,Delhi,"Arun Jaitley Stadium, Delhi",T20,male,club,Chennai Super Kings,Delhi Capitals,Chennai Super Kings,bat,Chennai Super Kings,77,0,,,,RD Gaikwad,Indian Premier League,67.0,,20,6,1359541.json
1359542,2023,2023-05-20,Kolkata,"Eden Gardens, Kolkata",T20,male,club,Lucknow Super Giants,Kolkata Knight Riders,Kolkata Knight Riders,field,Lucknow Super Giants,1,0,,,,N Pooran,Indian Premier League,68.0,,20,6,1359542.json
1359543,2023,2023-05-21,Mumbai,"Wankhede Stadium, Mumbai",T20,male,club,Sunrisers Hyderabad,Mumbai Indians,Mumbai Indians,field,Mumbai Indians,0,8,,,,C Green,Indian Premier League,69.0,,20,6,1359543.json
1359544,2023,2023-05-21,Bengaluru,"M Chinnaswamy Stadium, Bengaluru",T20,male,club,Royal Challengers Bangalore,Gujarat Titans,Gujarat Titans,field,Gujarat Titans,0,6,,,,Shubman Gill,Indian Premier League,70.0,,20,6,1359544.json
1370350,2023,2023-05-23,Chennai,"MA Chidambaram Stadium, Chepauk, Chennai",T20,male,club,Chennai Super Kings,Gujarat Titans,Gujarat Titans,field,Chennai Super Kings,15,0,,,,RD Gaikwad,Indian Premier League,,,20,6,1370350.json
1370351,2023,2023-05-24,Chennai,"MA Chidambaram Stadium, Chepauk, Chennai",T20,male,club,Mumbai Indians,Lucknow Super Giants,Mumbai Indians,bat,Mumbai Indians,81,0,,,,Akash Madhwal,Indian Premier League,,,20,6,1370351.json
1370352,2023,2023-05-26,Ahmedabad,"Narendra Modi Stadium, Ahmedabad",T20,male,club,Gujarat Titans,Mumbai Indians,Mumbai Indians,field,Gujarat Titans,62,0,,,,Shubman Gill,Indian Premier League,,,20,6,1370352.json
1370353,2023,2023-05-29,Ahmedabad,"Narendra Modi Stadium, Ahmedabad",T20,male,club,Gujarat Titans,Chennai Super Kings,Chennai Super Kings,field,Chennai Super Kings,0,5,,D/L,,DP Conway,Indian Premier League,,,20,6,1370353.json
1422119,2024,2024-03-22,Chennai,"MA Chidambaram Stadium, Chepauk, Chennai",T20,male,club,Royal Challengers Bengaluru,Chennai Super Kings,Royal Challengers Bengaluru,bat,Chennai Super Kings,0,6,,,,Mustafizur Rahman,Indian Premier League,1.0,,20,6,1422119.json
1422120,2024,2024-03-23,Mohali,"Maharaja Yadavindra Singh International Cricket Stadium, Mullanpur",T20,male,club,Delhi Capitals,Punjab Kings,Punjab Kings,field,Punjab Kings,0,4,,,,SM Curran,Indian Premier League,2.0,,20,6,1422120.json
1422121,2024,2024-03-23,Kolkata,"Eden Gardens, Kolkata",T20,male,club,Kolkata Knight Riders,Sunrisers Hyderabad,Sunrisers Hyderabad,field,Kolkata Knight Riders,4,0,,,,AD Russell,Indian Premier League,3.0,,20,6,1422121.json
1422122,2024,2024-03-24,Jaipur,"Sawai Mansingh Stadium, Jaipur",T20,male,club,Rajasthan Royals,Lucknow Super Giants,Rajasthan Royals,bat,Rajasthan Royals,20,0,,,,SV Samson,Indian Premier League,4.0,,20,6,1422122.json
1422123,2024,2024-03-24,Ahmedabad,"Narendra Modi Stadium, Ahmedabad",T20,male,club,Gujarat Titans,Mumbai Indians,Mumbai Indians,field,Gujarat Titans,6,0,,,,B Sai Sudharsan,Indian Premier League,5.0,,20,6,1422123.json
1422124,2024,2024-03-25,Bengaluru,"M Chinnaswamy Stadium, Bengaluru",T20,male,club,Punjab Kings,Royal Challengers Bengaluru,Royal Challengers Bengaluru,field,Royal Challengers Bengaluru,0,4,,,,V Kohli,Indian Premier League,6.0,,20,6,1422124.json
1422125,2024,2024-03-26,Chennai,"MA Chidambaram Stadium, Chepauk, Chennai",T20,male,club,Chennai Super Kings,Gujarat Titans,Gujarat Titans,field,Chennai Super Kings,63,0,,,,S Dube,Indian Premier League,7.0,,20,6,1422125.json
1422126,2024,2024-03-27,Hyderabad,"Rajiv Gandhi International Stadium, Uppal, Hyderabad",T20,male,club,Sunrisers Hyderabad,Mumbai Indians,Mumbai Indians,field,Sunrisers Hyderabad,31,0,,,,Abhishek Sharma,Indian Premier League,8.0,,20,6,1422126.json
1422127,2024,2024-03-28,Jaipur,"Sawai Mansingh Stadium, Jaipur",T20,male,club,Rajasthan Royals,Delhi Capitals,Delhi Capitals,field,Rajasthan Royals,12,0,,,,R Parag,Indian Premier League,9.0,,20,6,1422127.json
1422128,2024,2024-03-29,Bengaluru,"M Chinnaswamy Stadium, Bengaluru",T20,male,club,Royal Challengers Bengaluru,Kolkata Knight Riders,Kolkata Knight Riders,field,Kolkata Knight Riders,0,7,,,,SP Narine,Indian Premier League,10.0,,20,6,1422128.json
1422129,2024,2024-03-30,Lucknow,"Bharat Ratna Shri Atal Bihari Vajpayee Ekana Cricket Stadium, Lucknow",T20,male,club,Lucknow Super Giants,Punjab Kings,Lucknow Super Giants,bat,Lucknow Super Giants,21,0,,,,MP Yadav,Indian Premier League,11.0,,20,6,1422129.json
1422130,2024,2024-03-31,Ahmedabad,"Narendra Modi Stadium, Ahmedabad",T20,male,club,Sunrisers Hyderabad,Gujarat Titans,Sunrisers Hyderabad,bat,Gujarat Titans,0,7,,,,MM Sharma,Indian Premier League,12.0,,20,6,1422130.json
1422131,2024,2024-03-31,Visakhapatnam,"Dr. Y.S. Rajasekhara Reddy ACA-VDCA Cricket Stadium, Visakhapatnam",T20,male,club,Delhi Capitals,Chennai Super Kings,Delhi Capitals,bat,Delhi Capitals,20,0,,,,KK Ahmed,Indian Premier League,13.0,,20,6,1422131.json
1422132,2024,2024-04-01,Mumbai,"Wankhede Stadium, Mumbai",T20,male,club,Mumbai Indians,Rajasthan Royals,Rajasthan Royals,field,Rajasthan Royals,0,6,,,,TA Boult,Indian Premier League,14.0,,20,6,1422132.json
1422133,2024,2024-04-02,Bengaluru,"M Chinnaswamy Stadium, Bengaluru",T20,male,club,Lucknow Super Giants,Royal Challengers Bengaluru,Royal Challengers Bengaluru,field,Lucknow Super Giants,28,0,,,,MP Yadav,Indian Premier League,15.0,,20,6,1422133.json
1422134,2024,2024-04-03,Visakhapatnam,"Dr. Y.S. Rajasekhara Reddy ACA-VDCA Cricket Stadium, Visakhapatnam",T20,male,club,Kolkata Knight Riders,Delhi Capitals,Kolkata Knight Riders,bat,Kolkata Knight Riders,106,0,,,,SP Narine,Indian Premier League,16.0,,20,6,1422134.json
1422135,2024,2024-04-04,Ahmedabad,"Narendra Modi Stadium, Ahmedabad",T20,male,club,Gujarat Titans,Punjab Kings,Punjab Kings,field,Punjab Kings,0,3,,,,Shashank Singh,Indian Premier League,17.0,,20,6,1422135.json
1422136,2024,2024-04-05,Hyderabad,"Rajiv Gandhi International Stadium, Uppal, Hyderabad",T20,male,club,Chennai Super Kings,Sunrisers Hyderabad,Sunrisers Hyderabad,field,Sunrisers Hyderabad,0,6,,,,Abhishek Sharma,Indian Premier League,18.0,,20,6,1422136.json
1422137,2024,2024-04-06,Jaipur,"Sawai Mansingh Stadium, Jaipur",T20,male,club,Royal Challengers Bengaluru,Rajasthan Royals,Rajasthan Royals,field,Rajasthan Royals,0,6,,,,JC Buttler,Indian Premier League,19.0,,20,6,1422137.json
1422138,2024,2024-04-07,Mumbai,"Wankhede Stadium, Mumbai",T20,male,club,Mumbai Indians,Delhi Capitals,Delhi Capitals,field,Mumbai Indians,29,0,,,,R Shepherd,Indian Premier League,20.0,,20,6,1422138.json
1422139,2024,2024-04-07,Lucknow,"Bharat Ratna Shri Atal Bihari Vajpayee Ekana Cricket Stadium, Lucknow",T20,male,club,Lucknow Super Giants,Gujarat Titans,Lucknow Super Giants,bat,Lucknow Super Giants,33,0,,,,Yash Thakur,Indian Premier League,21.0,,20,6,1422139.json
1426260,2024,2024-04-08,Chennai,"MA Chidambaram Stadium, Chepauk, Chennai",T20,male,club,Kolkata Knight Riders,Chennai Super Kings,Chennai Super Kings,field,Chennai Super Kings,0,7,,,,RA Jadeja,Indian Premier League,22.0,,20,6,1426260.json
1426261,2024,2024-04-09,Mohali,"Maharaja Yadavindra Singh International Cricket Stadium, Mullanpur",T20,male,club,Sunrisers Hyderabad,Punjab Kings,Punjab Kings,field,Sunrisers Hyderabad,2,0,,,,Nithish Kumar Reddy,Indian Premier League,23.0,,20,6,1426261.json
1426262,2024,2024-04-10,Jaipur,"Sawai Mansingh Stadium, Jaipur",T20,male,club,Rajasthan Royals,Gujarat Titans,Gujarat Titans,field,Gujarat Titans,0,3,,,,Rashid Khan,Indian Premier League,24.0,,20,6,1426262.json
1426263,2024,2024-04-11,Mumbai,"Wankhede Stadium, Mumbai",T20,male,club,Royal Challengers Bengaluru,Mumbai Indians,Mumbai Indians,field,Mumbai Indians,0,7,,,,JJ Bumrah,Indian Premier League,25.0,,20,6,1426263.json
1426264,2024,2024-04-12,Lucknow,"Bharat Ratna Shri Atal Bihari Vajpayee Ekana Cricket Stadium, Lucknow",T20,male,club,Lucknow Super Giants,Delhi Capitals,Lucknow Super Giants,bat,Delhi Capitals,0,6,,,,Kuldeep Yadav,Indian Premier League,26.0,,20,6,1426264.json
1426265,2024,2024-04-13,Mohali,"Maharaja Yadavindra Singh International Cricket Stadium, Mullanpur",T20,male,club,Punjab Kings,Rajasthan Royals,Rajasthan Royals,field,Rajasthan Royals,0,3,,,,SO Hetmyer,Indian Premier League,27.0,,20,6,1426265.json
1426266,2024,2024-04-14,Kolkata,"Eden Gardens, Kolkata",T20,male,club,Lucknow Super Giants,Kolkata Knight Riders,Kolkata Knight Riders,field,Kolkata Knight Riders,0,8,,,,PD Salt,Indian Premier League,28.0,,20,6,1426266.json
1426267,2024,2024-04-14,Mumbai,"Wankhede Stadium, Mumbai",T20,male,club,Chennai Super Kings,Mumbai Indians,Mumbai Indians,field,Chennai Super Kings,20,0,,,,M Pathirana,Indian Premier League,29.0,,20,6,1426267.json
1426268,2024,2024-04-15,Bengaluru,"M Chinnaswamy Stadium, Bengaluru",T20,male,club,Sunrisers Hyderabad,Royal Challengers Bengaluru,Royal Challengers Bengaluru,field,Sunrisers Hyderabad,25,0,,,,TM Head,Indian Premier League,30.0,,20,6,1426268.json
1426269,2024,2024-04-16,Kolkata,"Eden Gardens, Kolkata",T20,male,club,Kolkata Knight Riders,Rajasthan Royals,Rajasthan Royals,field,Rajasthan Royals,0,2,,,,JC Buttler,Indian Premier League,31.0,,20,6,1426269.json
1426270,2024,2024-04-17,Ahmedabad,"Narendra Modi Stadium, Ahmedabad",T20,male,club,Gujarat Titans,Delhi Capitals,Delhi Capitals,field,Delhi Capitals,0,6,,,,RR Pant,Indian Premier League,32.0,,20,6,1426270.json
1426271,2024,2024-04-18,Mohali,"Maharaja Yadavindra Singh International Cricket Stadium, Mullanpur",T20,male,club,Mumbai Indians,Punjab Kings,Punjab Kings,field,Mumbai Indians,9,0,,,,JJ Bumrah,Indian Premier League,33.0,,20,6,1426271.json
1426272,2024,2024-04-19,Lucknow,"Bharat Ratna Shri Atal Bihari Vajpayee Ekana Cricket Stadium, Lucknow",T20,male,club,Chennai Super Kings,Lucknow Super Giants,Lucknow Super Giants,field,Lucknow Super Giants,0,8,,,,KL Rahul,Indian Premier League,34.0,,20,6,1426272.json
1426273,2024,2024-04-20,Delhi,"Arun Jaitley Stadium, Delhi",T20,male,club,Sunrisers Hyderabad,Delhi Capitals,Delhi Capitals,field,Sunrisers Hyderabad,67,0,,,,TM Head,Indian Premier League,35.0,,20,6,1426273.json
1426274,2024,2024-04-21,Kolkata,"Eden Gardens, Kolkata",T20,male,club,Kolkata Knight Riders,Royal Challengers Bengaluru,Royal Challengers Bengaluru,field,Kolkata Knight Riders,1,0,,,,AD Russell,Indian Premier League,36.0,,20,6,1426274.json
1426275,2024,2024-04-21,Mohali,"Maharaja Yadavindra Singh International Cricket Stadium, Mullanpur",T20,male,club,Punjab Kings,Gujarat Titans,Punjab Kings,bat,Gujarat Titans,0,3,,,,R Sai Kishore,Indian Premier League,37.0,,20,6,1426275.json
1426276,2024,2024-04-22,Jaipur,"Sawai Mansingh Stadium, Jaipur",T20,male,club,Mumbai Indians,Rajasthan Royals,Mumbai Indians,bat,Rajasthan Royals,0,9,,,,Sandeep Sharma,Indian Premier League,38.0,,20,6,1426276.json
1426277,2024,2024-04-23,Chennai,"MA Chidambaram Stadium, Chepauk, Chennai",T20,male,club,Chennai Super Kings,Lucknow Super Giants,Lucknow Super Giants,field,Lucknow Super Giants,0,6,,,,MP Stoinis,Indian Premier League,39.0,,20,6,1426277.json
1426278,2024,2024-04-24,Delhi,"Arun Jaitley Stadium, Delhi",T20,male,club,Delhi Capitals,Gujarat Titans,Gujarat Titans,field,Delhi Capitals,4,0,,,,RR Pant,Indian Premier League,40.0,,20,6,1426278.json
1426279,2024,2024-04-25,Hyderabad,"Rajiv Gandhi International Stadium, Uppal, Hyderabad",T20,male,club,Royal Challengers Bengaluru,Sunrisers Hyderabad,Royal Challengers Bengaluru,bat,Royal Challengers Bengaluru,35,0,,,,RM Patidar,Indian Premier League,41.0,,20,6,1426279.json
1426280,2024,2024-04-26,Kolkata,"Eden Gardens, Kolkata",T20,male,club,Kolkata Knight Riders,Punjab Kings,Punjab Kings,field,Punjab Kings,0,8,,,,JM Bairstow,Indian Premier League,42.0,,20,6,1426280.json
1426281,2024,2024-04-27,Delhi,"Arun Jaitley Stadium, Delhi",T20,male,club,Delhi Capitals,Mumbai Indians,Mumbai Indians,field,Delhi Capitals,10,0,,,,J Fraser-McGurk,Indian Premier League,43.0,,20,6,1426281.json
1426282,2024,2024-04-27,Lucknow,"Bharat Ratna Shri Atal Bihari Vajpayee Ekana Cricket Stadium, Lucknow",T20,male,club,Lucknow Super Giants,Rajasthan Royals,Rajasthan Royals,field,Rajasthan Royals,0,7,,,,SV Samson,Indian Premier League,44.0,,20,6,1426282.json
1426283,2024,2024-04-28,Ahmedabad,"Narendra Modi Stadium, Ahmedabad",T20,male,club,Gujarat Titans,Royal Challengers Bengaluru,Royal Challengers Bengaluru,field,Royal Challengers Bengaluru,0,9,,,,WG Jacks,Indian Premier League,45.0,,20,6,1426283.json
1426284,2024,2024-04-28,Chennai,"MA Chidambaram Stadium, Chepauk, Chennai",T20,male,club,Chennai Super Kings,Sunrisers Hyderabad,Sunrisers Hyderabad,field,Chennai Super Kings,78,0,,,,RD Gaikwad,Indian Premier League,46.0,,20,6,1426284.json
1426285,2024,2024-04-29,Kolkata,"Eden Gardens, Kolkata",T20,male,club,Delhi Capitals,Kolkata Knight Riders,Delhi Capitals,bat,Kolkata Knight Riders,0,7,,,,CV Varun,Indian Premier League,47.0,,20,6,1426285.json
1426286,2024,2024-04-30,Lucknow,"Bharat Ratna Shri Atal Bihari Vajpayee Ekana Cricket Stadium, Lucknow",T20,male,club,Mumbai Indians,Lucknow Super Giants,Lucknow Super Giants,field,Lucknow Super Giants,0,4,,,,MP Stoinis,Indian Premier League,48.0,,20,6,1426286.json
1426287,2024,2024-05-01,Chennai,"MA Chidambaram Stadium, Chepauk, Chennai",T20,male,club,Chennai Super Kings,Punjab Kings,Punjab Kings,field,Punjab Kings,0,7,,,,Harpreet Brar,Indian Premier League,49.0,,20,6,1426287.json
1426288,2024,2024-05-02,Hyderabad,"Rajiv Gandhi International Stadium, Uppal, Hyderabad",T20,male,club,Sunrisers Hyderabad,Rajasthan Royals,Sunrisers Hyderabad,bat,Sunrisers Hyderabad,1,0,,,,B Kumar,Indian Premier League,50.0,,20,6,1426288.json
1426289,2024,2024-05-03,Mumbai,"Wankhede Stadium, Mumbai",T20,male,club,Kolkata Knight Riders,Mumbai Indians,Mumbai Indians,field,Kolkata Knight Riders,24,0,,,,VR Iyer,Indian Premier League,51.0,,20,6,1426289.json
1426290,2024,2024-05-04,Bengaluru,"M Chinnaswamy Stadium, Bengaluru",T20,male,club,Gujarat Titans,Royal Challengers Bengaluru,Royal Challengers Bengaluru,field,Royal Challengers Bengaluru,0,4,,,,Mohammed Siraj,Indian Premier League,52.0,,20,6,1426290.json
1426291,2024,2024-05-05,Dharamsala,"Himachal Pradesh Cricket Association Stadium, Dharamsala",T20,male,club,Chennai Super Kings,Punjab Kings,Punjab Kings,field,Chennai Super Kings,28,0,,,,RA Jadeja,Indian Premier League,53.0,,20,6,1426291.json
1426292,2024,2024-05-05,Lucknow,"Bharat Ratna Shri Atal Bihari Vajpayee Ekana Cricket Stadium, Lucknow",T20,male,club,Kolkata Knight Riders,Lucknow Super Giants,Lucknow Super Giants,field,Kolkata Knight Riders,98,0,,,,SP Narine,Indian Premier League,54.0,,20,6,1426292.json
1426293,2024,2024-05-06,Mumbai,"Wankhede Stadium, Mumbai",T20,male,club,Sunrisers Hyderabad,Mumbai Indians,Mumbai Indians,field,Mumbai Indians,0,7,,,,SA Yadav,Indian Premier League,55.0,,20,6,1426293.json
1426294,2024,2024-05-07,Delhi,"Arun Jaitley Stadium, Delhi",T20,male,club,Delhi Capitals,Rajasthan Royals,Rajasthan Royals,field,Delhi Capitals,20,0,,,,Kuldeep Yadav,Indian Premier League,56.0,,20,6,1426294.json
1426295,2024,2024-05-08,Hyderabad,"Rajiv Gandhi International Stadium, Uppal, Hyderabad",T20,male,club,Lucknow Super Giants,Sunrisers Hyderabad,Lucknow Super Giants,bat,Sunrisers Hyderabad,0,10,,,,TM Head,Indian Premier League,57.0,,20,6,1426295.json
1426296,2024,2024-05-09,Dharamsala,"Himachal Pradesh Cricket Association Stadium, Dharamsala",T20,male,club,Royal Challengers Bengaluru,Punjab Kings,Punjab Kings,field,Royal Challengers Bengaluru,60,0,,,,V Kohli,Indian Premier League,58.0,,20,6,1426296.json
1426297,2024,2024-05-10,Ahmedabad,"Narendra Modi Stadium, Ahmedabad",T20,male,club,Gujarat Titans,Chennai Super Kings,Chennai Super Kings,field,Gujarat Titans,35,0,,,,Shubman Gill,Indian Premier League,59.0,,20,6,1426297.json
1426298,2024,2024-05-11,Kolkata,"Eden Gardens, Kolkata",T20,male,club,Kolkata Knight Riders,Mumbai Indians,Mumbai Indians,field,Kolkata Knight Riders,18,0,,,,CV Varun,Indian Premier League,60.0,,20,6,1426298.json
1426299,2024,2024-05-12,Chennai,"MA Chidambaram Stadium, Chepauk, Chennai",T20,male,club,Rajasthan Royals,Chennai Super Kings,Rajasthan Royals,bat,Chennai Super Kings,0,5,,,,Simarjeet Singh,Indian Premier League,61.0,,20,6,1426299.json
1426300,2024,2024-05-12,Bengaluru,"M Chinnaswamy Stadium, Bengaluru",T20,male,club,Royal Challengers Bengaluru,Delhi Capitals,Delhi Capitals,field,Royal Challengers Bengaluru,47,0,,,,C Green,Indian Premier League,62.0,,20,6,1426300.json
1426302,2024,2024-05-14,Delhi,"Arun Jaitley Stadium, Delhi",T20,male,club,Delhi Capitals,Lucknow Super Giants,Lucknow Super Giants,field,Delhi Capitals,19,0,,,,I Sharma,Indian Premier League,64.0,,20,6,1426302.json
1426303,2024,2024-05-15,Guwahati,"Barsapara Cricket Stadium, Guwahati",T20,male,club,Rajasthan Royals,Punjab Kings,Rajasthan Royals,bat,Punjab Kings,0,5,,,,SM Curran,Indian Premier League,65.0,,20,6,1426303.json
1426305,2024,2024-05-17,Mumbai,"Wankhede Stadium, Mumbai",T20,male,club,Lucknow Super Giants,Mumbai Indians,Mumbai Indians,field,Lucknow Super Giants,18,0,,,,N Pooran,Indian Premier League,67.0,,20,6,1426305.json
1426306,2024,2024-05-18,Bengaluru,"M Chinnaswamy Stadium, Bengaluru",T20,male,club,Royal Challengers Bengaluru,Chennai Super Kings,Chennai Super Kings,field,Royal Challengers Bengaluru,27,0,,,,F du Plessis,Indian Premier League,68.0,,20,6,1426306.json
1426307,2024,2024-05-19,Hyderabad,"Rajiv Gandhi International Stadium, Uppal, Hyderabad",T20,male,club,Punjab Kings,Sunrisers Hyderabad,Punjab Kings,bat,Sunrisers Hyderabad,0,4,,,,Abhishek Sharma,Indian Premier League,69.0,,20,6,1426307.json
1426309,2024,2024-05-21,Ahmedabad,"Narendra Modi Stadium, Ahmedabad",T20,male,club,Sunrisers Hyderabad,Kolkata Knight Riders,Sunrisers Hyderabad,bat,Kolkata Knight Riders,0,8,,,,MA Starc,Indian Premier League,,,20,6,1426309.json
1426310,2024,2024-05-22,Ahmedabad,"Narendra Modi Stadium, Ahmedabad",T20,male,club,Royal Challengers Bengaluru,Rajasthan Royals,Rajasthan Royals,field,Rajasthan Royals,0,4,,,,R Ashwin,Indian Premier League,,,20,6,1426310.json
1426311,2024,2024-05-24,Chennai,"MA Chidambaram Stadium, Chepauk, Chennai",T20,male,club,Sunrisers Hyderabad,Rajasthan Royals,Rajasthan Royals,field,Sunrisers Hyderabad,36,0,,,,Shahbaz Ahmed,Indian Premier League,,,20,6,1426311.json
1426312,2024,2024-05-26,Chennai,"MA Chidambaram Stadium, Chepauk, Chennai",T20,male,club,Sunrisers Hyderabad,Kolkata Knight Riders,Sunrisers Hyderabad,bat,Kolkata Knight Riders,0,8,,,,MA Starc,Indian Premier League,,,20,6,1426312.json
1473438,2025,2025-03-22,Kolkata,"Eden Gardens, Kolkata",T20,male,club,Kolkata Knight Riders,Royal Challengers Bengaluru,Royal Challengers Bengaluru,field,Royal Challengers Bengaluru,0,7,,,,KH Pandya,Indian Premier League,1.0,,20,6,1473438.json
1473439,2025,2025-03-23,Hyderabad,"Rajiv Gandhi International Stadium, Uppal, Hyderabad",T20,male,club,Sunrisers Hyderabad,Rajasthan Royals,Rajasthan Royals,field,Sunrisers Hyderabad,44,0,,,,Ishan Kishan,Indian Premier League,2.0,,20,6,1473439.json
1473440,2025,2025-03-23,Chennai,"MA Chidambaram Stadium, Chepauk, Chennai",T20,male,club,Mumbai Indians,Chennai Super Kings,Chennai Super Kings,field,Chennai Super Kings,0,4,,,,Noor Ahmad,Indian Premier League,3.0,,20,6,1473440.json
1473441,2025,2025-03-24,Visakhapatnam,"Dr. Y.S. Rajasekhara Reddy ACA-VDCA Cricket Stadium, Visakhapatnam",T20,male,club,Lucknow Super Giants,Delhi Capitals,Delhi Capitals,field,Delhi Capitals,0,1,,,,Ashutosh Sharma,Indian Premier League,4.0,,20,6,1473441.json
1473442,2025,2025-03-25,Ahmedabad,"Narendra Modi Stadium, Ahmedabad",T20,male,club,Punjab Kings,Gujarat Titans,Gujarat Titans,field,Punjab Kings,11,0,,,,SS Iyer,Indian Premier League,5.0,,20,6,1473442.json
1473443,2025,2025-03-26,Guwahati,"Barsapara Cricket Stadium, Guwahati",T20,male,club,Rajasthan Royals,Kolkata Knight Riders,Kolkata Knight Riders,field,Kolkata Knight Riders,0,8,,,,Q de Kock,Indian Premier League,6.0,,20,6,1473443.json
1473444,2025,2025-03-27,Hyderabad,"Rajiv Gandhi International Stadium, Uppal, Hyderabad",T20,male,club,Sunrisers Hyderabad,Lucknow Super Giants,Lucknow Super Giants,field,Lucknow Super Giants,0,5,,,,SN Thakur,Indian Premier League,7.0,,20,6,1473444.json
1473445,2025,2025-03-28,Chennai,"MA Chidambaram Stadium, Chepauk, Chennai",T20,male,club,Royal Challengers Bengaluru,Chennai Super Kings,Chennai Super Kings,field,Royal Challengers Bengaluru,50,0,,,,RM Patidar,Indian Premier League,8.0,,20,6,1473445.json
1473446,2025,2025-03-29,Ahmedabad,"Narendra Modi Stadium, Ahmedabad",T20,male,club,Gujarat Titans,Mumbai Indians,Mumbai Indians,field,Gujarat Titans,36,0,,,,M Prasidh Krishna,Indian Premier League,9.0,,20,6,1473446.json
1473447,2025,2025-03-30,Visakhapatnam,"Dr. Y.S. Rajasekhara Reddy ACA-VDCA Cricket Stadium, Visakhapatnam",T20,male,club,Sunrisers Hyderabad,Delhi Capitals,Sunrisers Hyderabad,bat,Delhi Capitals,0,7,,,,MA Starc,Indian Premier League,10.0,,20,6,1473447.json
1473448,2025,2025-03-30,Guwahati,"Barsapara Cricket Stadium, Guwahati",T20,male,club,Rajasthan Royals,Chennai Super Kings,Chennai Super Kings,field,Rajasthan Royals,6,0,,,,N Rana,Indian Premier League,11.0,,20,6,1473448.json
1473449,2025,2025-03-31,Mumbai,"Wankhede Stadium, Mumbai",T20,male,club,Kolkata Knight Riders,Mumbai Indians,Mumbai Indians,field,Mumbai Indians,0,8,,,,Ashwani Kumar,Indian Premier League,12.0,,20,6,1473449.json
1473450,2025,2025-04-01,Lucknow,"Bharat Ratna Shri Atal Bihari Vajpayee Ekana Cricket Stadium, Lucknow",T20,male,club,Lucknow Super Giants,Punjab Kings,Punjab Kings,field,Punjab Kings,0,8,,,,P Simran Singh,Indian Premier League,13.0,,20,6,1473450.json
1473451,2025,2025-04-02,Bengaluru,"M Chinnaswamy Stadium, Bengaluru",T20,male,club,Royal Challengers Bengaluru,Gujarat Titans,Gujarat Titans,field,Gujarat Titans,0,8,,,,Mohammed Siraj,Indian Premier League,14.0,,20,6,1473451.json
1473452,2025,2025-04-03,Kolkata,"Eden Gardens, Kolkata",T20,male,club,Kolkata Knight Riders,Sunrisers Hyderabad,Sunrisers Hyderabad,field,Kolkata Knight Riders,80,0,,,,VG Arora,Indian Premier League,15.0,,20,6,1473452.json
1473453,2025,2025-04-04,Lucknow,"Bharat Ratna Shri Atal Bihari Vajpayee Ekana Cricket Stadium, Lucknow",T20,male,club,Lucknow Super Giants,Mumbai Indians,Mumbai Indians,field,Lucknow Super Giants,12,0,,,,DS Rathi,Indian Premier League,16.0,,20,6,1473453.json
1473454,2025,2025-04-05,Chennai,"MA Chidambaram Stadium, Chepauk, Chennai",T20,male,club,Delhi Capitals,Chennai Super Kings,Delhi Capitals,bat,Delhi Capitals,25,0,,,,KL Rahul,Indian Premier League,17.0,,20,6,1473454.json
1473455,2025,2025-04-05,Mohali,"Maharaja Yadavindra Singh International Cricket Stadium, Mullanpur",T20,male,club,Rajasthan Royals,Punjab Kings,Punjab Kings,field,Rajasthan Royals,50,0,,,,JC Archer,Indian Premier League,18.0,,20,6,1473455.json
1473456,2025,2025-04-08,Kolkata,"Eden Gardens, Kolkata",T20,male,club,Lucknow Super Giants,Kolkata Knight Riders,Kolkata Knight Riders,field,Lucknow Super Giants,4,0,,,,N Pooran,Indian Premier League,21.0,,20,6,1473456.json
1473457,2025,2025-04-06,Hyderabad,"Rajiv Gandhi International Stadium, Uppal, Hyderabad",T20,male,club,Sunrisers Hyderabad,Gujarat Titans,Gujarat Titans,field,Gujarat Titans,0,7,,,,Mohammed Siraj,Indian Premier League,19.0,,20,6,1473457.json
1473458,2025,2025-04-07,Mumbai,"Wankhede Stadium, Mumbai",T20,male,club,Royal Challengers Bengaluru,Mumbai Indians,Mumbai Indians,field,Royal Challengers Bengaluru,12,0,,,,RM Patidar,Indian Premier League,20.0,,20,6,1473458.json
1473459,2025,2025-04-08,Mohali,"Maharaja Yadavindra Singh International Cricket Stadium, Mullanpur",T20,male,club,Punjab Kings,Chennai Super Kings,Punjab Kings,bat,Punjab Kings,18,0,,,,Priyansh Arya,Indian Premier League,22.0,,20,6,1473459.json
1473460,2025,2025-04-09,Ahmedabad,"Narendra Modi Stadium, Ahmedabad",T20,male,club,Gujarat Titans,Rajasthan Royals,Rajasthan Royals,field,Gujarat Titans,58,0,,,,B Sai Sudharsan,Indian Premier League,23.0,,20,6,1473460.json
1473461,2025,2025-04-10,Bengaluru,"M Chinnaswamy Stadium, Bengaluru",T20,male,club,Royal Challengers Bengaluru,Delhi Capitals,Delhi Capitals,field,Delhi Capitals,0,6,,,,KL Rahul,Indian Premier League,24.0,,20,6,1473461.json
1473462,2025,2025-04-11,Chennai,"MA Chidambaram Stadium, Chepauk, Chennai",T20,male,club,Chennai Super Kings,Kolkata Knight Riders,Kolkata Knight Riders,field,Kolkata Knight Riders,0,8,,,,SP Narine,Indian Premier League,25.0,,20,6,1473462.json
1473463,2025,2025-04-12,Lucknow,"Bharat Ratna Shri Atal Bihari Vajpayee Ekana Cricket Stadium, Lucknow",T20,male,club,Gujarat Titans,Lucknow Super Giants,Lucknow Super Giants,field,Lucknow Super Giants,0,6,,,,AK Markram,Indian Premier League,26.0,,20,6,1473463.json
1473464,2025,2025-04-12,Hyderabad,"Rajiv Gandhi International Stadium, Uppal, Hyderabad",T20,male,club,Punjab Kings,Sunrisers Hyderabad,Punjab Kings,bat,Sunrisers Hyderabad,0,8,,,,Abhishek Sharma,Indian Premier League,27.0,,20,6,1473464.json
1473465,2025,2025-04-13,Jaipur,"Sawai Mansingh Stadium, Jaipur",T20,male,club,Rajasthan Royals,Royal Challengers Bengaluru,Royal Challengers Bengaluru,field,Royal Challengers Bengaluru,0,9,,,,PD Salt,Indian Premier League,28.0,,20,6,1473465.json
1473466,2025,2025-04-13,Delhi,"Arun Jaitley Stadium, Delhi",T20,male,club,Mumbai Indians,Delhi Capitals,Delhi Capitals,field,Mumbai Indians,12,0,,,,KV Sharma,Indian Premier League,29.0,,20,6,1473466.json
1473467,2025,2025-04-14,Lucknow,"Bharat Ratna Shri Atal Bihari Vajpayee Ekana Cricket Stadium, Lucknow",T20,male,club,Lucknow Super Giants,Chennai Super Kings,Chennai Super Kings,field,Chennai Super Kings,0,5,,,,MS Dhoni,Indian Premier League,30.0,,20,6,1473467.json
1473468,2025,2025-04-15,Mohali,"Maharaja Yadavindra Singh International Cricket Stadium, Mullanpur",T20,male,club,Punjab Kings,Kolkata Knight Riders,Punjab Kings,bat,Punjab Kings,16,0,,,,YS Chahal,Indian Premier League,31.0,,20,6,1473468.json
1473469,2025,2025-04-16,Delhi,"Arun Jaitley Stadium, Delhi",T20,male,club,Delhi Capitals,Rajasthan Royals,Rajasthan Royals,field,,0,0,tie,,Delhi Capitals,MA Starc,Indian Premier League,32.0,,20,6,1473469.json
1473470,2025,2025-04-17,Mumbai,"Wankhede Stadium, Mumbai",T20,male,club,Sunrisers Hyderabad,Mumbai Indians,Mumbai Indians,field,Mumbai Indians,0,4,,,,WG Jacks,Indian Premier League,33.0,,20,6,1473470.json
1473471,2025,2025-04-18,Bengaluru,"M Chinnaswamy Stadium, Bengaluru",T20,male,club,Royal Challengers Bengaluru,Punjab Kings,Punjab Kings,field,Punjab Kings,0,5,,,,TH David,Indian Premier League,34.0,,20,6,1473471.json
1473472,2025,2025-04-19,Ahmedabad,"Narendra Modi Stadium, Ahmedabad",T20,male,club,Delhi Capitals,Gujarat Titans,Gujarat Titans,field,Gujarat Titans,0,7,,,,JC Buttler,Indian Premier League,35.0,,20,6,1473472.json
1473473,2025,2025-04-19,Jaipur,"Sawai Mansingh Stadium, Jaipur",T20,male,club,Lucknow Super Giants,Rajasthan Royals,Lucknow Super Giants,bat,Lucknow Super Giants,2,0,,,,Avesh Khan,Indian Premier League,36.0,,20,6,1473473.json
1473474,2025,2025-04-20,Mohali,"Maharaja Yadavindra Singh International Cricket Stadium, Mullanpur",T20,male,club,Punjab Kings,Royal Challengers Bengaluru,Royal Challengers Bengaluru,field,Royal Challengers Bengaluru,0,7,,,,V Kohli,Indian Premier League,37.0,,20,6,1473474.json
1473475,2025,2025-04-20,Mumbai,"Wankhede Stadium, Mumbai",T20,male,club,Chennai Super Kings,Mumbai Indians,Mumbai Indians,field,Mumbai Indians,0,9,,,,RG Sharma,Indian Premier League,38.0,,20,6,1473475.json
1473476,2025,2025-04-21,Kolkata,"Eden Gardens, Kolkata",T20,male,club,Gujarat Titans,Kolkata Knight Riders,Kolkata Knight Riders,field,Gujarat Titans,39,0,,,,Shubman Gill,Indian Premier League,39.0,,20,6,1473476.json
1473477,2025,2025-04-22,Lucknow,"Bharat Ratna Shri Atal Bihari Vajpayee Ekana Cricket Stadium, Lucknow",T20,male,club,Lucknow Super Giants,Delhi Capitals,Delhi Capitals,field,Delhi Capitals,0,8,,,,Mukesh Kumar,Indian Premier League,40.0,,20,6,1473477.json
1473478,2025,2025-04-23,Hyderabad,"Rajiv Gandhi International Stadium, Uppal, Hyderabad",T20,male,club,Sunrisers Hyderabad,Mumbai Indians,Mumbai Indians,field,Mumbai Indians,0,7,,,,TA Boult,Indian Premier League,41.0,,20,6,1473478.json
1473479,2025,2025-04-24,Bengaluru,"M Chinnaswamy Stadium, Bengaluru",T20,male,club,Royal Challengers Bengaluru,Rajasthan Royals,Rajasthan Royals,field,Royal Challengers Bengaluru,11,0,,,,JR Hazlewood,Indian Premier League,42.0,,20,6,1473479.json
1473480,2025,2025-04-25,Chennai,"MA Chidambaram Stadium, Chepauk, Chennai",T20,male,club,Chennai Super Kings,Sunrisers Hyderabad,Sunrisers Hyderabad,field,Sunrisers Hyderabad,0,5,,,,HV Patel,Indian Premier League,43.0,,20,6,1473480.json
1473481,2025,2025-04-26,Kolkata,"Eden Gardens, Kolkata",T20,male,club,Punjab Kings,Kolkata Knight Riders,Punjab Kings,bat,,0,0,no result,,,,Indian Premier League,44.0,,20,6,1473481.json
1473482,2025,2025-04-27,Mumbai,"Wankhede Stadium, Mumbai",T20,male,club,Mumbai Indians,Lucknow Super Giants,Lucknow Super Giants,field,Mumbai Indians,54,0,,,,WG Jacks,Indian Premier League,45.0,,20,6,1473482.json
1473483,2025,2025-04-27,Delhi,"Arun Jaitley Stadium, Delhi",T20,male,club,Delhi Capitals,Royal Challengers Bengaluru,Royal Challengers Bengaluru,field,Royal Challengers Bengaluru,0,6,,,,KH Pandya,Indian Premier League,46.0,,20,6,1473483.json
1473484,2025,2025-04-28,Jaipur,"Sawai Mansingh Stadium, Jaipur",T20,male,club,Gujarat Titans,Rajasthan Royals,Rajasthan Royals,field,Rajasthan Royals,0,8,,,,V Suryavanshi,Indian Premier League,47.0,,20,6,1473484.json
1473485,2025,2025-04-29,Delhi,"Arun Jaitley Stadium, Delhi",T20,male,club,Kolkata Knight Riders,Delhi Capitals,Delhi Capitals,field,Kolkata Knight Riders,14,0,,,,SP Narine,Indian Premier League,48.0,,20,6,1473485.json
1473486,2025,2025-04-30,Chennai,"MA Chidambaram Stadium, Chepauk, Chennai",T20,male,club,Chennai Super Kings,Punjab Kings,Punjab Kings,field,Punjab Kings,0,4,,,,SS Iyer,Indian Premier League,49.0,,20,6,1473486.json
1473487,2025,2025-05-01,Jaipur,"Sawai Mansingh Stadium, Jaipur",T20,male,club,Mumbai Indians,Rajasthan Royals,Rajasthan Royals,field,Mumbai Indians,100,0,,,,RD Rickelton,Indian Premier League,50.0,,20,6,1473487.json
1473488,2025,2025-05-02,Ahmedabad,"Narendra Modi Stadium, Ahmedabad",T20,male,club,Gujarat Titans,Sunrisers Hyderabad,Sunrisers Hyderabad,field,Gujarat Titans,38,0,,,,M Prasidh Krishna,Indian Premier League,51.0,,20,6,1473488.json
1473489,2025,2025-05-03,Bengaluru,"M Chinnaswamy Stadium, Bengaluru",T20,male,club,Royal Challengers Bengaluru,Chennai Super Kings,Chennai Super Kings,field,Royal Challengers Bengaluru,2,0,,,,R Shepherd,Indian Premier League,52.0,,20,6,1473489.json
1473490,2025,2025-05-04,Kolkata,"Eden Gardens, Kolkata",T20,male,club,Kolkata Knight Riders,Rajasthan Royals,Kolkata Knight Riders,bat,Kolkata Knight Riders,1,0,,,,AD Russell,Indian Premier League,53.0,,20,6,1473490.json
1473491,2025,2025-05-04,Dharamsala,"Himachal Pradesh Cricket Association Stadium, Dharamsala",T20,male,club,Punjab Kings,Lucknow Super Giants,Lucknow Super Giants,field,Punjab Kings,37,0,,,,P Simran Singh,Indian Premier League,54.0,,20,6,1473491.json
1473492,2025,2025-05-05,Hyderabad,"Rajiv Gandhi International Stadium, Uppal, Hyderabad",T20,male,club,Delhi Capitals,Sunrisers Hyderabad,Sunrisers Hyderabad,field,,0,0,no result,,,,Indian Premier League,55.0,,20,6,1473492.json
1473493,2025,2025-05-06,Mumbai,"Wankhede Stadium, Mumbai",T20,male,club,Mumbai Indians,Gujarat Titans,Gujarat Titans,field,Gujarat Titans,0,3,,D/L,,Shubman Gill,Indian Premier League,56.0,,20,6,1473493.json
1473494,2025,2025-05-07,Kolkata,"Eden Gardens, Kolkata",T20,male,club,Kolkata Knight Riders,Chennai Super Kings,Kolkata Knight Riders,bat,Chennai Super Kings,0,2,,,,Noor Ahmad,Indian Premier League,57.0,,20,6,1473494.json
1473495,2025,2025-05-08,Dharamsala,"Himachal Pradesh Cricket Association Stadium, Dharamsala",T20,male,club,Punjab Kings,Delhi Capitals,Punjab Kings,bat,,0,0,no result,,,,Indian Premier League,58.0,,20,6,1473495.json
1473497,2025,2025-05-18,Jaipur,"Sawai Mansingh Stadium, Jaipur",T20,male,club,Punjab Kings,Rajasthan Royals,Punjab Kings,bat,Punjab Kings,10,0,,,,Harpreet Brar,Indian Premier League,59.0,,20,6,1473497.json
1473498,2025,2025-05-18,Delhi,"Arun Jaitley Stadium, Delhi",T20,male,club,Delhi Capitals,Gujarat Titans,Gujarat Titans,field,Gujarat Titans,0,10,,,,B Sai Sudharsan,Indian Premier League,60.0,,20,6,1473498.json
1473499,2025,2025-05-19,Lucknow,"Bharat Ratna Shri Atal Bihari Vajpayee Ekana Cricket Stadium, Lucknow",T20,male,club,Lucknow Super Giants,Sunrisers Hyderabad,Sunrisers Hyderabad,field,Sunrisers Hyderabad,0,6,,,,Abhishek Sharma,Indian Premier League,61.0,,20,6,1473499.json
1473500,2025,2025-05-20,Delhi,"Arun Jaitley Stadium, Delhi",T20,male,club,Chennai Super Kings,Rajasthan Royals,Rajasthan Royals,field,Rajasthan Royals,0,6,,,,Akash Madhwal,Indian Premier League,62.0,,20,6,1473500.json
1473501,2025,2025-05-21,Mumbai,"Wankhede Stadium, Mumbai",T20,male,club,Mumbai Indians,Delhi Capitals,Delhi Capitals,field,Mumbai Indians,59,0,,,,SA Yadav,Indian Premier League,63.0,,20,6,1473501.json
1473502,2025,2025-05-22,Ahmedabad,"Narendra Modi Stadium, Ahmedabad",T20,male,club,Lucknow Super Giants,Gujarat Titans,Gujarat Titans,field,Lucknow Super Giants,33,0,,,,MR Marsh,Indian Premier League,64.0,,20,6,1473502.json
1473503,2025,2025-05-23,Lucknow,"Bharat Ratna Shri Atal Bihari Vajpayee Ekana Cricket Stadium, Lucknow",T20,male,club,Sunrisers Hyderabad,Royal Challengers Bengaluru,Royal Challengers Bengaluru,field,Sunrisers Hyderabad,42,0,,,,Ishan Kishan,Indian Premier League,65.0,,20,6,1473503.json
1473504,2025,2025-05-25,Ahmedabad,"Narendra Modi Stadium, Ahmedabad",T20,male,club,Chennai Super Kings,Gujarat Titans,Chennai Super Kings,bat,Chennai Super Kings,83,0,,,,D Brevis,Indian Premier League,67.0,,20,6,1473504.json
1473505,2025,2025-05-25,Delhi,"Arun Jaitley Stadium, Delhi",T20,male,club,Sunrisers Hyderabad,Kolkata Knight Riders,Sunrisers Hyderabad,bat,Sunrisers Hyderabad,110,0,,,,H Klaasen,Indian Premier League,68.0,,20,6,1473505.json
1473506,2025,2025-05-26,Jaipur,"Sawai Mansingh Stadium, Jaipur",T20,male,club,Mumbai Indians,Punjab Kings,Punjab Kings,field,Punjab Kings,0,7,,,,JP Inglis,Indian Premier League,69.0,,20,6,1473506.json
1473507,2025,2025-05-27,Lucknow,"Bharat Ratna Shri Atal Bihari Vajpayee Ekana Cricket Stadium, Lucknow",T20,male,club,Lucknow Super Giants,Royal Challengers Bengaluru,Royal Challengers Bengaluru,field,Royal Challengers Bengaluru,0,6,,,,JM Sharma,Indian Premier League,70.0,,20,6,1473507.json
1473508,2025,2025-05-29,New Chandigarh,"Maharaja Yadavindra Singh International Cricket Stadium, Mullanpur",T20,male,club,Punjab Kings,Royal Challengers Bengaluru,Royal Challengers Bengaluru,field,Royal Challengers Bengaluru,0,8,,,,Suyash Sharma,Indian Premier League,,,20,6,1473508.json
1473509,2025,2025-05-30,New Chandigarh,"Maharaja Yadavindra Singh International Cricket Stadium, New Chandigarh",T20,male,club,Mumbai Indians,Gujarat Titans,Mumbai Indians,bat,Mumbai Indians,20,0,,,,RG Sharma,Indian Premier League,,,20,6,1473509.json
1473510,2025,2025-06-01,Ahmedabad,"Narendra Modi Stadium, Ahmedabad",T20,male,club,Mumbai Indians,Punjab Kings,Punjab Kings,field,Punjab Kings,0,5,,,,SS Iyer,Indian Premier League,,,20,6,1473510.json
1473511,2025,2025-06-03,Ahmedabad,"Narendra Modi Stadium, Ahmedabad",T20,male,club,Royal Challengers Bengaluru,Punjab Kings,Punjab Kings,field,Royal Challengers Bengaluru,6,0,,,,KH Pandya,Indian Premier League,,,20,6,1473511.json
1485779,2025,2025-05-24,Jaipur,"Sawai Mansingh Stadium, Jaipur",T20,male,club,Punjab Kings,Delhi Capitals,Delhi Capitals,field,Delhi Capitals,0,6,,,,Sameer Rizvi,Indian Premier League,66.0,,20,6,1485779.json
1527674,2026,2026-03-28,Bengaluru,"M Chinnaswamy Stadium, Bengaluru",T20,male,club,Sunrisers Hyderabad,Royal Challengers Bengaluru,Royal Challengers Bengaluru,field,Royal Challengers Bengaluru,0,6,,,,JA Duffy,Indian Premier League,1.0,,20,6,1527674.json
1527675,2026,2026-03-29,Mumbai,"Wankhede Stadium, Mumbai",T20,male,club,Kolkata Knight Riders,Mumbai Indians,Mumbai Indians,field,Mumbai Indians,0,6,,,,SN Thakur,Indian Premier League,2.0,,20,6,1527675.json
1527676,2026,2026-03-30,Guwahati,"Barsapara Cricket Stadium, Guwahati",T20,male,club,Chennai Super Kings,Rajasthan Royals,Rajasthan Royals,field,Rajasthan Royals,0,8,,,,N Burger,Indian Premier League,3.0,,20,6,1527676.json
1527677,2026,2026-03-31,New Chandigarh,"Maharaja Yadavindra Singh International Cricket Stadium, New Chandigarh",T20,male,club,Gujarat Titans,Punjab Kings,Punjab Kings,field,Punjab Kings,0,3,,,,C Connolly,Indian Premier League,4.0,,20,6,1527677.json
1527678,2026,2026-04-01,Lucknow,"Bharat Ratna Shri Atal Bihari Vajpayee Ekana Cricket Stadium, Lucknow",T20,male,club,Lucknow Super Giants,Delhi Capitals,Delhi Capitals,field,Delhi Capitals,0,6,,,,Sameer Rizvi,Indian Premier League,5.0,,20,6,1527678.json
1527679,2026,2026-04-02,Kolkata,"Eden Gardens, Kolkata",T20,male,club,Sunrisers Hyderabad,Kolkata Knight Riders,Kolkata Knight Riders,field,Sunrisers Hyderabad,65,0,,,,Nithish Kumar Reddy,Indian Premier League,6.0,,20,6,1527679.json
1527680,2026,2026-04-03,Chennai,"MA Chidambaram Stadium, Chepauk, Chennai",T20,male,club,Chennai Super Kings,Punjab Kings,Punjab Kings,field,Punjab Kings,0,5,,,,Priyansh Arya,Indian Premier League,7.0,,20,6,1527680.json
1527681,2026,2026-04-04,Delhi,"Arun Jaitley Stadium, Delhi",T20,male,club,Mumbai Indians,Delhi Capitals,Delhi Capitals,field,Delhi Capitals,0,6,,,,Sameer Rizvi,Indian Premier League,8.0,,20,6,1527681.json
1527682,2026,2026-04-04,Ahmedabad,"Narendra Modi Stadium, Ahmedabad",T20,male,club,Rajasthan Royals,Gujarat Titans,Rajasthan Royals,bat,Rajasthan Royals,6,0,,,,Ravi Bishnoi,Indian Premier League,9.0,,20,6,1527682.json
1527683,2026,2026-04-05,Hyderabad,"Rajiv Gandhi International Stadium, Uppal, Hyderabad",T20,male,club,Sunrisers Hyderabad,Lucknow Super Giants,Lucknow Super Giants,field,Lucknow Super Giants,0,5,,,,Mohammed Shami,Indian Premier League,10.0,,20,6,1527683.json
1527684,2026,2026-04-05,Bengaluru,"M Chinnaswamy Stadium, Bengaluru",T20,male,club,Royal Challengers Bengaluru,Chennai Super Kings,Chennai Super Kings,field,Royal Challengers Bengaluru,43,0,,,,TH David,Indian Premier League,11.0,,20,6,1527684.json
1527685,2026,2026-04-06,Kolkata,"Eden Gardens, Kolkata",T20,male,club,Kolkata Knight Riders,Punjab Kings,Kolkata Knight Riders,bat,,0,0,no result,,,,Indian Premier League,12.0,,20,6,1527685.json
1527686,2026,2026-04-07,Guwahati,"Barsapara Cricket Stadium, Guwahati",T20,male,club,Rajasthan Royals,Mumbai Indians,Mumbai Indians,field,Rajasthan Royals,27,0,,,,YBK Jaiswal,Indian Premier League,13.0,,20,6,1527686.json
1527687,2026,2026-04-08,Delhi,"Arun Jaitley Stadium, Delhi",T20,male,club,Gujarat Titans,Delhi Capitals,Delhi Capitals,field,Gujarat Titans,1,0,,,,Rashid Khan,Indian Premier League,14.0,,20,6,1527687.json
1527688,2026,2026-04-09,Kolkata,"Eden Gardens, Kolkata",T20,male,club,Kolkata Knight Riders,Lucknow Super Giants,Lucknow Super Giants,field,Lucknow Super Giants,0,3,,,,MD Choudhary,Indian Premier League,15.0,,20,6,1527688.json
1527689,2026,2026-04-10,Guwahati,"Barsapara Cricket Stadium, Guwahati",T20,male,club,Royal Challengers Bengaluru,Rajasthan Royals,Rajasthan Royals,field,Rajasthan Royals,0,6,,,,V Suryavanshi,Indian Premier League,16.0,,20,6,1527689.json
1527690,2026,2026-04-11,New Chandigarh,"Maharaja Yadavindra Singh International Cricket Stadium, New Chandigarh",T20,male,club,Sunrisers Hyderabad,Punjab Kings,Punjab Kings,field,Punjab Kings,0,6,,,,SS Iyer,Indian Premier League,17.0,,20,6,1527690.json
1527691,2026,2026-04-11,Chennai,"MA Chidambaram Stadium, Chepauk, Chennai",T20,male,club,Chennai Super Kings,Delhi Capitals,Delhi Capitals,field,Chennai Super Kings,23,0,,,,SV Samson,Indian Premier League,18.0,,20,6,1527691.json
1527692,2026,2026-04-12,Lucknow,"Bharat Ratna Shri Atal Bihari Vajpayee Ekana Cricket Stadium, Lucknow",T20,male,club,Lucknow Super Giants,Gujarat Titans,Gujarat Titans,field,Gujarat Titans,0,7,,,,M Prasidh Krishna,Indian Premier League,19.0,,20,6,1527692.json
1527693,2026,2026-04-12,Mumbai,"Wankhede Stadium, Mumbai",T20,male,club,Royal Challengers Bengaluru,Mumbai Indians,Mumbai Indians,field,Royal Challengers Bengaluru,18,0,,,,PD Salt,Indian Premier League,20.0,,20,6,1527693.json
1529264,2026,2026-04-13,Hyderabad,"Rajiv Gandhi International Stadium, Uppal, Hyderabad",T20,male,club,Sunrisers Hyderabad,Rajasthan Royals,Rajasthan Royals,field,Sunrisers Hyderabad,57,0,,,,PP Hinge,Indian Premier League,21.0,,20,6,1529264.json
1529265,2026,2026-04-14,Chennai,"MA Chidambaram Stadium, Chepauk, Chennai",T20,male,club,Chennai Super Kings,Kolkata Knight Riders,Kolkata Knight Riders,field,Chennai Super Kings,32,0,,,,Noor Ahmad,Indian Premier League,22.0,,20,6,1529265.json
1529266,2026,2026-04-15,Bengaluru,"M Chinnaswamy Stadium, Bengaluru",T20,male,club,Lucknow Super Giants,Royal Challengers Bengaluru,Royal Challengers Bengaluru,field,Royal Challengers Bengaluru,0,5,,,,JR Hazlewood,Indian Premier League,23.0,,20,6,1529266.json
1529267,2026,2026-04-16,Mumbai,"Wankhede Stadium, Mumbai",T20,male,club,Mumbai Indians,Punjab Kings,Punjab Kings,field,Punjab Kings,0,7,,,,Arshdeep Singh,Indian Premier League,24.0,,20,6,1529267.json
1529268,2026,2026-04-17,Ahmedabad,"Narendra Modi Stadium, Ahmedabad",T20,male,club,Kolkata Knight Riders,Gujarat Titans,Kolkata Knight Riders,bat,Gujarat Titans,0,5,,,,Shubman Gill,Indian Premier League,25.0,,20,6,1529268.json
1529269,2026,2026-04-18,Bengaluru,"M Chinnaswamy Stadium, Bengaluru",T20,male,club,Royal Challengers Bengaluru,Delhi Capitals,Delhi Capitals,field,Delhi Capitals,0,6,,,,T Stubbs,Indian Premier League,26.0,,20,6,1529269.json
1529270,2026,2026-04-18,Hyderabad,"Rajiv Gandhi International Stadium, Uppal, Hyderabad",T20,male,club,Sunrisers Hyderabad,Chennai Super Kings,Chennai Super Kings,field,Sunrisers Hyderabad,10,0,,,,E Malinga,Indian Premier League,27.0,,20,6,1529270.json
1529271,2026,2026-04-19,Kolkata,"Eden Gardens, Kolkata",T20,male,club,Rajasthan Royals,Kolkata Knight Riders,Rajasthan Royals,bat,Kolkata Knight Riders,0,4,,,,CV Varun,Indian Premier League,28.0,,20,6,1529271.json
1529272,2026,2026-04-19,New Chandigarh,"Maharaja Yadavindra Singh International Cricket Stadium, New Chandigarh",T20,male,club,Punjab Kings,Lucknow Super Giants,Lucknow Super Giants,field,Punjab Kings,54,0,,,,Priyansh Arya,Indian Premier League,29.0,,20,6,1529272.json
1529273,2026,2026-04-20,Ahmedabad,"Narendra Modi Stadium, Ahmedabad",T20,male,club,Mumbai Indians,Gujarat Titans,Gujarat Titans,field,Mumbai Indians,99,0,,,,Tilak Varma,Indian Premier League,30.0,,20,6,1529273.json
1529274,2026,2026-04-21,Hyderabad,"Rajiv Gandhi International Stadium, Uppal, Hyderabad",T20,male,club,Sunrisers Hyderabad,Delhi Capitals,Delhi Capitals,field,Sunrisers Hyderabad,47,0,,,,Abhishek Sharma,Indian Premier League,31.0,,20,6,1529274.json
1529275,2026,2026-04-22,Lucknow,"Bharat Ratna Shri Atal Bihari Vajpayee Ekana Cricket Stadium, Lucknow",T20,male,club,Rajasthan Royals,Lucknow Super Giants,Lucknow Super Giants,field,Rajasthan Royals,40,0,,,,RA Jadeja,Indian Premier League,32.0,,20,6,1529275.json
1529276,2026,2026-04-23,Mumbai,"Wankhede Stadium, Mumbai",T20,male,club,Chennai Super Kings,Mumbai Indians,Mumbai Indians,field,Chennai Super Kings,103,0,,,,SV Samson,Indian Premier League,33.0,,20,6,1529276.json
1529277,2026,2026-04-24,Bengaluru,"M Chinnaswamy Stadium, Bengaluru",T20,male,club,Gujarat Titans,Royal Challengers Bengaluru,Royal Challengers Bengaluru,field,Royal Challengers Bengaluru,0,5,,,,V Kohli,Indian Premier League,34.0,,20,6,1529277.json
1529278,2026,2026-04-25,Delhi,"Arun Jaitley Stadium, Delhi",T20,male,club,Delhi Capitals,Punjab Kings,Delhi Capitals,bat,Punjab Kings,0,6,,,,KL Rahul,Indian Premier League,35.0,,20,6,1529278.json
1529279,2026,2026-04-25,Jaipur,"Sawai Mansingh Stadium, Jaipur",T20,male,club,Rajasthan Royals,Sunrisers Hyderabad,Sunrisers Hyderabad,field,Sunrisers Hyderabad,0,5,,,,Ishan Kishan,Indian Premier League,36.0,,20,6,1529279.json
1529280,2026,2026-04-26,Chennai,"MA Chidambaram Stadium, Chepauk, Chennai",T20,male,club,Chennai Super Kings,Gujarat Titans,Gujarat Titans,field,Gujarat Titans,0,8,,,,K Rabada,Indian Premier League,37.0,,20,6,1529280.json
1529281,2026,2026-04-26,Lucknow,"Bharat Ratna Shri Atal Bihari Vajpayee Ekana Cricket Stadium, Lucknow",T20,male,club,Kolkata Knight Riders,Lucknow Super Giants,Lucknow Super Giants,field,,0,0,tie,,Kolkata Knight Riders,RK Singh,Indian Premier League,38.0,,20,6,1529281.json
1529282,2026,2026-04-27,Delhi,"Arun Jaitley Stadium, Delhi",T20,male,club,Delhi Capitals,Royal Challengers Bengaluru,Royal Challengers Bengaluru,field,Royal Challengers Bengaluru,0,9,,,,JR Hazlewood,Indian Premier League,39.0,,20,6,1529282.json
1529283,2026,2026-04-28,New Chandigarh,"Maharaja Yadavindra Singh International Cricket Stadium, New Chandigarh",T20,male,club,Punjab Kings,Rajasthan Royals,Rajasthan Royals,field,Rajasthan Royals,0,6,,,,D Ferreira,Indian Premier League,40.0,,20,6,1529283.json
1529284,2026,2026-04-29,Mumbai,"Wankhede Stadium, Mumbai",T20,male,club,Mumbai Indians,Sunrisers Hyderabad,Mumbai Indians,bat,Sunrisers Hyderabad,0,6,,,,H Klaasen,Indian Premier League,41.0,,20,6,1529284.json
1529285,2026,2026-04-30,Ahmedabad,"Narendra Modi Stadium, Ahmedabad",T20,male,club,Royal Challengers Bengaluru,Gujarat Titans,Gujarat Titans,field,Gujarat Titans,0,4,,,,JO Holder,Indian Premier League,42.0,,20,6,1529285.json
1529286,2026,2026-05-01,Jaipur,"Sawai Mansingh Stadium, Jaipur",T20,male,club,Rajasthan Royals,Delhi Capitals,Rajasthan Royals,bat,Delhi Capitals,0,7,,,,KL Rahul,Indian Premier League,43.0,,20,6,1529286.json
1529287,2026,2026-05-02,Chennai,"MA Chidambaram Stadium, Chepauk, Chennai",T20,male,club,Mumbai Indians,Chennai Super Kings,Mumbai Indians,bat,Chennai Super Kings,0,8,,,,RD Gaikwad,Indian Premier League,44.0,,20,6,1529287.json
1529288,2026,2026-05-03,Hyderabad,"Rajiv Gandhi International Stadium, Uppal, Hyderabad",T20,male,club,Sunrisers Hyderabad,Kolkata Knight Riders,Sunrisers Hyderabad,bat,Kolkata Knight Riders,0,7,,,,CV Varun,Indian Premier League,45.0,,20,6,1529288.json
1529289,2026,2026-05-03,Ahmedabad,"Narendra Modi Stadium, Ahmedabad",T20,male,club,Punjab Kings,Gujarat Titans,Gujarat Titans,field,Gujarat Titans,0,4,,,,JO Holder,Indian Premier League,46.0,,20,6,1529289.json
1529290,2026,2026-05-04,Mumbai,"Wankhede Stadium, Mumbai",T20,male,club,Lucknow Super Giants,Mumbai Indians,Mumbai Indians,field,Mumbai Indians,0,6,,,,RD Rickelton,Indian Premier League,47.0,,20,6,1529290.json
1529291,2026,2026-05-05,Delhi,"Arun Jaitley Stadium, Delhi",T20,male,club,Delhi Capitals,Chennai Super Kings,Delhi Capitals,bat,Chennai Super Kings,0,8,,,,SV Samson,Indian Premier League,48.0,,20,6,1529291.json
1529292,2026,2026-05-06,Hyderabad,"Rajiv Gandhi International Stadium, Uppal, Hyderabad",T20,male,club,Sunrisers Hyderabad,Punjab Kings,Punjab Kings,field,Sunrisers Hyderabad,33,0,,,,PJ Cummins,Indian Premier League,49.0,,20,6,1529292.json
1529293,2026,2026-05-07,Lucknow,"Bharat Ratna Shri Atal Bihari Vajpayee Ekana Cricket Stadium, Lucknow",T20,male,club,Lucknow Super Giants,Royal Challengers Bengaluru,Royal Challengers Bengaluru,field,Lucknow Super Giants,9,0,,D/L,,MR Marsh,Indian Premier League,50.0,,20,6,1529293.json
1529294,2026,2026-05-08,Delhi,"Arun Jaitley Stadium, Delhi",T20,male,club,Delhi Capitals,Kolkata Knight Riders,Kolkata Knight Riders,field,Kolkata Knight Riders,0,8,,,,FH Allen,Indian Premier League,51.0,,20,6,1529294.json
1529295,2026,2026-05-09,Jaipur,"Sawai Mansingh Stadium, Jaipur",T20,male,club,Gujarat Titans,Rajasthan Royals,Rajasthan Royals,field,Gujarat Titans,77,0,,,,Rashid Khan,Indian Premier League,52.0,,20,6,1529295.json
1529296,2026,2026-05-10,Chennai,"MA Chidambaram Stadium, Chepauk, Chennai",T20,male,club,Lucknow Super Giants,Chennai Super Kings,Chennai Super Kings,field,Chennai Super Kings,0,5,,,,J Overton,Indian Premier League,53.0,,20,6,1529296.json
1529297,2026,2026-05-10,Raipur,"Shaheed Veer Narayan Singh International Stadium, Raipur",T20,male,club,Mumbai Indians,Royal Challengers Bengaluru,Royal Challengers Bengaluru,field,Royal Challengers Bengaluru,0,2,,,,B Kumar,Indian Premier League,54.0,,20,6,1529297.json
1529298,2026,2026-05-11,Dharamsala,"Himachal Pradesh Cricket Association Stadium, Dharamsala",T20,male,club,Punjab Kings,Delhi Capitals,Delhi Capitals,field,Delhi Capitals,0,3,,,,M Tiwari,Indian Premier League,55.0,,20,6,1529298.json
1529299,2026,2026-05-12,Ahmedabad,"Narendra Modi Stadium, Ahmedabad",T20,male,club,Gujarat Titans,Sunrisers Hyderabad,Sunrisers Hyderabad,field,Gujarat Titans,82,0,,,,K Rabada,Indian Premier League,56.0,,20,6,1529299.json
1529300,2026,2026-05-13,Raipur,"Shaheed Veer Narayan Singh International Stadium, Raipur",T20,male,club,Kolkata Knight Riders,Royal Challengers Bengaluru,Royal Challengers Bengaluru,field,Royal Challengers Bengaluru,0,6,,,,V Kohli,Indian Premier League,57.0,,20,6,1529300.json
1529301,2026,2026-05-14,Dharamsala,"Himachal Pradesh Cricket Association Stadium, Dharamsala",T20,male,club,Punjab Kings,Mumbai Indians,Mumbai Indians,field,Mumbai Indians,0,6,,,,Tilak Varma,Indian Premier League,58.0,,20,6,1529301.json
1529302,2026,2026-05-15,Lucknow,"Bharat Ratna Shri Atal Bihari Vajpayee Ekana Cricket Stadium, Lucknow",T20,male,club,Chennai Super Kings,Lucknow Super Giants,Lucknow Super Giants,field,Lucknow Super Giants,0,7,,,,MR Marsh,Indian Premier League,59.0,,20,6,1529302.json
1529303,2026,2026-05-16,Kolkata,"Eden Gardens, Kolkata",T20,male,club,Kolkata Knight Riders,Gujarat Titans,Gujarat Titans,field,Kolkata Knight Riders,29,0,,,,SP Narine,Indian Premier League,60.0,,20,6,1529303.json
1529304,2026,2026-05-17,Dharamsala,"Himachal Pradesh Cricket Association Stadium, Dharamsala",T20,male,club,Royal Challengers Bengaluru,Punjab Kings,Punjab Kings,field,Royal Challengers Bengaluru,23,0,,,,VR Iyer,Indian Premier League,61.0,,20,6,1529304.json
1529305,2026,2026-05-17,Delhi,"Arun Jaitley Stadium, Delhi",T20,male,club,Rajasthan Royals,Delhi Capitals,Delhi Capitals,field,Delhi Capitals,0,5,,,,MA Starc,Indian Premier League,62.0,,20,6,1529305.json
1529306,2026,2026-05-18,Chennai,"MA Chidambaram Stadium, Chepauk, Chennai",T20,male,club,Chennai Super Kings,Sunrisers Hyderabad,Chennai Super Kings,bat,Sunrisers Hyderabad,0,5,,,,Ishan Kishan,Indian Premier League,63.0,,20,6,1529306.json
1529307,2026,2026-05-19,Jaipur,"Sawai Mansingh Stadium, Jaipur",T20,male,club,Lucknow Super Giants,Rajasthan Royals,Rajasthan Royals,field,Rajasthan Royals,0,7,,,,V Suryavanshi,Indian Premier League,64.0,,20,6,1529307.json
1529308,2026,2026-05-20,Kolkata,"Eden Gardens, Kolkata",T20,male,club,Mumbai Indians,Kolkata Knight Riders,Kolkata Knight Riders,field,Kolkata Knight Riders,0,4,,,,MK Pandey,Indian Premier League,65.0,,20,6,1529308.json
1529309,2026,2026-05-21,Ahmedabad,"Narendra Modi Stadium, Ahmedabad",T20,male,club,Gujarat Titans,Chennai Super Kings,Chennai Super Kings,field,Gujarat Titans,89,0,,,,Mohammed Siraj,Indian Premier League,66.0,,20,6,1529309.json
1529310,2026,2026-05-22,Hyderabad,"Rajiv Gandhi International Stadium, Uppal, Hyderabad",T20,male,club,Sunrisers Hyderabad,Royal Challengers Bengaluru,Sunrisers Hyderabad,bat,Sunrisers Hyderabad,55,0,,,,Ishan Kishan,Indian Premier League,67.0,,20,6,1529310.json
1529311,2026,2026-05-23,Lucknow,"Bharat Ratna Shri Atal Bihari Vajpayee Ekana Cricket Stadium, Lucknow",T20,male,club,Lucknow Super Giants,Punjab Kings,Punjab Kings,field,Punjab Kings,0,7,,,,SS Iyer,Indian Premier League,68.0,,20,6,1529311.json
1529312,2026,2026-05-24,Mumbai,"Wankhede Stadium, Mumbai",T20,male,club,Rajasthan Royals,Mumbai Indians,Mumbai Indians,field,Rajasthan Royals,30,0,,,,JC Archer,Indian Premier League,69.0,,20,6,1529312.json
1529313,2026,2026-05-24,Kolkata,"Eden Gardens, Kolkata",T20,male,club,Delhi Capitals,Kolkata Knight Riders,Kolkata Knight Riders,field,Delhi Capitals,40,0,,,,Kuldeep Yadav,Indian Premier League,70.0,,20,6,1529313.json
1535462,2026,2026-05-26,Dharamsala,"Himachal Pradesh Cricket Association Stadium, Dharamsala",T20,male,club,Royal Challengers Bengaluru,Gujarat Titans,Gujarat Titans,field,Royal Challengers Bengaluru,92,0,,,,RM Patidar,Indian Premier League,,,20,6,1535462.json
1535463,2026,2026-05-27,New Chandigarh,"Maharaja Yadavindra Singh International Cricket Stadium, New Chandigarh",T20,male,club,Rajasthan Royals,Sunrisers Hyderabad,Sunrisers Hyderabad,field,Rajasthan Royals,47,0,,,,V Suryavanshi,Indian Premier League,,,20,6,1535463.json
1535464,2026,2026-05-29,New Chandigarh,"Maharaja Yadavindra Singh International Cricket Stadium, New Chandigarh",T20,male,club,Rajasthan Royals,Gujarat Titans,Rajasthan Royals,bat,Gujarat Titans,0,7,,,,Shubman Gill,Indian Premier League,,,20,6,1535464.json
1535465,2026,2026-05-31,Ahmedabad,"Narendra Modi Stadium, Ahmedabad",T20,male,club,Gujarat Titans,Royal Challengers Bengaluru,Royal Challengers Bengaluru,field,Royal Challengers Bengaluru,0,5,,,,V Kohli,Indian Premier League,,,20,6,1535465.json
335982,2007/08,2008-04-18,Bangalore,M Chinnaswamy Stadium,T20,male,club,Royal Challengers Bangalore,Kolkata Knight Riders,Royal Challengers Bangalore,field,Kolkata Knight Riders,140,0,,,,BB McCullum,Indian Premier League,1.0,,20,6,335982.json
335983,2007/08,2008-04-19,Chandigarh,"Punjab Cricket Association Stadium, Mohali",T20,male,club,Kings XI Punjab,Chennai Super Kings,Chennai Super Kings,bat,Chennai Super Kings,33,0,,,,MEK Hussey,Indian Premier League,2.0,,20,6,335983.json
335984,2007/08,2008-04-19,Delhi,Feroz Shah Kotla,T20,male,club,Delhi Daredevils,Rajasthan Royals,Rajasthan Royals,bat,Delhi Daredevils,0,9,,,,MF Maharoof,Indian Premier League,3.0,,20,6,335984.json
335985,2007/08,2008-04-20,Mumbai,Wankhede Stadium,T20,male,club,Mumbai Indians,Royal Challengers Bangalore,Mumbai Indians,bat,Royal Challengers Bangalore,0,5,,,,MV Boucher,Indian Premier League,5.0,,20,6,335985.json
335986,2007/08,2008-04-20,Kolkata,Eden Gardens,T20,male,club,Kolkata Knight Riders,Deccan Chargers,Deccan Chargers,bat,Kolkata Knight Riders,0,5,,,,DJ Hussey,Indian Premier League,4.0,,20,6,335986.json
335987,2007/08,2008-04-21,Jaipur,Sawai Mansingh Stadium,T20,male,club,Rajasthan Royals,Kings XI Punjab,Kings XI Punjab,bat,Rajasthan Royals,0,6,,,,SR Watson,Indian Premier League,6.0,,20,6,335987.json
335988,2007/08,2008-04-22,Hyderabad,"Rajiv Gandhi International Stadium, Uppal",T20,male,club,Deccan Chargers,Delhi Daredevils,Deccan Chargers,bat,Delhi Daredevils,0,9,,,,V Sehwag,Indian Premier League,7.0,,20,6,335988.json
335989,2007/08,2008-04-23,Chennai,"MA Chidambaram Stadium, Chepauk",T20,male,club,Chennai Super Kings,Mumbai Indians,Mumbai Indians,field,Chennai Super Kings,6,0,,,,ML Hayden,Indian Premier League,8.0,,20,6,335989.json
335990,2007/08,2008-04-24,Hyderabad,"Rajiv Gandhi International Stadium, Uppal",T20,male,club,Deccan Chargers,Rajasthan Royals,Rajasthan Royals,field,Rajasthan Royals,0,3,,,,YK Pathan,Indian Premier League,9.0,,20,6,335990.json
335991,2007/08,2008-04-25,Chandigarh,"Punjab Cricket Association Stadium, Mohali",T20,male,club,Kings XI Punjab,Mumbai Indians,Mumbai Indians,field,Kings XI Punjab,66,0,,,,KC Sangakkara,Indian Premier League,10.0,,20,6,335991.json
335992,2007/08,2008-04-26,Bangalore,M Chinnaswamy Stadium,T20,male,club,Royal Challengers Bangalore,Rajasthan Royals,Rajasthan Royals,field,Rajasthan Royals,0,7,,,,SR Watson,Indian Premier League,12.0,,20,6,335992.json
335993,2007/08,2008-04-26,Chennai,"MA Chidambaram Stadium, Chepauk",T20,male,club,Chennai Super Kings,Kolkata Knight Riders,Kolkata Knight Riders,bat,Chennai Super Kings,0,9,,,,JDP Oram,Indian Premier League,11.0,,20,6,335993.json
335994,2007/08,2008-04-27,Mumbai,Dr DY Patil Sports Academy,T20,male,club,Mumbai Indians,Deccan Chargers,Deccan Chargers,field,Deccan Chargers,0,10,,,,AC Gilchrist,Indian Premier League,14.0,,20,6,335994.json
335995,2007/08,2008-04-27,Chandigarh,"Punjab Cricket Association Stadium, Mohali",T20,male,club,Kings XI Punjab,Delhi Daredevils,Delhi Daredevils,bat,Kings XI Punjab,0,4,,,,SM Katich,Indian Premier League,13.0,,20,6,335995.json
335996,2007/08,2008-04-28,Bangalore,M Chinnaswamy Stadium,T20,male,club,Royal Challengers Bangalore,Chennai Super Kings,Chennai Super Kings,bat,Chennai Super Kings,13,0,,,,MS Dhoni,Indian Premier League,15.0,,20,6,335996.json
335997,2007/08,2008-04-29,Kolkata,Eden Gardens,T20,male,club,Kolkata Knight Riders,Mumbai Indians,Kolkata Knight Riders,bat,Mumbai Indians,0,7,,,,ST Jayasuriya,Indian Premier League,16.0,,20,6,335997.json
335998,2007/08,2008-04-30,Delhi,Feroz Shah Kotla,T20,male,club,Delhi Daredevils,Royal Challengers Bangalore,Royal Challengers Bangalore,field,Delhi Daredevils,10,0,,,,GD McGrath,Indian Premier League,17.0,,20,6,335998.json
335999,2007/08,2008-05-01,Hyderabad,"Rajiv Gandhi International Stadium, Uppal",T20,male,club,Deccan Chargers,Kings XI Punjab,Kings XI Punjab,field,Kings XI Punjab,0,7,,,,SE Marsh,Indian Premier League,19.0,,20,6,335999.json
336000,2007/08,2008-05-01,Jaipur,Sawai Mansingh Stadium,T20,male,club,Rajasthan Royals,Kolkata Knight Riders,Rajasthan Royals,bat,Rajasthan Royals,45,0,,,,SA Asnodkar,Indian Premier League,18.0,,20,6,336000.json
336001,2007/08,2008-05-02,Chennai,"MA Chidambaram Stadium, Chepauk",T20,male,club,Chennai Super Kings,Delhi Daredevils,Chennai Super Kings,bat,Delhi Daredevils,0,8,,,,V Sehwag,Indian Premier League,20.0,,20,6,336001.json
336002,2007/08,2008-05-25,Hyderabad,"Rajiv Gandhi International Stadium, Uppal",T20,male,club,Deccan Chargers,Royal Challengers Bangalore,Deccan Chargers,bat,Royal Challengers Bangalore,0,5,,,,R Vinay Kumar,Indian Premier League,51.0,,20,6,336002.json
336003,2007/08,2008-05-03,Chandigarh,"Punjab Cricket Association Stadium, Mohali",T20,male,club,Kings XI Punjab,Kolkata Knight Riders,Kings XI Punjab,bat,Kings XI Punjab,9,0,,,,IK Pathan,Indian Premier League,22.0,,20,6,336003.json
336004,2007/08,2008-05-04,Mumbai,Dr DY Patil Sports Academy,T20,male,club,Mumbai Indians,Delhi Daredevils,Delhi Daredevils,field,Mumbai Indians,29,0,,,,SM Pollock,Indian Premier League,23.0,,20,6,336004.json
336005,2007/08,2008-05-04,Jaipur,Sawai Mansingh Stadium,T20,male,club,Rajasthan Royals,Chennai Super Kings,Chennai Super Kings,bat,Rajasthan Royals,0,8,,,,Sohail Tanvir,Indian Premier League,24.0,,20,6,336005.json
336006,2007/08,2008-05-05,Bangalore,M Chinnaswamy Stadium,T20,male,club,Royal Challengers Bangalore,Kings XI Punjab,Kings XI Punjab,field,Kings XI Punjab,0,6,,,,S Sreesanth,Indian Premier League,25.0,,20,6,336006.json
336007,2007/08,2008-05-06,Chennai,"MA Chidambaram Stadium, Chepauk",T20,male,club,Chennai Super Kings,Deccan Chargers,Deccan Chargers,field,Deccan Chargers,0,7,,,,AC Gilchrist,Indian Premier League,26.0,,20,6,336007.json
336008,2007/08,2008-05-07,Mumbai,Dr DY Patil Sports Academy,T20,male,club,Mumbai Indians,Rajasthan Royals,Mumbai Indians,field,Mumbai Indians,0,7,,,,A Nehra,Indian Premier League,27.0,,20,6,336008.json
336009,2007/08,2008-05-08,Delhi,Feroz Shah Kotla,T20,male,club,Delhi Daredevils,Chennai Super Kings,Chennai Super Kings,field,Chennai Super Kings,0,4,,,,MS Dhoni,Indian Premier League,28.0,,20,6,336009.json
336010,2007/08,2008-05-08,Kolkata,Eden Gardens,T20,male,club,Kolkata Knight Riders,Royal Challengers Bangalore,Kolkata Knight Riders,bat,Kolkata Knight Riders,5,0,,,,SC Ganguly,Indian Premier League,29.0,,20,6,336010.json
336011,2007/08,2008-05-09,Jaipur,Sawai Mansingh Stadium,T20,male,club,Rajasthan Royals,Deccan Chargers,Rajasthan Royals,field,Rajasthan Royals,0,8,,,,YK Pathan,Indian Premier League,30.0,,20,6,336011.json
336012,2007/08,2008-05-28,Bangalore,M Chinnaswamy Stadium,T20,male,club,Royal Challengers Bangalore,Mumbai Indians,Mumbai Indians,field,Mumbai Indians,0,9,,,,CRD Fernando,Indian Premier League,55.0,,20,6,336012.json
336013,2007/08,2008-05-10,Chennai,"MA Chidambaram Stadium, Chepauk",T20,male,club,Chennai Super Kings,Kings XI Punjab,Kings XI Punjab,field,Chennai Super Kings,18,0,,,,L Balaji,Indian Premier League,31.0,,20,6,336013.json
336014,2007/08,2008-05-11,Hyderabad,"Rajiv Gandhi International Stadium, Uppal",T20,male,club,Deccan Chargers,Kolkata Knight Riders,Kolkata Knight Riders,bat,Kolkata Knight Riders,23,0,,,,SC Ganguly,Indian Premier League,32.0,,20,6,336014.json
336015,2007/08,2008-05-11,Jaipur,Sawai Mansingh Stadium,T20,male,club,Rajasthan Royals,Delhi Daredevils,Rajasthan Royals,field,Rajasthan Royals,0,3,,,,SR Watson,Indian Premier League,33.0,,20,6,336015.json
336016,2007/08,2008-05-12,Chandigarh,"Punjab Cricket Association Stadium, Mohali",T20,male,club,Kings XI Punjab,Royal Challengers Bangalore,Royal Challengers Bangalore,bat,Kings XI Punjab,0,9,,,,SE Marsh,Indian Premier League,34.0,,20,6,336016.json
336017,2007/08,2008-05-13,Kolkata,Eden Gardens,T20,male,club,Kolkata Knight Riders,Delhi Daredevils,Kolkata Knight Riders,bat,Kolkata Knight Riders,23,0,,,,Shoaib Akhtar,Indian Premier League,35.0,,20,6,336017.json
336018,2007/08,2008-05-14,Mumbai,Wankhede Stadium,T20,male,club,Mumbai Indians,Chennai Super Kings,Mumbai Indians,field,Mumbai Indians,0,9,,,,ST Jayasuriya,Indian Premier League,36.0,,20,6,336018.json
336019,2007/08,2008-05-28,Chandigarh,"Punjab Cricket Association Stadium, Mohali",T20,male,club,Kings XI Punjab,Rajasthan Royals,Rajasthan Royals,field,Kings XI Punjab,41,0,,,,SE Marsh,Indian Premier League,56.0,,20,6,336019.json
336020,2007/08,2008-05-15,Delhi,Feroz Shah Kotla,T20,male,club,Delhi Daredevils,Deccan Chargers,Deccan Chargers,field,Delhi Daredevils,12,0,,,,A Mishra,Indian Premier League,37.0,,20,6,336020.json
336021,2007/08,2008-05-16,Mumbai,Wankhede Stadium,T20,male,club,Mumbai Indians,Kolkata Knight Riders,Mumbai Indians,field,Mumbai Indians,0,8,,,,SM Pollock,Indian Premier League,38.0,,20,6,336021.json
336022,2007/08,2008-05-17,Delhi,Feroz Shah Kotla,T20,male,club,Delhi Daredevils,Kings XI Punjab,Delhi Daredevils,bat,Kings XI Punjab,6,0,,D/L,,DPMD Jayawardene,Indian Premier League,40.0,,20,6,336022.json
336023,2007/08,2008-05-17,Jaipur,Sawai Mansingh Stadium,T20,male,club,Rajasthan Royals,Royal Challengers Bangalore,Royal Challengers Bangalore,field,Rajasthan Royals,65,0,,,,GC Smith,Indian Premier League,39.0,,20,6,336023.json
336024,2007/08,2008-05-18,Hyderabad,"Rajiv Gandhi International Stadium, Uppal",T20,male,club,Deccan Chargers,Mumbai Indians,Deccan Chargers,field,Mumbai Indians,25,0,,,,DJ Bravo,Indian Premier League,42.0,,20,6,336024.json
336025,2007/08,2008-05-18,Kolkata,Eden Gardens,T20,male,club,Kolkata Knight Riders,Chennai Super Kings,Kolkata Knight Riders,bat,Chennai Super Kings,3,0,,D/L,,M Ntini,Indian Premier League,41.0,,20,6,336025.json
336026,2007/08,2008-05-19,Bangalore,M Chinnaswamy Stadium,T20,male,club,Royal Challengers Bangalore,Delhi Daredevils,Delhi Daredevils,field,Delhi Daredevils,0,5,,,,SP Goswami,Indian Premier League,43.0,,20,6,336026.json
336027,2007/08,2008-05-20,Kolkata,Eden Gardens,T20,male,club,Kolkata Knight Riders,Rajasthan Royals,Rajasthan Royals,field,Rajasthan Royals,0,6,,,,YK Pathan,Indian Premier League,44.0,,20,6,336027.json
336028,2007/08,2008-05-21,Mumbai,Wankhede Stadium,T20,male,club,Mumbai Indians,Kings XI Punjab,Mumbai Indians,field,Kings XI Punjab,1,0,,,,SE Marsh,Indian Premier League,45.0,,20,6,336028.json
336029,2007/08,2008-05-21,Chennai,"MA Chidambaram Stadium, Chepauk",T20,male,club,Chennai Super Kings,Royal Challengers Bangalore,Royal Challengers Bangalore,bat,Royal Challengers Bangalore,14,0,,,,A Kumble,Indian Premier League,46.0,,20,6,336029.json
336031,2007/08,2008-05-23,Chandigarh,"Punjab Cricket Association Stadium, Mohali",T20,male,club,Kings XI Punjab,Deccan Chargers,Kings XI Punjab,field,Kings XI Punjab,0,6,,,,SE Marsh,Indian Premier League,48.0,,20,6,336031.json
336032,2007/08,2008-05-24,Delhi,Feroz Shah Kotla,T20,male,club,Delhi Daredevils,Mumbai Indians,Delhi Daredevils,field,Delhi Daredevils,0,5,,,,KD Karthik,Indian Premier League,50.0,,20,6,336032.json
336033,2007/08,2008-05-24,Chennai,"MA Chidambaram Stadium, Chepauk",T20,male,club,Chennai Super Kings,Rajasthan Royals,Rajasthan Royals,bat,Rajasthan Royals,10,0,,,,JA Morkel,Indian Premier League,49.0,,20,6,336033.json
336034,2007/08,2008-05-03,Bangalore,M Chinnaswamy Stadium,T20,male,club,Royal Challengers Bangalore,Deccan Chargers,Deccan Chargers,field,Royal Challengers Bangalore,3,0,,,,P Kumar,Indian Premier League,21.0,,20,6,336034.json
336035,2007/08,2008-05-25,Kolkata,Eden Gardens,T20,male,club,Kolkata Knight Riders,Kings XI Punjab,Kings XI Punjab,bat,Kolkata Knight Riders,0,3,,,,Umar Gul,Indian Premier League,52.0,,20,6,336035.json
336036,2007/08,2008-05-26,Jaipur,Sawai Mansingh Stadium,T20,male,club,Rajasthan Royals,Mumbai Indians,Rajasthan Royals,field,Rajasthan Royals,0,5,,,,Sohail Tanvir,Indian Premier League,53.0,,20,6,336036.json
336037,2007/08,2008-05-27,Hyderabad,"Rajiv Gandhi International Stadium, Uppal",T20,male,club,Deccan Chargers,Chennai Super Kings,Deccan Chargers,bat,Chennai Super Kings,0,7,,,,SK Raina,Indian Premier League,54.0,,20,6,336037.json
336038,2007/08,2008-05-30,Mumbai,Wankhede Stadium,T20,male,club,Delhi Daredevils,Rajasthan Royals,Delhi Daredevils,field,Rajasthan Royals,105,0,,,,SR Watson,Indian Premier League,,,20,6,336038.json
336039,2007/08,2008-05-31,Mumbai,Wankhede Stadium,T20,male,club,Chennai Super Kings,Kings XI Punjab,Kings XI Punjab,bat,Chennai Super Kings,0,9,,,,M Ntini,Indian Premier League,,,20,6,336039.json
336040,2007/08,2008-06-01,Mumbai,Dr DY Patil Sports Academy,T20,male,club,Chennai Super Kings,Rajasthan Royals,Rajasthan Royals,field,Rajasthan Royals,0,3,,,,YK Pathan,Indian Premier League,,,20,6,336040.json
392181,2009,2009-04-18,Cape Town,Newlands,T20,male,club,Chennai Super Kings,Mumbai Indians,Chennai Super Kings,field,Mumbai Indians,19,0,,,,SR Tendulkar,Indian Premier League,1.0,,20,6,392181.json
392182,2009,2009-04-18,Cape Town,Newlands,T20,male,club,Royal Challengers Bangalore,Rajasthan Royals,Royal Challengers Bangalore,bat,Royal Challengers Bangalore,75,0,,,,R Dravid,Indian Premier League,2.0,,20,6,392182.json
392183,2009,2009-04-19,Cape Town,Newlands,T20,male,club,Delhi Daredevils,Kings XI Punjab,Delhi Daredevils,field,Delhi Daredevils,0,10,,D/L,,DL Vettori,Indian Premier League,3.0,,20,6,392183.json
392184,2009,2009-04-19,Cape Town,Newlands,T20,male,club,Deccan Chargers,Kolkata Knight Riders,Kolkata Knight Riders,bat,Deccan Chargers,0,8,,,,RP Singh,Indian Premier League,4.0,,20,6,392184.json
392185,2009,2009-04-20,Port Elizabeth,St George's Park,T20,male,club,Royal Challengers Bangalore,Chennai Super Kings,Chennai Super Kings,bat,Chennai Super Kings,92,0,,,,M Muralitharan,Indian Premier League,5.0,,20,6,392185.json
392186,2009,2009-04-21,Durban,Kingsmead,T20,male,club,Kings XI Punjab,Kolkata Knight Riders,Kolkata Knight Riders,field,Kolkata Knight Riders,11,0,,D/L,,CH Gayle,Indian Premier League,6.0,,20,6,392186.json
392188,2009,2009-04-22,Cape Town,Newlands,T20,male,club,Royal Challengers Bangalore,Deccan Chargers,Deccan Chargers,bat,Deccan Chargers,24,0,,,,AC Gilchrist,Indian Premier League,8.0,,20,6,392188.json
392189,2009,2009-04-23,Durban,Kingsmead,T20,male,club,Chennai Super Kings,Delhi Daredevils,Delhi Daredevils,bat,Delhi Daredevils,9,0,,,,AB de Villiers,Indian Premier League,9.0,,20,6,392189.json
392190,2009,2009-04-23,Cape Town,Newlands,T20,male,club,Kolkata Knight Riders,Rajasthan Royals,Kolkata Knight Riders,field,,0,0,tie,,Rajasthan Royals,YK Pathan,Indian Premier League,10.0,,20,6,392190.json
392191,2009,2009-04-24,Durban,Kingsmead,T20,male,club,Royal Challengers Bangalore,Kings XI Punjab,Royal Challengers Bangalore,bat,Kings XI Punjab,0,7,,,,RS Bopara,Indian Premier League,11.0,,20,6,392191.json
392192,2009,2009-04-25,Durban,Kingsmead,T20,male,club,Deccan Chargers,Mumbai Indians,Deccan Chargers,bat,Deccan Chargers,12,0,,,,PP Ojha,Indian Premier League,12.0,,20,6,392192.json
392194,2009,2009-04-26,Port Elizabeth,St George's Park,T20,male,club,Royal Challengers Bangalore,Delhi Daredevils,Royal Challengers Bangalore,bat,Delhi Daredevils,0,6,,,,TM Dilshan,Indian Premier League,14.0,,20,6,392194.json
392195,2009,2009-04-26,Cape Town,Newlands,T20,male,club,Kings XI Punjab,Rajasthan Royals,Kings XI Punjab,bat,Kings XI Punjab,27,0,,,,KC Sangakkara,Indian Premier League,15.0,,20,6,392195.json
392196,2009,2009-04-27,Durban,Kingsmead,T20,male,club,Chennai Super Kings,Deccan Chargers,Deccan Chargers,field,Deccan Chargers,0,6,,,,HH Gibbs,Indian Premier League,16.0,,20,6,392196.json
392197,2009,2009-04-27,Port Elizabeth,St George's Park,T20,male,club,Kolkata Knight Riders,Mumbai Indians,Mumbai Indians,bat,Mumbai Indians,92,0,,,,SR Tendulkar,Indian Premier League,17.0,,20,6,392197.json
392198,2009,2009-04-28,Centurion,SuperSport Park,T20,male,club,Delhi Daredevils,Rajasthan Royals,Delhi Daredevils,bat,Rajasthan Royals,0,5,,,,YK Pathan,Indian Premier League,18.0,,20,6,392198.json
392199,2009,2009-04-29,Durban,Kingsmead,T20,male,club,Royal Challengers Bangalore,Kolkata Knight Riders,Kolkata Knight Riders,bat,Royal Challengers Bangalore,0,5,,,,MV Boucher,Indian Premier League,19.0,,20,6,392199.json
392200,2009,2009-04-29,Durban,Kingsmead,T20,male,club,Kings XI Punjab,Mumbai Indians,Kings XI Punjab,bat,Kings XI Punjab,3,0,,,,KC Sangakkara,Indian Premier League,20.0,,20,6,392200.json
392201,2009,2009-04-30,Centurion,SuperSport Park,T20,male,club,Deccan Chargers,Delhi Daredevils,Delhi Daredevils,field,Delhi Daredevils,0,6,,,,DP Nannes,Indian Premier League,21.0,,20,6,392201.json
392202,2009,2009-04-30,Centurion,SuperSport Park,T20,male,club,Chennai Super Kings,Rajasthan Royals,Rajasthan Royals,field,Chennai Super Kings,38,0,,,,SK Raina,Indian Premier League,22.0,,20,6,392202.json
392203,2009,2009-05-01,East London,Buffalo Park,T20,male,club,Kolkata Knight Riders,Mumbai Indians,Mumbai Indians,bat,Mumbai Indians,9,0,,,,JP Duminy,Indian Premier League,23.0,,20,6,392203.json
392204,2009,2009-05-01,Durban,Kingsmead,T20,male,club,Royal Challengers Bangalore,Kings XI Punjab,Royal Challengers Bangalore,bat,Royal Challengers Bangalore,8,0,,,,Yuvraj Singh,Indian Premier League,24.0,,20,6,392204.json
392205,2009,2009-05-02,Port Elizabeth,St George's Park,T20,male,club,Deccan Chargers,Rajasthan Royals,Deccan Chargers,bat,Rajasthan Royals,0,3,,,,YK Pathan,Indian Premier League,25.0,,20,6,392205.json
392206,2009,2009-05-02,Johannesburg,New Wanderers Stadium,T20,male,club,Chennai Super Kings,Delhi Daredevils,Delhi Daredevils,field,Chennai Super Kings,18,0,,,,SB Jakati,Indian Premier League,26.0,,20,6,392206.json
392207,2009,2009-05-03,Port Elizabeth,St George's Park,T20,male,club,Kings XI Punjab,Kolkata Knight Riders,Kolkata Knight Riders,bat,Kings XI Punjab,0,6,,,,DPMD Jayawardene,Indian Premier League,27.0,,20,6,392207.json
392208,2009,2009-05-03,Johannesburg,New Wanderers Stadium,T20,male,club,Royal Challengers Bangalore,Mumbai Indians,Mumbai Indians,bat,Royal Challengers Bangalore,0,9,,,,JH Kallis,Indian Premier League,28.0,,20,6,392208.json
392209,2009,2009-05-04,East London,Buffalo Park,T20,male,club,Chennai Super Kings,Deccan Chargers,Chennai Super Kings,bat,Chennai Super Kings,78,0,,,,MS Dhoni,Indian Premier League,29.0,,20,6,392209.json
392210,2009,2009-05-05,Durban,Kingsmead,T20,male,club,Kings XI Punjab,Rajasthan Royals,Kings XI Punjab,field,Rajasthan Royals,78,0,,,,GC Smith,Indian Premier League,30.0,,20,6,392210.json
392211,2009,2009-05-05,Durban,Kingsmead,T20,male,club,Delhi Daredevils,Kolkata Knight Riders,Kolkata Knight Riders,bat,Delhi Daredevils,0,9,,,,G Gambhir,Indian Premier League,31.0,,20,6,392211.json
392212,2009,2009-05-06,Centurion,SuperSport Park,T20,male,club,Deccan Chargers,Mumbai Indians,Deccan Chargers,bat,Deccan Chargers,19,0,,,,RG Sharma,Indian Premier League,32.0,,20,6,392212.json
392213,2009,2009-05-07,Centurion,SuperSport Park,T20,male,club,Royal Challengers Bangalore,Rajasthan Royals,Rajasthan Royals,field,Rajasthan Royals,0,7,,,,A Singh,Indian Premier League,33.0,,20,6,392213.json
392214,2009,2009-05-07,Centurion,SuperSport Park,T20,male,club,Chennai Super Kings,Kings XI Punjab,Chennai Super Kings,bat,Chennai Super Kings,12,0,,D/L,,ML Hayden,Indian Premier League,34.0,,20,6,392214.json
392215,2009,2009-05-08,East London,Buffalo Park,T20,male,club,Delhi Daredevils,Mumbai Indians,Mumbai Indians,bat,Delhi Daredevils,0,7,,,,A Nehra,Indian Premier League,35.0,,20,6,392215.json
392216,2009,2009-05-09,Kimberley,De Beers Diamond Oval,T20,male,club,Deccan Chargers,Kings XI Punjab,Kings XI Punjab,field,Kings XI Punjab,0,3,,,,DPMD Jayawardene,Indian Premier League,36.0,,20,6,392216.json
392217,2009,2009-05-09,Kimberley,De Beers Diamond Oval,T20,male,club,Chennai Super Kings,Rajasthan Royals,Rajasthan Royals,bat,Chennai Super Kings,0,7,,,,S Badrinath,Indian Premier League,37.0,,20,6,392217.json
392218,2009,2009-05-10,Port Elizabeth,St George's Park,T20,male,club,Royal Challengers Bangalore,Mumbai Indians,Mumbai Indians,bat,Mumbai Indians,16,0,,,,JP Duminy,Indian Premier League,38.0,,20,6,392218.json
392219,2009,2009-05-10,Johannesburg,New Wanderers Stadium,T20,male,club,Delhi Daredevils,Kolkata Knight Riders,Delhi Daredevils,field,Delhi Daredevils,0,7,,,,A Mishra,Indian Premier League,39.0,,20,6,392219.json
392220,2009,2009-05-11,Kimberley,De Beers Diamond Oval,T20,male,club,Deccan Chargers,Rajasthan Royals,Deccan Chargers,bat,Deccan Chargers,53,0,,,,DR Smith,Indian Premier League,40.0,,20,6,392220.json
392221,2009,2009-05-12,Centurion,SuperSport Park,T20,male,club,Royal Challengers Bangalore,Kolkata Knight Riders,Royal Challengers Bangalore,field,Royal Challengers Bangalore,0,6,,,,LRPL Taylor,Indian Premier League,41.0,,20,6,392221.json
392222,2009,2009-05-12,Centurion,SuperSport Park,T20,male,club,Kings XI Punjab,Mumbai Indians,Kings XI Punjab,bat,Mumbai Indians,0,8,,,,Harbhajan Singh,Indian Premier League,42.0,,20,6,392222.json
392223,2009,2009-05-13,Durban,Kingsmead,T20,male,club,Deccan Chargers,Delhi Daredevils,Deccan Chargers,field,Delhi Daredevils,12,0,,,,R Bhatia,Indian Premier League,43.0,,20,6,392223.json
392224,2009,2009-05-14,Durban,Kingsmead,T20,male,club,Royal Challengers Bangalore,Chennai Super Kings,Chennai Super Kings,bat,Royal Challengers Bangalore,0,2,,,,LRPL Taylor,Indian Premier League,44.0,,20,6,392224.json
392225,2009,2009-05-14,Durban,Kingsmead,T20,male,club,Mumbai Indians,Rajasthan Royals,Rajasthan Royals,bat,Rajasthan Royals,2,0,,,,SK Warne,Indian Premier League,45.0,,20,6,392225.json
392226,2009,2009-05-15,Bloemfontein,OUTsurance Oval,T20,male,club,Delhi Daredevils,Kings XI Punjab,Kings XI Punjab,field,Kings XI Punjab,0,6,,,,B Lee,Indian Premier League,46.0,,20,6,392226.json
392227,2009,2009-05-16,Port Elizabeth,St George's Park,T20,male,club,Chennai Super Kings,Mumbai Indians,Mumbai Indians,bat,Chennai Super Kings,0,7,,,,ML Hayden,Indian Premier League,47.0,,20,6,392227.json
392228,2009,2009-05-16,Johannesburg,New Wanderers Stadium,T20,male,club,Deccan Chargers,Kolkata Knight Riders,Deccan Chargers,field,Deccan Chargers,0,6,,,,RG Sharma,Indian Premier League,48.0,,20,6,392228.json
392229,2009,2009-05-17,Johannesburg,New Wanderers Stadium,T20,male,club,Deccan Chargers,Kings XI Punjab,Deccan Chargers,field,Kings XI Punjab,1,0,,,,Yuvraj Singh,Indian Premier League,49.0,,20,6,392229.json
392230,2009,2009-05-17,Bloemfontein,OUTsurance Oval,T20,male,club,Delhi Daredevils,Rajasthan Royals,Delhi Daredevils,bat,Delhi Daredevils,14,0,,,,AB de Villiers,Indian Premier League,50.0,,20,6,392230.json
392231,2009,2009-05-18,Centurion,SuperSport Park,T20,male,club,Chennai Super Kings,Kolkata Knight Riders,Chennai Super Kings,bat,Kolkata Knight Riders,0,7,,,,BJ Hodge,Indian Premier League,51.0,,20,6,392231.json
392232,2009,2009-05-19,Johannesburg,New Wanderers Stadium,T20,male,club,Royal Challengers Bangalore,Delhi Daredevils,Delhi Daredevils,bat,Royal Challengers Bangalore,0,7,,,,JH Kallis,Indian Premier League,52.0,,20,6,392232.json
392233,2009,2009-05-20,Durban,Kingsmead,T20,male,club,Kolkata Knight Riders,Rajasthan Royals,Kolkata Knight Riders,field,Kolkata Knight Riders,0,4,,,,LR Shukla,Indian Premier League,53.0,,20,6,392233.json
392234,2009,2009-05-20,Durban,Kingsmead,T20,male,club,Chennai Super Kings,Kings XI Punjab,Chennai Super Kings,bat,Chennai Super Kings,24,0,,,,M Muralitharan,Indian Premier League,54.0,,20,6,392234.json
392235,2009,2009-05-21,Centurion,SuperSport Park,T20,male,club,Delhi Daredevils,Mumbai Indians,Delhi Daredevils,field,Delhi Daredevils,0,4,,,,V Sehwag,Indian Premier League,55.0,,20,6,392235.json
392236,2009,2009-05-21,Centurion,SuperSport Park,T20,male,club,Royal Challengers Bangalore,Deccan Chargers,Royal Challengers Bangalore,bat,Royal Challengers Bangalore,12,0,,,,MK Pandey,Indian Premier League,56.0,,20,6,392236.json
392237,2009,2009-05-22,Centurion,SuperSport Park,T20,male,club,Delhi Daredevils,Deccan Chargers,Deccan Chargers,field,Deccan Chargers,0,6,,,,AC Gilchrist,Indian Premier League,,,20,6,392237.json
392238,2009,2009-05-23,Johannesburg,New Wanderers Stadium,T20,male,club,Royal Challengers Bangalore,Chennai Super Kings,Royal Challengers Bangalore,field,Royal Challengers Bangalore,0,6,,,,MK Pandey,Indian Premier League,,,20,6,392238.json
392239,2009,2009-05-24,Johannesburg,New Wanderers Stadium,T20,male,club,Royal Challengers Bangalore,Deccan Chargers,Royal Challengers Bangalore,field,Deccan Chargers,6,0,,,,A Kumble,Indian Premier League,,,20,6,392239.json
419106,2009/10,2010-03-12,Mumbai,Dr DY Patil Sports Academy,T20,male,club,Deccan Chargers,Kolkata Knight Riders,Deccan Chargers,field,Kolkata Knight Riders,11,0,,,,AD Mathews,Indian Premier League,1.0,,20,6,419106.json
419107,2009/10,2010-03-13,Mumbai,Brabourne Stadium,T20,male,club,Mumbai Indians,Rajasthan Royals,Mumbai Indians,bat,Mumbai Indians,4,0,,,,YK Pathan,Indian Premier League,2.0,,20,6,419107.json
419108,2009/10,2010-03-13,Chandigarh,"Punjab Cricket Association Stadium, Mohali",T20,male,club,Kings XI Punjab,Delhi Daredevils,Delhi Daredevils,field,Delhi Daredevils,0,5,,,,G Gambhir,Indian Premier League,3.0,,20,6,419108.json
419109,2009/10,2010-03-14,Kolkata,Eden Gardens,T20,male,club,Kolkata Knight Riders,Royal Challengers Bangalore,Kolkata Knight Riders,field,Kolkata Knight Riders,0,7,,,,MK Tiwary,Indian Premier League,4.0,,20,6,419109.json
419110,2009/10,2010-03-14,Chennai,"MA Chidambaram Stadium, Chepauk",T20,male,club,Chennai Super Kings,Deccan Chargers,Deccan Chargers,bat,Deccan Chargers,31,0,,,,WPUJC Vaas,Indian Premier League,5.0,,20,6,419110.json
419111,2009/10,2010-03-15,Ahmedabad,"Sardar Patel Stadium, Motera",T20,male,club,Rajasthan Royals,Delhi Daredevils,Delhi Daredevils,field,Delhi Daredevils,0,6,,,,V Sehwag,Indian Premier League,6.0,,20,6,419111.json
419112,2009/10,2010-03-16,Bangalore,M Chinnaswamy Stadium,T20,male,club,Royal Challengers Bangalore,Kings XI Punjab,Kings XI Punjab,bat,Royal Challengers Bangalore,0,8,,,,JH Kallis,Indian Premier League,7.0,,20,6,419112.json
419113,2009/10,2010-03-16,Kolkata,Eden Gardens,T20,male,club,Kolkata Knight Riders,Chennai Super Kings,Chennai Super Kings,bat,Chennai Super Kings,55,0,,,,MS Dhoni,Indian Premier League,8.0,,20,6,419113.json
419114,2009/10,2010-03-17,Delhi,Feroz Shah Kotla,T20,male,club,Delhi Daredevils,Mumbai Indians,Delhi Daredevils,field,Mumbai Indians,98,0,,,,SR Tendulkar,Indian Premier League,9.0,,20,6,419114.json
419115,2009/10,2010-03-18,Bangalore,M Chinnaswamy Stadium,T20,male,club,Royal Challengers Bangalore,Rajasthan Royals,Royal Challengers Bangalore,field,Royal Challengers Bangalore,0,10,,,,JH Kallis,Indian Premier League,10.0,,20,6,419115.json
419116,2009/10,2010-03-19,Delhi,Feroz Shah Kotla,T20,male,club,Delhi Daredevils,Chennai Super Kings,Delhi Daredevils,bat,Chennai Super Kings,0,5,,,,ML Hayden,Indian Premier League,11.0,,20,6,419116.json
419117,2009/10,2010-03-19,Cuttack,Barabati Stadium,T20,male,club,Deccan Chargers,Kings XI Punjab,Kings XI Punjab,field,Deccan Chargers,6,0,,,,A Symonds,Indian Premier League,12.0,,20,6,419117.json
419118,2009/10,2010-03-20,Ahmedabad,"Sardar Patel Stadium, Motera",T20,male,club,Rajasthan Royals,Kolkata Knight Riders,Rajasthan Royals,bat,Rajasthan Royals,34,0,,,,AA Jhunjhunwala,Indian Premier League,13.0,,20,6,419118.json
419119,2009/10,2010-03-20,Mumbai,Brabourne Stadium,T20,male,club,Mumbai Indians,Royal Challengers Bangalore,Mumbai Indians,bat,Royal Challengers Bangalore,0,7,,,,JH Kallis,Indian Premier League,14.0,,20,6,419119.json
419120,2009/10,2010-03-21,Cuttack,Barabati Stadium,T20,male,club,Deccan Chargers,Delhi Daredevils,Deccan Chargers,bat,Deccan Chargers,10,0,,,,A Symonds,Indian Premier League,15.0,,20,6,419120.json
419121,2009/10,2010-03-21,Chennai,"MA Chidambaram Stadium, Chepauk",T20,male,club,Chennai Super Kings,Kings XI Punjab,Chennai Super Kings,field,,0,0,tie,,Kings XI Punjab,J Theron,Indian Premier League,16.0,,20,6,419121.json
419122,2009/10,2010-03-22,Mumbai,Brabourne Stadium,T20,male,club,Mumbai Indians,Kolkata Knight Riders,Kolkata Knight Riders,bat,Mumbai Indians,0,7,,,,SR Tendulkar,Indian Premier League,17.0,,20,6,419122.json
419123,2009/10,2010-03-23,Bangalore,M Chinnaswamy Stadium,T20,male,club,Royal Challengers Bangalore,Chennai Super Kings,Chennai Super Kings,field,Royal Challengers Bangalore,36,0,,,,RV Uthappa,Indian Premier League,18.0,,20,6,419123.json
419124,2009/10,2010-03-24,Chandigarh,"Punjab Cricket Association Stadium, Mohali",T20,male,club,Kings XI Punjab,Rajasthan Royals,Kings XI Punjab,field,Rajasthan Royals,31,0,,,,AC Voges,Indian Premier League,19.0,,20,6,419124.json
419125,2009/10,2010-03-25,Mumbai,"Brabourne Stadium, Mumbai",T20,male,club,Chennai Super Kings,Mumbai Indians,Mumbai Indians,field,Mumbai Indians,0,5,,,,SR Tendulkar,Indian Premier League,21.0,,20,6,419125.json
419126,2009/10,2010-03-26,Ahmedabad,"Sardar Patel Stadium, Motera",T20,male,club,Rajasthan Royals,Deccan Chargers,Deccan Chargers,bat,Rajasthan Royals,0,8,,,,YK Pathan,Indian Premier League,22.0,,20,6,419126.json
419127,2009/10,2010-03-27,Chandigarh,"Punjab Cricket Association Stadium, Mohali",T20,male,club,Kings XI Punjab,Kolkata Knight Riders,Kolkata Knight Riders,bat,Kolkata Knight Riders,39,0,,,,MK Tiwary,Indian Premier League,23.0,,20,6,419127.json
419128,2009/10,2010-03-25,Bangalore,M Chinnaswamy Stadium,T20,male,club,Royal Challengers Bangalore,Delhi Daredevils,Royal Challengers Bangalore,field,Delhi Daredevils,17,0,,,,KM Jadhav,Indian Premier League,20.0,,20,6,419128.json
419129,2009/10,2010-03-28,Ahmedabad,"Sardar Patel Stadium, Motera",T20,male,club,Rajasthan Royals,Chennai Super Kings,Rajasthan Royals,bat,Rajasthan Royals,17,0,,,,NV Ojha,Indian Premier League,24.0,,20,6,419129.json
419130,2009/10,2010-03-28,Mumbai,Dr DY Patil Sports Academy,T20,male,club,Deccan Chargers,Mumbai Indians,Deccan Chargers,field,Mumbai Indians,41,0,,,,Harbhajan Singh,Indian Premier League,25.0,,20,6,419130.json
419131,2009/10,2010-03-29,Delhi,Feroz Shah Kotla,T20,male,club,Delhi Daredevils,Kolkata Knight Riders,Delhi Daredevils,bat,Delhi Daredevils,40,0,,,,DA Warner,Indian Premier League,26.0,,20,6,419131.json
419132,2009/10,2010-03-30,Mumbai,Brabourne Stadium,T20,male,club,Mumbai Indians,Kings XI Punjab,Mumbai Indians,field,Mumbai Indians,0,4,,,,SL Malinga,Indian Premier League,27.0,,20,6,419132.json
419133,2009/10,2010-03-31,Chennai,"MA Chidambaram Stadium, Chepauk",T20,male,club,Chennai Super Kings,Royal Challengers Bangalore,Royal Challengers Bangalore,bat,Chennai Super Kings,0,5,,,,M Vijay,Indian Premier League,28.0,,20,6,419133.json
419134,2009/10,2010-03-31,Delhi,Feroz Shah Kotla,T20,male,club,Delhi Daredevils,Rajasthan Royals,Delhi Daredevils,bat,Delhi Daredevils,67,0,,,,KD Karthik,Indian Premier League,29.0,,20,6,419134.json
419135,2009/10,2010-04-01,Kolkata,Eden Gardens,T20,male,club,Kolkata Knight Riders,Deccan Chargers,Kolkata Knight Riders,bat,Kolkata Knight Riders,24,0,,,,SC Ganguly,Indian Premier League,30.0,,20,6,419135.json
419136,2009/10,2010-04-02,Chandigarh,"Punjab Cricket Association Stadium, Mohali",T20,male,club,Kings XI Punjab,Royal Challengers Bangalore,Kings XI Punjab,bat,Royal Challengers Bangalore,0,6,,,,KP Pietersen,Indian Premier League,31.0,,20,6,419136.json
419137,2009/10,2010-04-03,Chennai,"MA Chidambaram Stadium, Chepauk",T20,male,club,Chennai Super Kings,Rajasthan Royals,Chennai Super Kings,bat,Chennai Super Kings,23,0,,,,M Vijay,Indian Premier League,32.0,,20,6,419137.json
419138,2009/10,2010-04-03,Mumbai,Brabourne Stadium,T20,male,club,Mumbai Indians,Deccan Chargers,Mumbai Indians,bat,Mumbai Indians,63,0,,,,AT Rayudu,Indian Premier League,33.0,,20,6,419138.json
419139,2009/10,2010-04-04,Kolkata,Eden Gardens,T20,male,club,Kolkata Knight Riders,Kings XI Punjab,Kolkata Knight Riders,bat,Kings XI Punjab,0,8,,,,DPMD Jayawardene,Indian Premier League,34.0,,20,6,419139.json
419140,2009/10,2010-04-04,Delhi,Feroz Shah Kotla,T20,male,club,Delhi Daredevils,Royal Challengers Bangalore,Delhi Daredevils,bat,Delhi Daredevils,37,0,,,,PD Collingwood,Indian Premier League,35.0,,20,6,419140.json
419141,2009/10,2010-04-05,Nagpur,"Vidarbha Cricket Association Stadium, Jamtha",T20,male,club,Deccan Chargers,Rajasthan Royals,Rajasthan Royals,bat,Rajasthan Royals,2,0,,,,SK Warne,Indian Premier League,36.0,,20,6,419141.json
419142,2009/10,2010-04-06,Chennai,"MA Chidambaram Stadium, Chepauk",T20,male,club,Chennai Super Kings,Mumbai Indians,Chennai Super Kings,bat,Chennai Super Kings,24,0,,,,SK Raina,Indian Premier League,37.0,,20,6,419142.json
419143,2009/10,2010-04-07,Jaipur,Sawai Mansingh Stadium,T20,male,club,Rajasthan Royals,Kings XI Punjab,Kings XI Punjab,bat,Rajasthan Royals,0,9,,,,MJ Lumb,Indian Premier League,38.0,,20,6,419143.json
419144,2009/10,2010-04-07,Kolkata,Eden Gardens,T20,male,club,Kolkata Knight Riders,Delhi Daredevils,Kolkata Knight Riders,bat,Kolkata Knight Riders,14,0,,,,SC Ganguly,Indian Premier League,39.0,,20,6,419144.json
419145,2009/10,2010-04-08,Bangalore,M Chinnaswamy Stadium,T20,male,club,Royal Challengers Bangalore,Deccan Chargers,Deccan Chargers,field,Deccan Chargers,0,7,,,,TL Suman,Indian Premier League,40.0,,20,6,419145.json
419146,2009/10,2010-04-09,Chandigarh,"Punjab Cricket Association Stadium, Mohali",T20,male,club,Kings XI Punjab,Mumbai Indians,Mumbai Indians,bat,Kings XI Punjab,0,6,,,,KC Sangakkara,Indian Premier League,41.0,,20,6,419146.json
419147,2009/10,2010-04-10,Nagpur,"Vidarbha Cricket Association Stadium, Jamtha",T20,male,club,Deccan Chargers,Chennai Super Kings,Chennai Super Kings,bat,Deccan Chargers,0,6,,,,RJ Harris,Indian Premier League,42.0,,20,6,419147.json
419148,2009/10,2010-04-10,Bangalore,M Chinnaswamy Stadium,T20,male,club,Royal Challengers Bangalore,Kolkata Knight Riders,Royal Challengers Bangalore,field,Royal Challengers Bangalore,0,7,,,,R Vinay Kumar,Indian Premier League,43.0,,20,6,419148.json
419149,2009/10,2010-04-11,Delhi,Feroz Shah Kotla,T20,male,club,Delhi Daredevils,Kings XI Punjab,Delhi Daredevils,bat,Kings XI Punjab,0,7,,,,PP Chawla,Indian Premier League,44.0,,20,6,419149.json
419150,2009/10,2010-04-11,Jaipur,Sawai Mansingh Stadium,T20,male,club,Rajasthan Royals,Mumbai Indians,Rajasthan Royals,field,Mumbai Indians,37,0,,,,SR Tendulkar,Indian Premier League,45.0,,20,6,419150.json
419151,2009/10,2010-04-12,Nagpur,"Vidarbha Cricket Association Stadium, Jamtha",T20,male,club,Deccan Chargers,Royal Challengers Bangalore,Royal Challengers Bangalore,field,Deccan Chargers,13,0,,,,Harmeet Singh,Indian Premier League,46.0,,20,6,419151.json
419152,2009/10,2010-04-13,Mumbai,Brabourne Stadium,T20,male,club,Mumbai Indians,Delhi Daredevils,Mumbai Indians,bat,Mumbai Indians,39,0,,,,KA Pollard,Indian Premier League,47.0,,20,6,419152.json
419153,2009/10,2010-04-13,Chennai,"MA Chidambaram Stadium, Chepauk",T20,male,club,Chennai Super Kings,Kolkata Knight Riders,Kolkata Knight Riders,bat,Chennai Super Kings,0,9,,,,R Ashwin,Indian Premier League,48.0,,20,6,419153.json
419154,2009/10,2010-04-14,Jaipur,Sawai Mansingh Stadium,T20,male,club,Rajasthan Royals,Royal Challengers Bangalore,Rajasthan Royals,bat,Royal Challengers Bangalore,0,5,,,,KP Pietersen,Indian Premier League,49.0,,20,6,419154.json
419155,2009/10,2010-04-15,Chennai,"MA Chidambaram Stadium, Chepauk",T20,male,club,Chennai Super Kings,Delhi Daredevils,Chennai Super Kings,bat,Delhi Daredevils,0,6,,,,G Gambhir,Indian Premier League,50.0,,20,6,419155.json
419156,2009/10,2010-04-16,Dharamsala,Himachal Pradesh Cricket Association Stadium,T20,male,club,Kings XI Punjab,Deccan Chargers,Deccan Chargers,field,Deccan Chargers,0,5,,,,RG Sharma,Indian Premier League,51.0,,20,6,419156.json
419157,2009/10,2010-04-17,Bangalore,M Chinnaswamy Stadium,T20,male,club,Royal Challengers Bangalore,Mumbai Indians,Royal Challengers Bangalore,field,Mumbai Indians,57,0,,,,R McLaren,Indian Premier League,52.0,,20,6,419157.json
419158,2009/10,2010-04-17,Kolkata,Eden Gardens,T20,male,club,Kolkata Knight Riders,Rajasthan Royals,Rajasthan Royals,bat,Kolkata Knight Riders,0,8,,,,JD Unadkat,Indian Premier League,53.0,,20,6,419158.json
419159,2009/10,2010-04-18,Dharamsala,Himachal Pradesh Cricket Association Stadium,T20,male,club,Kings XI Punjab,Chennai Super Kings,Chennai Super Kings,field,Chennai Super Kings,0,6,,,,MS Dhoni,Indian Premier League,54.0,,20,6,419159.json
419160,2009/10,2010-04-18,Delhi,Feroz Shah Kotla,T20,male,club,Delhi Daredevils,Deccan Chargers,Deccan Chargers,bat,Deccan Chargers,11,0,,,,A Symonds,Indian Premier League,55.0,,20,6,419160.json
419161,2009/10,2010-04-19,Kolkata,Eden Gardens,T20,male,club,Kolkata Knight Riders,Mumbai Indians,Mumbai Indians,bat,Kolkata Knight Riders,0,9,,,,M Kartik,Indian Premier League,56.0,,20,6,419161.json
419162,2009/10,2010-04-21,Mumbai,Dr DY Patil Sports Academy,T20,male,club,Royal Challengers Bangalore,Mumbai Indians,Mumbai Indians,bat,Mumbai Indians,35,0,,,,KA Pollard,Indian Premier League,,,20,6,419162.json
419163,2009/10,2010-04-22,Mumbai,Dr DY Patil Sports Academy,T20,male,club,Chennai Super Kings,Deccan Chargers,Chennai Super Kings,bat,Chennai Super Kings,38,0,,,,DE Bollinger,Indian Premier League,,,20,6,419163.json
419164,2009/10,2010-04-24,Mumbai,Dr DY Patil Sports Academy,T20,male,club,Royal Challengers Bangalore,Deccan Chargers,Deccan Chargers,bat,Royal Challengers Bangalore,0,9,,,,A Kumble,Indian Premier League,,,20,6,419164.json
419165,2009/10,2010-04-25,Mumbai,Dr DY Patil Sports Academy,T20,male,club,Chennai Super Kings,Mumbai Indians,Chennai Super Kings,bat,Chennai Super Kings,22,0,,,,SK Raina,Indian Premier League,,,20,6,419165.json
501198,2011,2011-04-08,Chennai,"MA Chidambaram Stadium, Chepauk",T20,male,club,Chennai Super Kings,Kolkata Knight Riders,Chennai Super Kings,bat,Chennai Super Kings,2,0,,,,S Anirudha,Indian Premier League,1.0,,20,6,501198.json
501199,2011,2011-04-09,Hyderabad,"Rajiv Gandhi International Stadium, Uppal",T20,male,club,Deccan Chargers,Rajasthan Royals,Rajasthan Royals,field,Rajasthan Royals,0,8,,,,SK Trivedi,Indian Premier League,2.0,,20,6,501199.json
501200,2011,2011-04-09,Kochi,Nehru Stadium,T20,male,club,Kochi Tuskers Kerala,Royal Challengers Bangalore,Kochi Tuskers Kerala,bat,Royal Challengers Bangalore,0,6,,,,AB de Villiers,Indian Premier League,3.0,,20,6,501200.json
501201,2011,2011-04-10,Delhi,Feroz Shah Kotla,T20,male,club,Delhi Daredevils,Mumbai Indians,Delhi Daredevils,bat,Mumbai Indians,0,8,,,,SL Malinga,Indian Premier League,4.0,,20,6,501201.json
501202,2011,2011-04-10,Mumbai,Dr DY Patil Sports Academy,T20,male,club,Pune Warriors,Kings XI Punjab,Kings XI Punjab,bat,Pune Warriors,0,7,,,,SB Wagh,Indian Premier League,5.0,,20,6,501202.json
501203,2011,2011-04-11,Kolkata,Eden Gardens,T20,male,club,Kolkata Knight Riders,Deccan Chargers,Kolkata Knight Riders,bat,Kolkata Knight Riders,9,0,,,,JH Kallis,Indian Premier League,6.0,,20,6,501203.json
501204,2011,2011-04-12,Jaipur,Sawai Mansingh Stadium,T20,male,club,Rajasthan Royals,Delhi Daredevils,Delhi Daredevils,bat,Rajasthan Royals,0,6,,,,SK Warne,Indian Premier League,7.0,,20,6,501204.json
501205,2011,2011-04-12,Bangalore,M Chinnaswamy Stadium,T20,male,club,Royal Challengers Bangalore,Mumbai Indians,Mumbai Indians,field,Mumbai Indians,0,9,,,,SR Tendulkar,Indian Premier League,8.0,,20,6,501205.json
501206,2011,2011-04-13,Chandigarh,"Punjab Cricket Association Stadium, Mohali",T20,male,club,Kings XI Punjab,Chennai Super Kings,Kings XI Punjab,field,Kings XI Punjab,0,6,,,,PC Valthaty,Indian Premier League,9.0,,20,6,501206.json
501207,2011,2011-04-13,Mumbai,Dr DY Patil Sports Academy,T20,male,club,Pune Warriors,Kochi Tuskers Kerala,Kochi Tuskers Kerala,bat,Pune Warriors,0,4,,,,MD Mishra,Indian Premier League,10.0,,20,6,501207.json
501208,2011,2011-04-14,Hyderabad,"Rajiv Gandhi International Stadium, Uppal",T20,male,club,Deccan Chargers,Royal Challengers Bangalore,Royal Challengers Bangalore,field,Deccan Chargers,33,0,,,,DW Steyn,Indian Premier League,11.0,,20,6,501208.json
501209,2011,2011-04-15,Jaipur,Sawai Mansingh Stadium,T20,male,club,Rajasthan Royals,Kolkata Knight Riders,Kolkata Knight Riders,field,Kolkata Knight Riders,0,9,,,,G Gambhir,Indian Premier League,12.0,,20,6,501209.json
501210,2011,2011-04-15,Mumbai,Wankhede Stadium,T20,male,club,Mumbai Indians,Kochi Tuskers Kerala,Kochi Tuskers Kerala,field,Kochi Tuskers Kerala,0,8,,,,BB McCullum,Indian Premier League,13.0,,20,6,501210.json
501211,2011,2011-04-16,Chennai,"MA Chidambaram Stadium, Chepauk",T20,male,club,Chennai Super Kings,Royal Challengers Bangalore,Chennai Super Kings,bat,Chennai Super Kings,21,0,,,,MEK Hussey,Indian Premier League,14.0,,20,6,501211.json
501212,2011,2011-04-16,Hyderabad,"Rajiv Gandhi International Stadium, Uppal",T20,male,club,Deccan Chargers,Kings XI Punjab,Kings XI Punjab,field,Kings XI Punjab,0,8,,,,PC Valthaty,Indian Premier League,15.0,,20,6,501212.json
501213,2011,2011-04-17,Mumbai,Dr DY Patil Sports Academy,T20,male,club,Pune Warriors,Delhi Daredevils,Delhi Daredevils,field,Delhi Daredevils,0,3,,,,Yuvraj Singh,Indian Premier League,16.0,,20,6,501213.json
501214,2011,2011-04-17,Kolkata,Eden Gardens,T20,male,club,Kolkata Knight Riders,Rajasthan Royals,Kolkata Knight Riders,field,Kolkata Knight Riders,0,8,,,,L Balaji,Indian Premier League,17.0,,20,6,501214.json
501215,2011,2011-04-18,Kochi,Nehru Stadium,T20,male,club,Kochi Tuskers Kerala,Chennai Super Kings,Kochi Tuskers Kerala,field,Kochi Tuskers Kerala,0,7,,D/L,,BB McCullum,Indian Premier League,18.0,,20,6,501215.json
501216,2011,2011-04-19,Delhi,Feroz Shah Kotla,T20,male,club,Delhi Daredevils,Deccan Chargers,Deccan Chargers,bat,Deccan Chargers,16,0,,,,S Sohal,Indian Premier League,19.0,,20,6,501216.json
501218,2011,2011-04-20,Mumbai,Wankhede Stadium,T20,male,club,Mumbai Indians,Pune Warriors,Pune Warriors,bat,Mumbai Indians,0,7,,,,MM Patel,Indian Premier League,21.0,,20,6,501218.json
501219,2011,2011-04-20,Kolkata,Eden Gardens,T20,male,club,Kolkata Knight Riders,Kochi Tuskers Kerala,Kolkata Knight Riders,field,Kochi Tuskers Kerala,6,0,,,,DPMD Jayawardene,Indian Premier League,22.0,,20,6,501219.json
501220,2011,2011-04-21,Chandigarh,"Punjab Cricket Association Stadium, Mohali",T20,male,club,Kings XI Punjab,Rajasthan Royals,Rajasthan Royals,field,Kings XI Punjab,48,0,,,,SE Marsh,Indian Premier League,23.0,,20,6,501220.json
501221,2011,2011-04-22,Mumbai,Wankhede Stadium,T20,male,club,Mumbai Indians,Chennai Super Kings,Chennai Super Kings,field,Mumbai Indians,8,0,,,,Harbhajan Singh,Indian Premier League,25.0,,20,6,501221.json
501222,2011,2011-04-22,Kolkata,Eden Gardens,T20,male,club,Kolkata Knight Riders,Royal Challengers Bangalore,Royal Challengers Bangalore,field,Royal Challengers Bangalore,0,9,,,,CH Gayle,Indian Premier League,24.0,,20,6,501222.json
501223,2011,2011-04-23,Delhi,Feroz Shah Kotla,T20,male,club,Delhi Daredevils,Kings XI Punjab,Kings XI Punjab,field,Delhi Daredevils,29,0,,,,DA Warner,Indian Premier League,26.0,,20,6,501223.json
501224,2011,2011-04-24,Hyderabad,"Rajiv Gandhi International Stadium, Uppal",T20,male,club,Deccan Chargers,Mumbai Indians,Deccan Chargers,field,Mumbai Indians,37,0,,,,SL Malinga,Indian Premier League,27.0,,20,6,501224.json
501225,2011,2011-04-24,Jaipur,Sawai Mansingh Stadium,T20,male,club,Rajasthan Royals,Kochi Tuskers Kerala,Rajasthan Royals,field,Rajasthan Royals,0,8,,,,SK Warne,Indian Premier League,28.0,,20,6,501225.json
501226,2011,2011-04-25,Chennai,"MA Chidambaram Stadium, Chepauk",T20,male,club,Chennai Super Kings,Pune Warriors,Pune Warriors,field,Chennai Super Kings,25,0,,,,MEK Hussey,Indian Premier League,29.0,,20,6,501226.json
501227,2011,2011-04-26,Delhi,Feroz Shah Kotla,T20,male,club,Delhi Daredevils,Royal Challengers Bangalore,Royal Challengers Bangalore,field,Royal Challengers Bangalore,0,3,,,,V Kohli,Indian Premier League,30.0,,20,6,501227.json
501228,2011,2011-04-27,Mumbai,Dr DY Patil Sports Academy,T20,male,club,Pune Warriors,Chennai Super Kings,Pune Warriors,bat,Chennai Super Kings,0,8,,,,DE Bollinger,Indian Premier League,31.0,,20,6,501228.json
501229,2011,2011-04-27,Kochi,Nehru Stadium,T20,male,club,Kochi Tuskers Kerala,Deccan Chargers,Kochi Tuskers Kerala,field,Deccan Chargers,55,0,,,,I Sharma,Indian Premier League,32.0,,20,6,501229.json
501230,2011,2011-04-28,Delhi,Feroz Shah Kotla,T20,male,club,Delhi Daredevils,Kolkata Knight Riders,Delhi Daredevils,field,Kolkata Knight Riders,17,0,,,,MK Tiwary,Indian Premier League,33.0,,20,6,501230.json
501231,2011,2011-04-29,Jaipur,Sawai Mansingh Stadium,T20,male,club,Rajasthan Royals,Mumbai Indians,Rajasthan Royals,field,Rajasthan Royals,0,7,,,,J Botha,Indian Premier League,34.0,,20,6,501231.json
501232,2011,2011-04-29,Bangalore,M Chinnaswamy Stadium,T20,male,club,Royal Challengers Bangalore,Pune Warriors,Pune Warriors,field,Royal Challengers Bangalore,26,0,,,,V Kohli,Indian Premier League,35.0,,20,6,501232.json
501233,2011,2011-04-30,Kochi,Nehru Stadium,T20,male,club,Kochi Tuskers Kerala,Delhi Daredevils,Delhi Daredevils,bat,Delhi Daredevils,38,0,,,,V Sehwag,Indian Premier League,36.0,,20,6,501233.json
501234,2011,2011-04-30,Kolkata,Eden Gardens,T20,male,club,Kolkata Knight Riders,Kings XI Punjab,Kolkata Knight Riders,field,Kolkata Knight Riders,0,8,,,,Iqbal Abdulla,Indian Premier League,37.0,,20,6,501234.json
501235,2011,2011-05-01,Jaipur,Sawai Mansingh Stadium,T20,male,club,Rajasthan Royals,Pune Warriors,Rajasthan Royals,field,Rajasthan Royals,0,6,,,,LRPL Taylor,Indian Premier League,38.0,,20,6,501235.json
501236,2011,2011-05-01,Chennai,"MA Chidambaram Stadium, Chepauk",T20,male,club,Chennai Super Kings,Deccan Chargers,Chennai Super Kings,bat,Chennai Super Kings,19,0,,,,JA Morkel,Indian Premier League,39.0,,20,6,501236.json
501237,2011,2011-05-02,Mumbai,Wankhede Stadium,T20,male,club,Mumbai Indians,Kings XI Punjab,Kings XI Punjab,field,Mumbai Indians,23,0,,,,KA Pollard,Indian Premier League,40.0,,20,6,501237.json
501238,2011,2011-05-02,Delhi,Feroz Shah Kotla,T20,male,club,Delhi Daredevils,Kochi Tuskers Kerala,Kochi Tuskers Kerala,field,Kochi Tuskers Kerala,0,7,,,,P Parameswaran,Indian Premier League,41.0,,20,6,501238.json
501239,2011,2011-05-03,Hyderabad,"Rajiv Gandhi International Stadium, Uppal",T20,male,club,Deccan Chargers,Kolkata Knight Riders,Deccan Chargers,field,Kolkata Knight Riders,20,0,,,,YK Pathan,Indian Premier League,42.0,,20,6,501239.json
501240,2011,2011-05-04,Chennai,"MA Chidambaram Stadium, Chepauk",T20,male,club,Chennai Super Kings,Rajasthan Royals,Rajasthan Royals,bat,Chennai Super Kings,0,8,,,,MEK Hussey,Indian Premier League,43.0,,20,6,501240.json
501241,2011,2011-05-04,Mumbai,Dr DY Patil Sports Academy,T20,male,club,Pune Warriors,Mumbai Indians,Pune Warriors,field,Mumbai Indians,21,0,,,,R Sharma,Indian Premier League,44.0,,20,6,501241.json
501242,2011,2011-05-05,Kochi,Nehru Stadium,T20,male,club,Kochi Tuskers Kerala,Kolkata Knight Riders,Kolkata Knight Riders,field,Kochi Tuskers Kerala,17,0,,,,BJ Hodge,Indian Premier League,45.0,,20,6,501242.json
501243,2011,2011-05-05,Hyderabad,"Rajiv Gandhi International Stadium, Uppal",T20,male,club,Deccan Chargers,Delhi Daredevils,Delhi Daredevils,field,Delhi Daredevils,0,4,,,,V Sehwag,Indian Premier League,46.0,,20,6,501243.json
501244,2011,2011-05-06,Bangalore,M Chinnaswamy Stadium,T20,male,club,Royal Challengers Bangalore,Kings XI Punjab,Kings XI Punjab,field,Royal Challengers Bangalore,85,0,,,,CH Gayle,Indian Premier League,47.0,,20,6,501244.json
501245,2011,2011-05-07,Kolkata,Eden Gardens,T20,male,club,Kolkata Knight Riders,Chennai Super Kings,Chennai Super Kings,bat,Kolkata Knight Riders,10,0,,D/L,,Iqbal Abdulla,Indian Premier League,48.0,,20,6,501245.json
501246,2011,2011-05-07,Mumbai,Wankhede Stadium,T20,male,club,Mumbai Indians,Delhi Daredevils,Delhi Daredevils,field,Mumbai Indians,32,0,,,,AT Rayudu,Indian Premier League,49.0,,20,6,501246.json
501247,2011,2011-05-08,Bangalore,M Chinnaswamy Stadium,T20,male,club,Royal Challengers Bangalore,Kochi Tuskers Kerala,Kochi Tuskers Kerala,bat,Royal Challengers Bangalore,0,9,,,,CH Gayle,Indian Premier League,50.0,,20,6,501247.json
501248,2011,2011-05-08,Chandigarh,"Punjab Cricket Association Stadium, Mohali",T20,male,club,Kings XI Punjab,Pune Warriors,Kings XI Punjab,bat,Pune Warriors,0,5,,,,R Sharma,Indian Premier League,51.0,,20,6,501248.json
501249,2011,2011-05-09,Jaipur,Sawai Mansingh Stadium,T20,male,club,Rajasthan Royals,Chennai Super Kings,Rajasthan Royals,field,Chennai Super Kings,63,0,,,,M Vijay,Indian Premier League,52.0,,20,6,501249.json
501250,2011,2011-05-10,Hyderabad,"Rajiv Gandhi International Stadium, Uppal",T20,male,club,Deccan Chargers,Pune Warriors,Deccan Chargers,bat,Pune Warriors,0,6,,,,MR Marsh,Indian Premier League,53.0,,20,6,501250.json
501251,2011,2011-05-10,Chandigarh,"Punjab Cricket Association Stadium, Mohali",T20,male,club,Kings XI Punjab,Mumbai Indians,Mumbai Indians,field,Kings XI Punjab,76,0,,,,BA Bhatt,Indian Premier League,54.0,,20,6,501251.json
501252,2011,2011-05-11,Jaipur,Sawai Mansingh Stadium,T20,male,club,Rajasthan Royals,Royal Challengers Bangalore,Royal Challengers Bangalore,field,Royal Challengers Bangalore,0,9,,,,S Aravind,Indian Premier League,55.0,,20,6,501252.json
501253,2011,2011-05-12,Chennai,"MA Chidambaram Stadium, Chepauk",T20,male,club,Chennai Super Kings,Delhi Daredevils,Chennai Super Kings,bat,Chennai Super Kings,18,0,,,,MS Dhoni,Indian Premier League,56.0,,20,6,501253.json
501254,2011,2011-05-13,Indore,Holkar Cricket Stadium,T20,male,club,Kochi Tuskers Kerala,Kings XI Punjab,Kings XI Punjab,field,Kings XI Punjab,0,6,,,,KD Karthik,Indian Premier League,57.0,,20,6,501254.json
501255,2011,2011-05-14,Bangalore,M Chinnaswamy Stadium,T20,male,club,Royal Challengers Bangalore,Kolkata Knight Riders,Royal Challengers Bangalore,field,Royal Challengers Bangalore,0,4,,D/L,,CH Gayle,Indian Premier League,58.0,,20,6,501255.json
501256,2011,2011-05-14,Mumbai,Wankhede Stadium,T20,male,club,Mumbai Indians,Deccan Chargers,Deccan Chargers,bat,Deccan Chargers,10,0,,,,A Mishra,Indian Premier League,59.0,,20,6,501256.json
501257,2011,2011-05-15,Dharamsala,Himachal Pradesh Cricket Association Stadium,T20,male,club,Kings XI Punjab,Delhi Daredevils,Delhi Daredevils,field,Kings XI Punjab,29,0,,,,PP Chawla,Indian Premier League,60.0,,20,6,501257.json
501258,2011,2011-05-15,Indore,Holkar Cricket Stadium,T20,male,club,Kochi Tuskers Kerala,Rajasthan Royals,Kochi Tuskers Kerala,field,Kochi Tuskers Kerala,0,8,,,,BJ Hodge,Indian Premier League,61.0,,20,6,501258.json
501259,2011,2011-05-16,Mumbai,Dr DY Patil Sports Academy,T20,male,club,Pune Warriors,Deccan Chargers,Deccan Chargers,field,Deccan Chargers,0,6,,,,A Mishra,Indian Premier League,62.0,,20,6,501259.json
501260,2011,2011-05-17,Dharamsala,Himachal Pradesh Cricket Association Stadium,T20,male,club,Kings XI Punjab,Royal Challengers Bangalore,Kings XI Punjab,bat,Kings XI Punjab,111,0,,,,AC Gilchrist,Indian Premier League,63.0,,20,6,501260.json
501261,2011,2011-05-18,Chennai,"MA Chidambaram Stadium, Chepauk",T20,male,club,Chennai Super Kings,Kochi Tuskers Kerala,Chennai Super Kings,bat,Chennai Super Kings,11,0,,,,WP Saha,Indian Premier League,64.0,,20,6,501261.json
501262,2011,2011-05-19,Mumbai,Dr DY Patil Sports Academy,T20,male,club,Pune Warriors,Kolkata Knight Riders,Kolkata Knight Riders,field,Kolkata Knight Riders,0,7,,,,YK Pathan,Indian Premier League,65.0,,20,6,501262.json
501263,2011,2011-05-20,Mumbai,Wankhede Stadium,T20,male,club,Mumbai Indians,Rajasthan Royals,Mumbai Indians,bat,Rajasthan Royals,0,10,,,,SR Watson,Indian Premier League,66.0,,20,6,501263.json
501264,2011,2011-05-21,Dharamsala,Himachal Pradesh Cricket Association Stadium,T20,male,club,Kings XI Punjab,Deccan Chargers,Kings XI Punjab,field,Deccan Chargers,82,0,,,,S Dhawan,Indian Premier League,67.0,,20,6,501264.json
501265,2011,2011-05-21,Delhi,Feroz Shah Kotla,T20,male,club,Delhi Daredevils,Pune Warriors,Delhi Daredevils,bat,,0,0,no result,,,,Indian Premier League,68.0,,20,6,501265.json
501266,2011,2011-05-22,Bangalore,M Chinnaswamy Stadium,T20,male,club,Royal Challengers Bangalore,Chennai Super Kings,Royal Challengers Bangalore,field,Royal Challengers Bangalore,0,8,,,,CH Gayle,Indian Premier League,69.0,,20,6,501266.json
501267,2011,2011-05-22,Kolkata,Eden Gardens,T20,male,club,Kolkata Knight Riders,Mumbai Indians,Mumbai Indians,field,Mumbai Indians,0,5,,,,JEC Franklin,Indian Premier League,70.0,,20,6,501267.json
501268,2011,2011-05-24,Mumbai,Wankhede Stadium,T20,male,club,Royal Challengers Bangalore,Chennai Super Kings,Chennai Super Kings,field,Chennai Super Kings,0,6,,,,SK Raina,Indian Premier League,,,20,6,501268.json
501269,2011,2011-05-25,Mumbai,Wankhede Stadium,T20,male,club,Mumbai Indians,Kolkata Knight Riders,Mumbai Indians,field,Mumbai Indians,0,4,,,,MM Patel,Indian Premier League,,,20,6,501269.json
501270,2011,2011-05-27,Chennai,"MA Chidambaram Stadium, Chepauk",T20,male,club,Royal Challengers Bangalore,Mumbai Indians,Mumbai Indians,field,Royal Challengers Bangalore,43,0,,,,CH Gayle,Indian Premier League,,,20,6,501270.json
501271,2011,2011-05-28,Chennai,"MA Chidambaram Stadium, Chepauk",T20,male,club,Chennai Super Kings,Royal Challengers Bangalore,Chennai Super Kings,bat,Chennai Super Kings,58,0,,,,M Vijay,Indian Premier League,,,20,6,501271.json
548306,2012,2012-04-04,Chennai,"MA Chidambaram Stadium, Chepauk",T20,male,club,Chennai Super Kings,Mumbai Indians,Mumbai Indians,field,Mumbai Indians,0,8,,,,RE Levi,Indian Premier League,1.0,,20,6,548306.json
548307,2012,2012-04-05,Kolkata,Eden Gardens,T20,male,club,Kolkata Knight Riders,Delhi Daredevils,Delhi Daredevils,field,Delhi Daredevils,0,8,,,,IK Pathan,Indian Premier League,2.0,,20,6,548307.json
548308,2012,2012-04-06,Mumbai,Wankhede Stadium,T20,male,club,Mumbai Indians,Pune Warriors,Mumbai Indians,field,Pune Warriors,28,0,,,,SPD Smith,Indian Premier League,3.0,,20,6,548308.json
548309,2012,2012-04-06,Jaipur,Sawai Mansingh Stadium,T20,male,club,Rajasthan Royals,Kings XI Punjab,Kings XI Punjab,field,Rajasthan Royals,31,0,,,,AM Rahane,Indian Premier League,4.0,,20,6,548309.json
548310,2012,2012-04-07,Bangalore,M Chinnaswamy Stadium,T20,male,club,Royal Challengers Bangalore,Delhi Daredevils,Delhi Daredevils,field,Royal Challengers Bangalore,20,0,,,,AB de Villiers,Indian Premier League,5.0,,20,6,548310.json
548311,2012,2012-04-07,Visakhapatnam,Dr. Y.S. Rajasekhara Reddy ACA-VDCA Cricket Stadium,T20,male,club,Deccan Chargers,Chennai Super Kings,Deccan Chargers,field,Chennai Super Kings,74,0,,,,RA Jadeja,Indian Premier League,6.0,,20,6,548311.json
548312,2012,2012-04-08,Jaipur,Sawai Mansingh Stadium,T20,male,club,Rajasthan Royals,Kolkata Knight Riders,Kolkata Knight Riders,field,Rajasthan Royals,22,0,,,,BJ Hodge,Indian Premier League,7.0,,20,6,548312.json
548313,2012,2012-04-08,Pune,Subrata Roy Sahara Stadium,T20,male,club,Pune Warriors,Kings XI Punjab,Pune Warriors,bat,Pune Warriors,22,0,,,,MN Samuels,Indian Premier League,8.0,,20,6,548313.json
548314,2012,2012-04-09,Visakhapatnam,Dr. Y.S. Rajasekhara Reddy ACA-VDCA Cricket Stadium,T20,male,club,Deccan Chargers,Mumbai Indians,Deccan Chargers,bat,Mumbai Indians,0,5,,,,RG Sharma,Indian Premier League,9.0,,20,6,548314.json
548315,2012,2012-04-10,Bangalore,M Chinnaswamy Stadium,T20,male,club,Royal Challengers Bangalore,Kolkata Knight Riders,Royal Challengers Bangalore,field,Kolkata Knight Riders,42,0,,,,L Balaji,Indian Premier League,10.0,,20,6,548315.json
548316,2012,2012-04-10,Delhi,Feroz Shah Kotla,T20,male,club,Delhi Daredevils,Chennai Super Kings,Delhi Daredevils,field,Delhi Daredevils,0,8,,,,M Morkel,Indian Premier League,11.0,,20,6,548316.json
548317,2012,2012-04-11,Mumbai,Wankhede Stadium,T20,male,club,Mumbai Indians,Rajasthan Royals,Rajasthan Royals,field,Mumbai Indians,27,0,,,,KA Pollard,Indian Premier League,12.0,,20,6,548317.json
548318,2012,2012-04-12,Chennai,"MA Chidambaram Stadium, Chepauk",T20,male,club,Chennai Super Kings,Royal Challengers Bangalore,Royal Challengers Bangalore,bat,Chennai Super Kings,0,5,,,,F du Plessis,Indian Premier League,13.0,,20,6,548318.json
548319,2012,2012-04-12,Chandigarh,"Punjab Cricket Association Stadium, Mohali",T20,male,club,Kings XI Punjab,Pune Warriors,Kings XI Punjab,field,Kings XI Punjab,0,7,,,,AD Mascarenhas,Indian Premier League,14.0,,20,6,548319.json
548320,2012,2012-04-13,Kolkata,Eden Gardens,T20,male,club,Kolkata Knight Riders,Rajasthan Royals,Rajasthan Royals,bat,Kolkata Knight Riders,0,5,,,,Shakib Al Hasan,Indian Premier League,15.0,,20,6,548320.json
548321,2012,2012-04-19,Delhi,Feroz Shah Kotla,T20,male,club,Delhi Daredevils,Deccan Chargers,Deccan Chargers,bat,Delhi Daredevils,0,5,,,,KP Pietersen,Indian Premier League,23.0,,20,6,548321.json
548322,2012,2012-04-14,Pune,Subrata Roy Sahara Stadium,T20,male,club,Pune Warriors,Chennai Super Kings,Chennai Super Kings,bat,Pune Warriors,0,7,,,,JD Ryder,Indian Premier League,16.0,,20,6,548322.json
548323,2012,2012-04-15,Kolkata,Eden Gardens,T20,male,club,Kolkata Knight Riders,Kings XI Punjab,Kolkata Knight Riders,field,Kings XI Punjab,2,0,,,,SP Narine,Indian Premier League,17.0,,20,6,548323.json
548324,2012,2012-04-15,Bangalore,M Chinnaswamy Stadium,T20,male,club,Royal Challengers Bangalore,Rajasthan Royals,Rajasthan Royals,bat,Rajasthan Royals,59,0,,,,AM Rahane,Indian Premier League,18.0,,20,6,548324.json
548325,2012,2012-04-16,Mumbai,Wankhede Stadium,T20,male,club,Mumbai Indians,Delhi Daredevils,Delhi Daredevils,field,Delhi Daredevils,0,7,,,,S Nadeem,Indian Premier League,19.0,,20,6,548325.json
548326,2012,2012-04-17,Jaipur,Sawai Mansingh Stadium,T20,male,club,Rajasthan Royals,Deccan Chargers,Deccan Chargers,bat,Rajasthan Royals,0,5,,,,BJ Hodge,Indian Premier League,20.0,,20,6,548326.json
548327,2012,2012-04-17,Bangalore,M Chinnaswamy Stadium,T20,male,club,Royal Challengers Bangalore,Pune Warriors,Pune Warriors,bat,Royal Challengers Bangalore,0,6,,,,CH Gayle,Indian Premier League,21.0,,20,6,548327.json
548328,2012,2012-04-18,Chandigarh,"Punjab Cricket Association Stadium, Mohali",T20,male,club,Kings XI Punjab,Kolkata Knight Riders,Kings XI Punjab,bat,Kolkata Knight Riders,0,8,,,,G Gambhir,Indian Premier League,22.0,,20,6,548328.json
548329,2012,2012-05-10,Hyderabad,"Rajiv Gandhi International Stadium, Uppal",T20,male,club,Deccan Chargers,Delhi Daredevils,Deccan Chargers,bat,Delhi Daredevils,0,9,,,,DA Warner,Indian Premier League,55.0,,20,6,548329.json
548330,2012,2012-04-19,Chennai,"MA Chidambaram Stadium, Chepauk",T20,male,club,Chennai Super Kings,Pune Warriors,Pune Warriors,field,Chennai Super Kings,13,0,,,,KMDN Kulasekara,Indian Premier League,24.0,,20,6,548330.json
548331,2012,2012-04-20,Chandigarh,"Punjab Cricket Association Stadium, Mohali",T20,male,club,Kings XI Punjab,Royal Challengers Bangalore,Royal Challengers Bangalore,field,Royal Challengers Bangalore,0,5,,,,CH Gayle,Indian Premier League,25.0,,20,6,548331.json
548332,2012,2012-04-21,Chennai,"MA Chidambaram Stadium, Chepauk",T20,male,club,Chennai Super Kings,Rajasthan Royals,Rajasthan Royals,bat,Chennai Super Kings,0,7,,,,F du Plessis,Indian Premier League,26.0,,20,6,548332.json
548333,2012,2012-04-21,Delhi,Feroz Shah Kotla,T20,male,club,Delhi Daredevils,Pune Warriors,Delhi Daredevils,field,Pune Warriors,20,0,,,,SC Ganguly,Indian Premier League,27.0,,20,6,548333.json
548334,2012,2012-04-22,Mumbai,Wankhede Stadium,T20,male,club,Mumbai Indians,Kings XI Punjab,Mumbai Indians,bat,Kings XI Punjab,0,6,,,,SE Marsh,Indian Premier League,28.0,,20,6,548334.json
548335,2012,2012-04-22,Cuttack,Barabati Stadium,T20,male,club,Deccan Chargers,Kolkata Knight Riders,Kolkata Knight Riders,field,Kolkata Knight Riders,0,5,,,,B Lee,Indian Premier League,29.0,,20,6,548335.json
548336,2012,2012-04-23,Jaipur,Sawai Mansingh Stadium,T20,male,club,Rajasthan Royals,Royal Challengers Bangalore,Rajasthan Royals,field,Royal Challengers Bangalore,46,0,,,,AB de Villiers,Indian Premier League,30.0,,20,6,548336.json
548337,2012,2012-04-24,Pune,Subrata Roy Sahara Stadium,T20,male,club,Pune Warriors,Delhi Daredevils,Pune Warriors,bat,Delhi Daredevils,0,8,,,,V Sehwag,Indian Premier League,31.0,,20,6,548337.json
548339,2012,2012-04-25,Chandigarh,"Punjab Cricket Association Stadium, Mohali",T20,male,club,Kings XI Punjab,Mumbai Indians,Kings XI Punjab,bat,Mumbai Indians,0,4,,,,AT Rayudu,Indian Premier League,33.0,,20,6,548339.json
548341,2012,2012-04-26,Pune,Subrata Roy Sahara Stadium,T20,male,club,Pune Warriors,Deccan Chargers,Deccan Chargers,bat,Deccan Chargers,18,0,,,,CL White,Indian Premier League,35.0,,20,6,548341.json
548342,2012,2012-04-27,Delhi,Feroz Shah Kotla,T20,male,club,Delhi Daredevils,Mumbai Indians,Mumbai Indians,field,Delhi Daredevils,37,0,,,,V Sehwag,Indian Premier League,36.0,,20,6,548342.json
548343,2012,2012-04-28,Chennai,"MA Chidambaram Stadium, Chepauk",T20,male,club,Chennai Super Kings,Kings XI Punjab,Kings XI Punjab,bat,Kings XI Punjab,7,0,,,,Mandeep Singh,Indian Premier League,37.0,,20,6,548343.json
548344,2012,2012-04-28,Kolkata,Eden Gardens,T20,male,club,Kolkata Knight Riders,Royal Challengers Bangalore,Kolkata Knight Riders,bat,Kolkata Knight Riders,47,0,,,,G Gambhir,Indian Premier League,38.0,,20,6,548344.json
548345,2012,2012-04-29,Delhi,Feroz Shah Kotla,T20,male,club,Delhi Daredevils,Rajasthan Royals,Delhi Daredevils,bat,Delhi Daredevils,1,0,,,,V Sehwag,Indian Premier League,39.0,,20,6,548345.json
548346,2012,2012-04-29,Mumbai,Wankhede Stadium,T20,male,club,Mumbai Indians,Deccan Chargers,Mumbai Indians,field,Mumbai Indians,0,5,,,,DW Steyn,Indian Premier League,40.0,,20,6,548346.json
548347,2012,2012-04-30,Chennai,"MA Chidambaram Stadium, Chepauk",T20,male,club,Chennai Super Kings,Kolkata Knight Riders,Chennai Super Kings,bat,Kolkata Knight Riders,0,5,,,,G Gambhir,Indian Premier League,41.0,,20,6,548347.json
548348,2012,2012-05-01,Cuttack,Barabati Stadium,T20,male,club,Deccan Chargers,Pune Warriors,Deccan Chargers,bat,Deccan Chargers,13,0,,,,KC Sangakkara,Indian Premier League,42.0,,20,6,548348.json
548349,2012,2012-05-01,Jaipur,Sawai Mansingh Stadium,T20,male,club,Rajasthan Royals,Delhi Daredevils,Rajasthan Royals,bat,Delhi Daredevils,0,6,,,,P Negi,Indian Premier League,43.0,,20,6,548349.json
548350,2012,2012-05-02,Bangalore,M Chinnaswamy Stadium,T20,male,club,Royal Challengers Bangalore,Kings XI Punjab,Kings XI Punjab,field,Kings XI Punjab,0,4,,,,Azhar Mahmood,Indian Premier League,44.0,,20,6,548350.json
548351,2012,2012-05-03,Pune,Subrata Roy Sahara Stadium,T20,male,club,Pune Warriors,Mumbai Indians,Mumbai Indians,bat,Mumbai Indians,1,0,,,,SL Malinga,Indian Premier League,45.0,,20,6,548351.json
548352,2012,2012-05-04,Chennai,"MA Chidambaram Stadium, Chepauk",T20,male,club,Chennai Super Kings,Deccan Chargers,Chennai Super Kings,bat,Chennai Super Kings,10,0,,,,SK Raina,Indian Premier League,46.0,,20,6,548352.json
548353,2012,2012-05-05,Kolkata,Eden Gardens,T20,male,club,Kolkata Knight Riders,Pune Warriors,Kolkata Knight Riders,bat,Kolkata Knight Riders,7,0,,,,SP Narine,Indian Premier League,47.0,,20,6,548353.json
548354,2012,2012-05-05,Chandigarh,"Punjab Cricket Association Stadium, Mohali",T20,male,club,Kings XI Punjab,Rajasthan Royals,Rajasthan Royals,bat,Rajasthan Royals,43,0,,,,SR Watson,Indian Premier League,48.0,,20,6,548354.json
548355,2012,2012-05-06,Mumbai,Wankhede Stadium,T20,male,club,Mumbai Indians,Chennai Super Kings,Mumbai Indians,field,Mumbai Indians,0,2,,,,DR Smith,Indian Premier League,49.0,,20,6,548355.json
548356,2012,2012-05-06,Bangalore,M Chinnaswamy Stadium,T20,male,club,Royal Challengers Bangalore,Deccan Chargers,Royal Challengers Bangalore,field,Royal Challengers Bangalore,0,5,,,,AB de Villiers,Indian Premier League,50.0,,20,6,548356.json
548357,2012,2012-05-07,Delhi,Feroz Shah Kotla,T20,male,club,Delhi Daredevils,Kolkata Knight Riders,Delhi Daredevils,bat,Kolkata Knight Riders,0,6,,,,JH Kallis,Indian Premier League,51.0,,20,6,548357.json
548358,2012,2012-05-08,Pune,Subrata Roy Sahara Stadium,T20,male,club,Pune Warriors,Rajasthan Royals,Pune Warriors,bat,Rajasthan Royals,0,7,,,,SR Watson,Indian Premier League,52.0,,20,6,548358.json
548359,2012,2012-05-08,Hyderabad,"Rajiv Gandhi International Stadium, Uppal",T20,male,club,Deccan Chargers,Kings XI Punjab,Deccan Chargers,field,Kings XI Punjab,25,0,,,,Mandeep Singh,Indian Premier League,53.0,,20,6,548359.json
548360,2012,2012-05-09,Mumbai,Wankhede Stadium,T20,male,club,Mumbai Indians,Royal Challengers Bangalore,Royal Challengers Bangalore,field,Royal Challengers Bangalore,0,9,,,,CH Gayle,Indian Premier League,54.0,,20,6,548360.json
548361,2012,2012-05-10,Jaipur,Sawai Mansingh Stadium,T20,male,club,Rajasthan Royals,Chennai Super Kings,Chennai Super Kings,field,Chennai Super Kings,0,4,,,,BW Hilfenhaus,Indian Premier League,56.0,,20,6,548361.json
548362,2012,2012-05-11,Pune,Subrata Roy Sahara Stadium,T20,male,club,Pune Warriors,Royal Challengers Bangalore,Pune Warriors,field,Royal Challengers Bangalore,35,0,,,,CH Gayle,Indian Premier League,57.0,,20,6,548362.json
548363,2012,2012-05-12,Kolkata,Eden Gardens,T20,male,club,Kolkata Knight Riders,Mumbai Indians,Mumbai Indians,bat,Mumbai Indians,27,0,,,,RG Sharma,Indian Premier League,58.0,,20,6,548363.json
548364,2012,2012-05-12,Chennai,"MA Chidambaram Stadium, Chepauk",T20,male,club,Chennai Super Kings,Delhi Daredevils,Chennai Super Kings,field,Chennai Super Kings,0,9,,,,BW Hilfenhaus,Indian Premier League,59.0,,20,6,548364.json
548365,2012,2012-05-13,Jaipur,Sawai Mansingh Stadium,T20,male,club,Rajasthan Royals,Pune Warriors,Rajasthan Royals,bat,Rajasthan Royals,45,0,,,,A Chandila,Indian Premier League,60.0,,20,6,548365.json
548366,2012,2012-05-13,Chandigarh,"Punjab Cricket Association Stadium, Mohali",T20,male,club,Kings XI Punjab,Deccan Chargers,Deccan Chargers,bat,Kings XI Punjab,0,4,,,,DJ Hussey,Indian Premier League,61.0,,20,6,548366.json
548367,2012,2012-05-14,Bangalore,M Chinnaswamy Stadium,T20,male,club,Royal Challengers Bangalore,Mumbai Indians,Mumbai Indians,field,Mumbai Indians,0,5,,,,AT Rayudu,Indian Premier League,62.0,,20,6,548367.json
548368,2012,2012-05-14,Kolkata,Eden Gardens,T20,male,club,Kolkata Knight Riders,Chennai Super Kings,Chennai Super Kings,field,Chennai Super Kings,0,5,,,,MEK Hussey,Indian Premier League,63.0,,20,6,548368.json
548369,2012,2012-05-15,Delhi,Feroz Shah Kotla,T20,male,club,Delhi Daredevils,Kings XI Punjab,Kings XI Punjab,bat,Delhi Daredevils,0,5,,,,UT Yadav,Indian Premier League,64.0,,20,6,548369.json
548370,2012,2012-05-16,Mumbai,Wankhede Stadium,T20,male,club,Mumbai Indians,Kolkata Knight Riders,Mumbai Indians,field,Kolkata Knight Riders,32,0,,,,SP Narine,Indian Premier League,65.0,,20,6,548370.json
548371,2012,2012-05-17,Dharamsala,Himachal Pradesh Cricket Association Stadium,T20,male,club,Kings XI Punjab,Chennai Super Kings,Kings XI Punjab,field,Kings XI Punjab,0,6,,,,AC Gilchrist,Indian Premier League,66.0,,20,6,548371.json
548372,2012,2012-05-17,Delhi,Feroz Shah Kotla,T20,male,club,Delhi Daredevils,Royal Challengers Bangalore,Delhi Daredevils,field,Royal Challengers Bangalore,21,0,,,,CH Gayle,Indian Premier League,67.0,,20,6,548372.json
548373,2012,2012-05-18,Hyderabad,"Rajiv Gandhi International Stadium, Uppal",T20,male,club,Deccan Chargers,Rajasthan Royals,Rajasthan Royals,bat,Deccan Chargers,0,5,,,,DW Steyn,Indian Premier League,68.0,,20,6,548373.json
548374,2012,2012-05-19,Dharamsala,Himachal Pradesh Cricket Association Stadium,T20,male,club,Kings XI Punjab,Delhi Daredevils,Delhi Daredevils,field,Delhi Daredevils,0,6,,,,UT Yadav,Indian Premier League,69.0,,20,6,548374.json
548375,2012,2012-05-19,Pune,Subrata Roy Sahara Stadium,T20,male,club,Pune Warriors,Kolkata Knight Riders,Kolkata Knight Riders,bat,Kolkata Knight Riders,34,0,,,,Shakib Al Hasan,Indian Premier League,70.0,,20,6,548375.json
548376,2012,2012-05-20,Hyderabad,"Rajiv Gandhi International Stadium, Uppal",T20,male,club,Deccan Chargers,Royal Challengers Bangalore,Royal Challengers Bangalore,field,Deccan Chargers,9,0,,,,DW Steyn,Indian Premier League,71.0,,20,6,548376.json
548377,2012,2012-05-20,Jaipur,Sawai Mansingh Stadium,T20,male,club,Rajasthan Royals,Mumbai Indians,Rajasthan Royals,bat,Mumbai Indians,0,10,,,,DR Smith,Indian Premier League,72.0,,20,6,548377.json
548378,2012,2012-05-22,Pune,Subrata Roy Sahara Stadium,T20,male,club,Delhi Daredevils,Kolkata Knight Riders,Kolkata Knight Riders,bat,Kolkata Knight Riders,18,0,,,,YK Pathan,Indian Premier League,,,20,6,548378.json
548379,2012,2012-05-23,Bangalore,M Chinnaswamy Stadium,T20,male,club,Chennai Super Kings,Mumbai Indians,Mumbai Indians,field,Chennai Super Kings,38,0,,,,MS Dhoni,Indian Premier League,,,20,6,548379.json
548380,2012,2012-05-25,Chennai,"MA Chidambaram Stadium, Chepauk",T20,male,club,Delhi Daredevils,Chennai Super Kings,Delhi Daredevils,field,Chennai Super Kings,86,0,,,,M Vijay,Indian Premier League,,,20,6,548380.json
548381,2012,2012-05-27,Chennai,"MA Chidambaram Stadium, Chepauk",T20,male,club,Kolkata Knight Riders,Chennai Super Kings,Chennai Super Kings,bat,Kolkata Knight Riders,0,5,,,,MS Bisla,Indian Premier League,,,20,6,548381.json
597998,2013,2013-04-03,Kolkata,Eden Gardens,T20,male,club,Kolkata Knight Riders,Delhi Daredevils,Kolkata Knight Riders,field,Kolkata Knight Riders,0,6,,,,SP Narine,Indian Premier League,1.0,,20,6,597998.json
597999,2013,2013-04-04,Bangalore,M Chinnaswamy Stadium,T20,male,club,Royal Challengers Bangalore,Mumbai Indians,Mumbai Indians,field,Royal Challengers Bangalore,2,0,,,,CH Gayle,Indian Premier League,2.0,,20,6,597999.json
598000,2013,2013-04-05,Hyderabad,"Rajiv Gandhi International Stadium, Uppal",T20,male,club,Sunrisers Hyderabad,Pune Warriors,Pune Warriors,field,Sunrisers Hyderabad,22,0,,,,A Mishra,Indian Premier League,3.0,,20,6,598000.json
598001,2013,2013-04-06,Delhi,Feroz Shah Kotla,T20,male,club,Delhi Daredevils,Rajasthan Royals,Rajasthan Royals,bat,Rajasthan Royals,5,0,,,,R Dravid,Indian Premier League,4.0,,20,6,598001.json
598002,2013,2013-04-06,Chennai,"MA Chidambaram Stadium, Chepauk",T20,male,club,Chennai Super Kings,Mumbai Indians,Mumbai Indians,bat,Mumbai Indians,9,0,,,,KA Pollard,Indian Premier League,5.0,,20,6,598002.json
598003,2013,2013-04-07,Pune,Subrata Roy Sahara Stadium,T20,male,club,Pune Warriors,Kings XI Punjab,Pune Warriors,bat,Kings XI Punjab,0,8,,,,M Vohra,Indian Premier League,6.0,,20,6,598003.json
598004,2013,2013-04-07,Hyderabad,"Rajiv Gandhi International Stadium, Uppal",T20,male,club,Sunrisers Hyderabad,Royal Challengers Bangalore,Royal Challengers Bangalore,bat,,0,0,tie,,Sunrisers Hyderabad,GH Vihari,Indian Premier League,7.0,,20,6,598004.json
598005,2013,2013-04-08,Jaipur,Sawai Mansingh Stadium,T20,male,club,Rajasthan Royals,Kolkata Knight Riders,Kolkata Knight Riders,field,Rajasthan Royals,19,0,,,,SK Trivedi,Indian Premier League,8.0,,20,6,598005.json
598006,2013,2013-04-09,Mumbai,Wankhede Stadium,T20,male,club,Mumbai Indians,Delhi Daredevils,Mumbai Indians,bat,Mumbai Indians,44,0,,,,KD Karthik,Indian Premier League,10.0,,20,6,598006.json
598007,2013,2013-04-10,Chandigarh,"Punjab Cricket Association Stadium, Mohali",T20,male,club,Kings XI Punjab,Chennai Super Kings,Chennai Super Kings,field,Chennai Super Kings,0,10,,,,MEK Hussey,Indian Premier League,11.0,,20,6,598007.json
598008,2013,2013-04-11,Bangalore,M Chinnaswamy Stadium,T20,male,club,Royal Challengers Bangalore,Kolkata Knight Riders,Royal Challengers Bangalore,field,Royal Challengers Bangalore,0,8,,,,CH Gayle,Indian Premier League,12.0,,20,6,598008.json
598009,2013,2013-04-11,Pune,Subrata Roy Sahara Stadium,T20,male,club,Pune Warriors,Rajasthan Royals,Rajasthan Royals,bat,Pune Warriors,0,7,,,,AJ Finch,Indian Premier League,13.0,,20,6,598009.json
598010,2013,2013-04-12,Delhi,Feroz Shah Kotla,T20,male,club,Delhi Daredevils,Sunrisers Hyderabad,Delhi Daredevils,bat,Sunrisers Hyderabad,0,3,,,,A Mishra,Indian Premier League,14.0,,20,6,598010.json
598011,2013,2013-04-13,Mumbai,Wankhede Stadium,T20,male,club,Mumbai Indians,Pune Warriors,Mumbai Indians,bat,Mumbai Indians,41,0,,,,RG Sharma,Indian Premier League,15.0,,20,6,598011.json
598012,2013,2013-04-13,Chennai,"MA Chidambaram Stadium, Chepauk",T20,male,club,Chennai Super Kings,Royal Challengers Bangalore,Chennai Super Kings,field,Chennai Super Kings,0,4,,,,RA Jadeja,Indian Premier League,16.0,,20,6,598012.json
598013,2013,2013-04-14,Kolkata,Eden Gardens,T20,male,club,Kolkata Knight Riders,Sunrisers Hyderabad,Kolkata Knight Riders,bat,Kolkata Knight Riders,48,0,,,,G Gambhir,Indian Premier League,17.0,,20,6,598013.json
598014,2013,2013-04-14,Jaipur,Sawai Mansingh Stadium,T20,male,club,Rajasthan Royals,Kings XI Punjab,Rajasthan Royals,field,Rajasthan Royals,0,6,,,,JP Faulkner,Indian Premier League,18.0,,20,6,598014.json
598015,2013,2013-04-15,Chennai,"MA Chidambaram Stadium, Chepauk",T20,male,club,Chennai Super Kings,Pune Warriors,Pune Warriors,bat,Pune Warriors,24,0,,,,SPD Smith,Indian Premier League,19.0,,20,6,598015.json
598016,2013,2013-04-16,Chandigarh,"Punjab Cricket Association Stadium, Mohali",T20,male,club,Kings XI Punjab,Kolkata Knight Riders,Kolkata Knight Riders,field,Kings XI Punjab,4,0,,,,MS Gony,Indian Premier League,20.0,,20,6,598016.json
598017,2013,2013-04-16,Bangalore,M Chinnaswamy Stadium,T20,male,club,Royal Challengers Bangalore,Delhi Daredevils,Royal Challengers Bangalore,field,,0,0,tie,,Royal Challengers Bangalore,V Kohli,Indian Premier League,21.0,,20,6,598017.json
598018,2013,2013-04-17,Pune,Maharashtra Cricket Association Stadium,T20,male,club,Pune Warriors,Sunrisers Hyderabad,Pune Warriors,field,Sunrisers Hyderabad,11,0,,,,A Mishra,Indian Premier League,22.0,,20,6,598018.json
598019,2013,2013-04-17,Jaipur,Sawai Mansingh Stadium,T20,male,club,Rajasthan Royals,Mumbai Indians,Rajasthan Royals,bat,Rajasthan Royals,87,0,,,,AM Rahane,Indian Premier League,23.0,,20,6,598019.json
598020,2013,2013-04-18,Delhi,Feroz Shah Kotla,T20,male,club,Delhi Daredevils,Chennai Super Kings,Chennai Super Kings,bat,Chennai Super Kings,86,0,,,,MEK Hussey,Indian Premier League,24.0,,20,6,598020.json
598021,2013,2013-04-19,Hyderabad,"Rajiv Gandhi International Stadium, Uppal",T20,male,club,Sunrisers Hyderabad,Kings XI Punjab,Kings XI Punjab,bat,Sunrisers Hyderabad,0,5,,,,GH Vihari,Indian Premier League,25.0,,20,6,598021.json
598022,2013,2013-04-20,Kolkata,Eden Gardens,T20,male,club,Kolkata Knight Riders,Chennai Super Kings,Kolkata Knight Riders,bat,Chennai Super Kings,0,4,,,,RA Jadeja,Indian Premier League,26.0,,20,6,598022.json
598023,2013,2013-04-20,Bangalore,M Chinnaswamy Stadium,T20,male,club,Royal Challengers Bangalore,Rajasthan Royals,Royal Challengers Bangalore,field,Royal Challengers Bangalore,0,7,,,,R Vinay Kumar,Indian Premier League,27.0,,20,6,598023.json
598024,2013,2013-04-21,Delhi,Feroz Shah Kotla,T20,male,club,Delhi Daredevils,Mumbai Indians,Mumbai Indians,bat,Delhi Daredevils,0,9,,,,V Sehwag,Indian Premier League,28.0,,20,6,598024.json
598025,2013,2013-04-21,Chandigarh,"Punjab Cricket Association Stadium, Mohali",T20,male,club,Kings XI Punjab,Pune Warriors,Kings XI Punjab,field,Kings XI Punjab,0,7,,,,DA Miller,Indian Premier League,29.0,,20,6,598025.json
598026,2013,2013-04-22,Chennai,"MA Chidambaram Stadium, Chepauk",T20,male,club,Chennai Super Kings,Rajasthan Royals,Rajasthan Royals,bat,Chennai Super Kings,0,5,,,,MEK Hussey,Indian Premier League,30.0,,20,6,598026.json
598027,2013,2013-04-23,Bangalore,M Chinnaswamy Stadium,T20,male,club,Royal Challengers Bangalore,Pune Warriors,Pune Warriors,field,Royal Challengers Bangalore,130,0,,,,CH Gayle,Indian Premier League,31.0,,20,6,598027.json
598028,2013,2013-05-16,Dharamsala,Himachal Pradesh Cricket Association Stadium,T20,male,club,Kings XI Punjab,Delhi Daredevils,Delhi Daredevils,field,Kings XI Punjab,7,0,,,,DA Miller,Indian Premier League,67.0,,20,6,598028.json
598029,2013,2013-04-24,Kolkata,Eden Gardens,T20,male,club,Kolkata Knight Riders,Mumbai Indians,Kolkata Knight Riders,bat,Mumbai Indians,0,5,,,,DR Smith,Indian Premier League,33.0,,20,6,598029.json
598030,2013,2013-04-25,Chennai,"MA Chidambaram Stadium, Chepauk",T20,male,club,Chennai Super Kings,Sunrisers Hyderabad,Sunrisers Hyderabad,bat,Chennai Super Kings,0,5,,,,MS Dhoni,Indian Premier League,34.0,,20,6,598030.json
598031,2013,2013-04-26,Kolkata,Eden Gardens,T20,male,club,Kolkata Knight Riders,Kings XI Punjab,Kings XI Punjab,bat,Kolkata Knight Riders,0,6,,,,JH Kallis,Indian Premier League,35.0,,20,6,598031.json
598032,2013,2013-04-27,Jaipur,Sawai Mansingh Stadium,T20,male,club,Rajasthan Royals,Sunrisers Hyderabad,Sunrisers Hyderabad,bat,Rajasthan Royals,0,8,,,,JP Faulkner,Indian Premier League,36.0,,20,6,598032.json
598033,2013,2013-04-27,Mumbai,Wankhede Stadium,T20,male,club,Mumbai Indians,Royal Challengers Bangalore,Mumbai Indians,bat,Mumbai Indians,58,0,,,,DR Smith,Indian Premier League,37.0,,20,6,598033.json
598034,2013,2013-04-28,Chennai,"MA Chidambaram Stadium, Chepauk",T20,male,club,Chennai Super Kings,Kolkata Knight Riders,Kolkata Knight Riders,field,Chennai Super Kings,14,0,,,,MEK Hussey,Indian Premier League,38.0,,20,6,598034.json
598035,2013,2013-04-28,Raipur,Shaheed Veer Narayan Singh International Stadium,T20,male,club,Delhi Daredevils,Pune Warriors,Pune Warriors,field,Delhi Daredevils,15,0,,,,DA Warner,Indian Premier League,39.0,,20,6,598035.json
598036,2013,2013-04-29,Jaipur,Sawai Mansingh Stadium,T20,male,club,Rajasthan Royals,Royal Challengers Bangalore,Rajasthan Royals,field,Rajasthan Royals,0,4,,,,SV Samson,Indian Premier League,40.0,,20,6,598036.json
598037,2013,2013-04-29,Mumbai,Wankhede Stadium,T20,male,club,Mumbai Indians,Kings XI Punjab,Mumbai Indians,bat,Mumbai Indians,4,0,,,,RG Sharma,Indian Premier League,41.0,,20,6,598037.json
598038,2013,2013-04-30,Pune,Subrata Roy Sahara Stadium,T20,male,club,Pune Warriors,Chennai Super Kings,Chennai Super Kings,bat,Chennai Super Kings,37,0,,,,MS Dhoni,Indian Premier League,42.0,,20,6,598038.json
598039,2013,2013-05-01,Hyderabad,"Rajiv Gandhi International Stadium, Uppal",T20,male,club,Sunrisers Hyderabad,Mumbai Indians,Mumbai Indians,bat,Sunrisers Hyderabad,0,7,,,,I Sharma,Indian Premier League,43.0,,20,6,598039.json
598040,2013,2013-05-01,Raipur,Shaheed Veer Narayan Singh International Stadium,T20,male,club,Delhi Daredevils,Kolkata Knight Riders,Kolkata Knight Riders,bat,Delhi Daredevils,0,7,,,,DA Warner,Indian Premier League,44.0,,20,6,598040.json
598041,2013,2013-05-02,Chennai,"MA Chidambaram Stadium, Chepauk",T20,male,club,Chennai Super Kings,Kings XI Punjab,Chennai Super Kings,bat,Chennai Super Kings,15,0,,,,SK Raina,Indian Premier League,45.0,,20,6,598041.json
598042,2013,2013-05-02,Pune,Subrata Roy Sahara Stadium,T20,male,club,Pune Warriors,Royal Challengers Bangalore,Royal Challengers Bangalore,bat,Royal Challengers Bangalore,17,0,,,,AB de Villiers,Indian Premier League,46.0,,20,6,598042.json
598043,2013,2013-05-03,Kolkata,Eden Gardens,T20,male,club,Kolkata Knight Riders,Rajasthan Royals,Rajasthan Royals,bat,Kolkata Knight Riders,0,8,,,,YK Pathan,Indian Premier League,47.0,,20,6,598043.json
598044,2013,2013-05-04,Hyderabad,"Rajiv Gandhi International Stadium, Uppal",T20,male,club,Sunrisers Hyderabad,Delhi Daredevils,Delhi Daredevils,bat,Sunrisers Hyderabad,0,6,,,,DJG Sammy,Indian Premier League,48.0,,20,6,598044.json
598045,2013,2013-05-14,Bangalore,M Chinnaswamy Stadium,T20,male,club,Royal Challengers Bangalore,Kings XI Punjab,Kings XI Punjab,field,Kings XI Punjab,0,7,,,,AC Gilchrist,Indian Premier League,63.0,,20,6,598045.json
598046,2013,2013-05-05,Mumbai,Wankhede Stadium,T20,male,club,Mumbai Indians,Chennai Super Kings,Mumbai Indians,bat,Mumbai Indians,60,0,,,,MG Johnson,Indian Premier League,49.0,,20,6,598046.json
598047,2013,2013-05-05,Jaipur,Sawai Mansingh Stadium,T20,male,club,Rajasthan Royals,Pune Warriors,Pune Warriors,bat,Rajasthan Royals,0,5,,,,AM Rahane,Indian Premier League,50.0,,20,6,598047.json
598048,2013,2013-04-09,Bangalore,M Chinnaswamy Stadium,T20,male,club,Royal Challengers Bangalore,Sunrisers Hyderabad,Sunrisers Hyderabad,bat,Royal Challengers Bangalore,0,7,,,,V Kohli,Indian Premier League,9.0,,20,6,598048.json
598049,2013,2013-05-07,Jaipur,Sawai Mansingh Stadium,T20,male,club,Rajasthan Royals,Delhi Daredevils,Delhi Daredevils,bat,Rajasthan Royals,0,9,,,,AM Rahane,Indian Premier League,52.0,,20,6,598049.json
598050,2013,2013-05-07,Mumbai,Wankhede Stadium,T20,male,club,Mumbai Indians,Kolkata Knight Riders,Mumbai Indians,bat,Mumbai Indians,65,0,,,,SR Tendulkar,Indian Premier League,53.0,,20,6,598050.json
598051,2013,2013-05-08,Hyderabad,"Rajiv Gandhi International Stadium, Uppal",T20,male,club,Sunrisers Hyderabad,Chennai Super Kings,Sunrisers Hyderabad,field,Chennai Super Kings,77,0,,,,SK Raina,Indian Premier League,54.0,,20,6,598051.json
598052,2013,2013-05-09,Chandigarh,"Punjab Cricket Association Stadium, Mohali",T20,male,club,Kings XI Punjab,Rajasthan Royals,Rajasthan Royals,field,Rajasthan Royals,0,8,,,,KK Cooper,Indian Premier League,55.0,,20,6,598052.json
598053,2013,2013-05-09,Pune,Subrata Roy Sahara Stadium,T20,male,club,Pune Warriors,Kolkata Knight Riders,Kolkata Knight Riders,bat,Kolkata Knight Riders,46,0,,,,G Gambhir,Indian Premier League,56.0,,20,6,598053.json
598054,2013,2013-05-10,Delhi,Feroz Shah Kotla,T20,male,club,Delhi Daredevils,Royal Challengers Bangalore,Delhi Daredevils,field,Royal Challengers Bangalore,4,0,,,,JD Unadkat,Indian Premier League,57.0,,20,6,598054.json
598055,2013,2013-05-11,Pune,Subrata Roy Sahara Stadium,T20,male,club,Pune Warriors,Mumbai Indians,Pune Warriors,bat,Mumbai Indians,0,5,,,,MG Johnson,Indian Premier League,58.0,,20,6,598055.json
598056,2013,2013-05-11,Chandigarh,"Punjab Cricket Association Stadium, Mohali",T20,male,club,Kings XI Punjab,Sunrisers Hyderabad,Kings XI Punjab,field,Sunrisers Hyderabad,30,0,,,,PA Patel,Indian Premier League,59.0,,20,6,598056.json
598057,2013,2013-05-12,Ranchi,JSCA International Stadium Complex,T20,male,club,Kolkata Knight Riders,Royal Challengers Bangalore,Kolkata Knight Riders,field,Kolkata Knight Riders,0,5,,,,JH Kallis,Indian Premier League,60.0,,20,6,598057.json
598058,2013,2013-05-12,Jaipur,Sawai Mansingh Stadium,T20,male,club,Rajasthan Royals,Chennai Super Kings,Rajasthan Royals,field,Rajasthan Royals,0,5,,,,SR Watson,Indian Premier League,61.0,,20,6,598058.json
598059,2013,2013-04-23,Delhi,Feroz Shah Kotla,T20,male,club,Delhi Daredevils,Kings XI Punjab,Kings XI Punjab,field,Kings XI Punjab,0,5,,,,Harmeet Singh,Indian Premier League,32.0,,20,6,598059.json
598060,2013,2013-05-13,Mumbai,Wankhede Stadium,T20,male,club,Mumbai Indians,Sunrisers Hyderabad,Sunrisers Hyderabad,bat,Mumbai Indians,0,7,,,,KA Pollard,Indian Premier League,62.0,,20,6,598060.json
598061,2013,2013-05-15,Ranchi,JSCA International Stadium Complex,T20,male,club,Kolkata Knight Riders,Pune Warriors,Kolkata Knight Riders,field,Pune Warriors,7,0,,,,MK Pandey,Indian Premier League,65.0,,20,6,598061.json
598062,2013,2013-05-14,Chennai,"MA Chidambaram Stadium, Chepauk",T20,male,club,Chennai Super Kings,Delhi Daredevils,Chennai Super Kings,bat,Chennai Super Kings,33,0,,,,MS Dhoni,Indian Premier League,64.0,,20,6,598062.json
598063,2013,2013-05-15,Mumbai,Wankhede Stadium,T20,male,club,Mumbai Indians,Rajasthan Royals,Rajasthan Royals,field,Mumbai Indians,14,0,,,,AP Tare,Indian Premier League,66.0,,20,6,598063.json
598064,2013,2013-05-06,Chandigarh,"Punjab Cricket Association Stadium, Mohali",T20,male,club,Kings XI Punjab,Royal Challengers Bangalore,Kings XI Punjab,field,Kings XI Punjab,0,6,,,,DA Miller,Indian Premier League,51.0,,20,6,598064.json
598065,2013,2013-05-17,Hyderabad,"Rajiv Gandhi International Stadium, Uppal",T20,male,club,Sunrisers Hyderabad,Rajasthan Royals,Sunrisers Hyderabad,bat,Sunrisers Hyderabad,23,0,,,,A Mishra,Indian Premier League,68.0,,20,6,598065.json
598066,2013,2013-05-18,Dharamsala,Himachal Pradesh Cricket Association Stadium,T20,male,club,Kings XI Punjab,Mumbai Indians,Mumbai Indians,field,Kings XI Punjab,50,0,,,,Azhar Mahmood,Indian Premier League,69.0,,20,6,598066.json
598067,2013,2013-05-19,Pune,Subrata Roy Sahara Stadium,T20,male,club,Pune Warriors,Delhi Daredevils,Pune Warriors,bat,Pune Warriors,38,0,,,,LJ Wright,Indian Premier League,71.0,,20,6,598067.json
598068,2013,2013-05-18,Bangalore,M Chinnaswamy Stadium,T20,male,club,Royal Challengers Bangalore,Chennai Super Kings,Chennai Super Kings,field,Royal Challengers Bangalore,24,0,,,,V Kohli,Indian Premier League,70.0,,20,6,598068.json
598069,2013,2013-05-19,Hyderabad,"Rajiv Gandhi International Stadium, Uppal",T20,male,club,Sunrisers Hyderabad,Kolkata Knight Riders,Kolkata Knight Riders,bat,Sunrisers Hyderabad,0,5,,,,PA Patel,Indian Premier League,72.0,,20,6,598069.json
598070,2013,2013-05-21,Delhi,Feroz Shah Kotla,T20,male,club,Chennai Super Kings,Mumbai Indians,Chennai Super Kings,bat,Chennai Super Kings,48,0,,,,MEK Hussey,Indian Premier League,,,20,6,598070.json
598071,2013,2013-05-22,Delhi,Feroz Shah Kotla,T20,male,club,Rajasthan Royals,Sunrisers Hyderabad,Sunrisers Hyderabad,bat,Rajasthan Royals,0,4,,,,BJ Hodge,Indian Premier League,,,20,6,598071.json
598072,2013,2013-05-24,Kolkata,Eden Gardens,T20,male,club,Mumbai Indians,Rajasthan Royals,Rajasthan Royals,bat,Mumbai Indians,0,4,,,,Harbhajan Singh,Indian Premier League,,,20,6,598072.json
598073,2013,2013-05-26,Kolkata,Eden Gardens,T20,male,club,Chennai Super Kings,Mumbai Indians,Mumbai Indians,bat,Mumbai Indians,23,0,,,,KA Pollard,Indian Premier League,,,20,6,598073.json
729279,2014,2014-04-16,Abu Dhabi,Sheikh Zayed Stadium,T20,male,club,Mumbai Indians,Kolkata Knight Riders,Kolkata Knight Riders,bat,Kolkata Knight Riders,41,0,,,,JH Kallis,Indian Premier League,1.0,,20,6,729279.json
729281,2014,2014-04-17,,Sharjah Cricket Stadium,T20,male,club,Delhi Daredevils,Royal Challengers Bangalore,Royal Challengers Bangalore,field,Royal Challengers Bangalore,0,8,,,,YS Chahal,Indian Premier League,2.0,,20,6,729281.json
729283,2014,2014-04-18,Abu Dhabi,Sheikh Zayed Stadium,T20,male,club,Chennai Super Kings,Kings XI Punjab,Chennai Super Kings,bat,Kings XI Punjab,0,6,,,,GJ Maxwell,Indian Premier League,3.0,,20,6,729283.json
729285,2014,2014-04-18,Abu Dhabi,Sheikh Zayed Stadium,T20,male,club,Sunrisers Hyderabad,Rajasthan Royals,Rajasthan Royals,field,Rajasthan Royals,0,4,,,,AM Rahane,Indian Premier League,4.0,,20,6,729285.json
729287,2014,2014-04-19,,Dubai International Cricket Stadium,T20,male,club,Royal Challengers Bangalore,Mumbai Indians,Royal Challengers Bangalore,field,Royal Challengers Bangalore,0,7,,,,PA Patel,Indian Premier League,5.0,,20,6,729287.json
729289,2014,2014-04-19,,Dubai International Cricket Stadium,T20,male,club,Kolkata Knight Riders,Delhi Daredevils,Kolkata Knight Riders,bat,Delhi Daredevils,0,4,,,,JP Duminy,Indian Premier League,6.0,,20,6,729289.json
729291,2014,2014-04-20,,Sharjah Cricket Stadium,T20,male,club,Rajasthan Royals,Kings XI Punjab,Kings XI Punjab,field,Kings XI Punjab,0,7,,,,GJ Maxwell,Indian Premier League,7.0,,20,6,729291.json
729293,2014,2014-04-21,Abu Dhabi,Sheikh Zayed Stadium,T20,male,club,Chennai Super Kings,Delhi Daredevils,Chennai Super Kings,bat,Chennai Super Kings,93,0,,,,SK Raina,Indian Premier League,8.0,,20,6,729293.json
729295,2014,2014-04-22,,Sharjah Cricket Stadium,T20,male,club,Kings XI Punjab,Sunrisers Hyderabad,Sunrisers Hyderabad,field,Kings XI Punjab,72,0,,,,GJ Maxwell,Indian Premier League,9.0,,20,6,729295.json
729297,2014,2014-04-23,,Dubai International Cricket Stadium,T20,male,club,Rajasthan Royals,Chennai Super Kings,Rajasthan Royals,field,Chennai Super Kings,7,0,,,,RA Jadeja,Indian Premier League,10.0,,20,6,729297.json
729299,2014,2014-04-24,,Sharjah Cricket Stadium,T20,male,club,Royal Challengers Bangalore,Kolkata Knight Riders,Royal Challengers Bangalore,field,Kolkata Knight Riders,2,0,,,,CA Lynn,Indian Premier League,11.0,,20,6,729299.json
729301,2014,2014-04-25,,Dubai International Cricket Stadium,T20,male,club,Sunrisers Hyderabad,Delhi Daredevils,Sunrisers Hyderabad,bat,Sunrisers Hyderabad,4,0,,,,AJ Finch,Indian Premier League,12.0,,20,6,729301.json
729303,2014,2014-04-25,,Dubai International Cricket Stadium,T20,male,club,Chennai Super Kings,Mumbai Indians,Mumbai Indians,bat,Chennai Super Kings,0,7,,,,MM Sharma,Indian Premier League,13.0,,20,6,729303.json
729305,2014,2014-04-26,Abu Dhabi,Sheikh Zayed Stadium,T20,male,club,Rajasthan Royals,Royal Challengers Bangalore,Rajasthan Royals,field,Rajasthan Royals,0,6,,,,PV Tambe,Indian Premier League,14.0,,20,6,729305.json
729307,2014,2014-04-26,Abu Dhabi,Sheikh Zayed Stadium,T20,male,club,Kolkata Knight Riders,Kings XI Punjab,Kolkata Knight Riders,field,Kings XI Punjab,23,0,,,,Sandeep Sharma,Indian Premier League,15.0,,20,6,729307.json
729309,2014,2014-04-27,,Sharjah Cricket Stadium,T20,male,club,Delhi Daredevils,Mumbai Indians,Mumbai Indians,bat,Delhi Daredevils,0,6,,,,M Vijay,Indian Premier League,16.0,,20,6,729309.json
729311,2014,2014-04-27,,Sharjah Cricket Stadium,T20,male,club,Sunrisers Hyderabad,Chennai Super Kings,Sunrisers Hyderabad,bat,Chennai Super Kings,0,5,,,,DR Smith,Indian Premier League,17.0,,20,6,729311.json
729313,2014,2014-04-28,,Dubai International Cricket Stadium,T20,male,club,Kings XI Punjab,Royal Challengers Bangalore,Kings XI Punjab,field,Kings XI Punjab,0,5,,,,Sandeep Sharma,Indian Premier League,18.0,,20,6,729313.json
729315,2014,2014-04-29,Abu Dhabi,Sheikh Zayed Stadium,T20,male,club,Kolkata Knight Riders,Rajasthan Royals,Rajasthan Royals,bat,,0,0,tie,,Rajasthan Royals,JP Faulkner,Indian Premier League,19.0,,20,6,729315.json
729317,2014,2014-04-30,,Dubai International Cricket Stadium,T20,male,club,Mumbai Indians,Sunrisers Hyderabad,Mumbai Indians,field,Sunrisers Hyderabad,15,0,,,,B Kumar,Indian Premier League,20.0,,20,6,729317.json
733971,2014,2014-05-02,Ranchi,JSCA International Stadium Complex,T20,male,club,Chennai Super Kings,Kolkata Knight Riders,Chennai Super Kings,bat,Chennai Super Kings,34,0,,,,RA Jadeja,Indian Premier League,21.0,,20,6,733971.json
733973,2014,2014-05-03,Mumbai,Wankhede Stadium,T20,male,club,Mumbai Indians,Kings XI Punjab,Kings XI Punjab,bat,Mumbai Indians,0,5,,,,CJ Anderson,Indian Premier League,22.0,,20,6,733973.json
733975,2014,2014-05-03,Delhi,Feroz Shah Kotla,T20,male,club,Delhi Daredevils,Rajasthan Royals,Rajasthan Royals,field,Rajasthan Royals,0,7,,,,KK Nair,Indian Premier League,23.0,,20,6,733975.json
733977,2014,2014-05-04,Bangalore,M Chinnaswamy Stadium,T20,male,club,Royal Challengers Bangalore,Sunrisers Hyderabad,Royal Challengers Bangalore,field,Royal Challengers Bangalore,0,4,,,,AB de Villiers,Indian Premier League,24.0,,20,6,733977.json
733979,2014,2014-05-05,Ahmedabad,"Sardar Patel Stadium, Motera",T20,male,club,Rajasthan Royals,Kolkata Knight Riders,Kolkata Knight Riders,field,Rajasthan Royals,10,0,,,,PV Tambe,Indian Premier League,25.0,,20,6,733979.json
733981,2014,2014-05-05,Delhi,Feroz Shah Kotla,T20,male,club,Delhi Daredevils,Chennai Super Kings,Chennai Super Kings,field,Chennai Super Kings,0,8,,,,DR Smith,Indian Premier League,26.0,,20,6,733981.json
733983,2014,2014-05-06,Mumbai,Wankhede Stadium,T20,male,club,Mumbai Indians,Royal Challengers Bangalore,Royal Challengers Bangalore,field,Mumbai Indians,19,0,,,,RG Sharma,Indian Premier League,27.0,,20,6,733983.json
733985,2014,2014-05-07,Delhi,Feroz Shah Kotla,T20,male,club,Delhi Daredevils,Kolkata Knight Riders,Delhi Daredevils,bat,Kolkata Knight Riders,0,8,,,,G Gambhir,Indian Premier League,28.0,,20,6,733985.json
733987,2014,2014-05-07,Cuttack,Barabati Stadium,T20,male,club,Kings XI Punjab,Chennai Super Kings,Chennai Super Kings,field,Kings XI Punjab,44,0,,,,GJ Maxwell,Indian Premier League,29.0,,20,6,733987.json
733989,2014,2014-05-08,Ahmedabad,"Sardar Patel Stadium, Motera",T20,male,club,Rajasthan Royals,Sunrisers Hyderabad,Rajasthan Royals,field,Sunrisers Hyderabad,32,0,,,,B Kumar,Indian Premier League,30.0,,20,6,733989.json
733991,2014,2014-05-09,Bangalore,M Chinnaswamy Stadium,T20,male,club,Royal Challengers Bangalore,Kings XI Punjab,Royal Challengers Bangalore,field,Kings XI Punjab,32,0,,,,Sandeep Sharma,Indian Premier League,31.0,,20,6,733991.json
733993,2014,2014-05-10,Delhi,Feroz Shah Kotla,T20,male,club,Delhi Daredevils,Sunrisers Hyderabad,Sunrisers Hyderabad,field,Sunrisers Hyderabad,0,8,,D/L,,DW Steyn,Indian Premier League,32.0,,20,6,733993.json
733995,2014,2014-05-10,Mumbai,Wankhede Stadium,T20,male,club,Mumbai Indians,Chennai Super Kings,Chennai Super Kings,field,Chennai Super Kings,0,4,,,,DR Smith,Indian Premier League,33.0,,20,6,733995.json
733997,2014,2014-05-11,Cuttack,Barabati Stadium,T20,male,club,Kings XI Punjab,Kolkata Knight Riders,Kolkata Knight Riders,field,Kolkata Knight Riders,0,9,,,,G Gambhir,Indian Premier League,34.0,,20,6,733997.json
733999,2014,2014-05-11,Bangalore,M Chinnaswamy Stadium,T20,male,club,Royal Challengers Bangalore,Rajasthan Royals,Royal Challengers Bangalore,bat,Rajasthan Royals,0,5,,,,JP Faulkner,Indian Premier League,35.0,,20,6,733999.json
734001,2014,2014-05-12,Hyderabad,"Rajiv Gandhi International Stadium, Uppal",T20,male,club,Sunrisers Hyderabad,Mumbai Indians,Sunrisers Hyderabad,bat,Mumbai Indians,0,7,,,,AT Rayudu,Indian Premier League,36.0,,20,6,734001.json
734003,2014,2014-05-13,Ranchi,JSCA International Stadium Complex,T20,male,club,Chennai Super Kings,Rajasthan Royals,Rajasthan Royals,bat,Chennai Super Kings,0,5,,,,RA Jadeja,Indian Premier League,37.0,,20,6,734003.json
734005,2014,2014-05-13,Bangalore,M Chinnaswamy Stadium,T20,male,club,Royal Challengers Bangalore,Delhi Daredevils,Delhi Daredevils,field,Royal Challengers Bangalore,16,0,,,,Yuvraj Singh,Indian Premier League,38.0,,20,6,734005.json
734007,2014,2014-05-14,Hyderabad,"Rajiv Gandhi International Stadium, Uppal",T20,male,club,Sunrisers Hyderabad,Kings XI Punjab,Kings XI Punjab,field,Kings XI Punjab,0,6,,,,WP Saha,Indian Premier League,39.0,,20,6,734007.json
734009,2014,2014-05-14,Cuttack,Barabati Stadium,T20,male,club,Kolkata Knight Riders,Mumbai Indians,Kolkata Knight Riders,field,Kolkata Knight Riders,0,6,,,,RV Uthappa,Indian Premier League,40.0,,20,6,734009.json
734011,2014,2014-05-15,Ahmedabad,"Sardar Patel Stadium, Motera",T20,male,club,Rajasthan Royals,Delhi Daredevils,Delhi Daredevils,field,Rajasthan Royals,62,0,,,,AM Rahane,Indian Premier League,41.0,,20,6,734011.json
734013,2014,2014-05-18,Ranchi,JSCA International Stadium Complex,T20,male,club,Chennai Super Kings,Royal Challengers Bangalore,Chennai Super Kings,bat,Royal Challengers Bangalore,0,5,,,,AB de Villiers,Indian Premier League,42.0,,20,6,734013.json
734015,2014,2014-05-18,Hyderabad,"Rajiv Gandhi International Stadium, Uppal",T20,male,club,Sunrisers Hyderabad,Kolkata Knight Riders,Sunrisers Hyderabad,bat,Kolkata Knight Riders,0,7,,,,UT Yadav,Indian Premier League,43.0,,20,6,734015.json
734017,2014,2014-05-19,Ahmedabad,"Sardar Patel Stadium, Motera",T20,male,club,Rajasthan Royals,Mumbai Indians,Mumbai Indians,bat,Mumbai Indians,25,0,,,,MEK Hussey,Indian Premier League,44.0,,20,6,734017.json
734019,2014,2014-05-19,Delhi,Feroz Shah Kotla,T20,male,club,Delhi Daredevils,Kings XI Punjab,Kings XI Punjab,field,Kings XI Punjab,0,4,,,,AR Patel,Indian Premier League,45.0,,20,6,734019.json
734021,2014,2014-05-20,Hyderabad,"Rajiv Gandhi International Stadium, Uppal",T20,male,club,Sunrisers Hyderabad,Royal Challengers Bangalore,Royal Challengers Bangalore,bat,Sunrisers Hyderabad,0,7,,,,DA Warner,Indian Premier League,46.0,,20,6,734021.json
734023,2014,2014-05-20,Kolkata,Eden Gardens,T20,male,club,Kolkata Knight Riders,Chennai Super Kings,Kolkata Knight Riders,field,Kolkata Knight Riders,0,8,,,,RV Uthappa,Indian Premier League,47.0,,20,6,734023.json
734025,2014,2014-05-21,Chandigarh,"Punjab Cricket Association Stadium, Mohali",T20,male,club,Kings XI Punjab,Mumbai Indians,Mumbai Indians,field,Mumbai Indians,0,7,,,,LMP Simmons,Indian Premier League,48.0,,20,6,734025.json
734027,2014,2014-05-22,Kolkata,Eden Gardens,T20,male,club,Kolkata Knight Riders,Royal Challengers Bangalore,Royal Challengers Bangalore,field,Kolkata Knight Riders,30,0,,,,RV Uthappa,Indian Premier League,49.0,,20,6,734027.json
734029,2014,2014-05-22,Ranchi,JSCA International Stadium Complex,T20,male,club,Chennai Super Kings,Sunrisers Hyderabad,Sunrisers Hyderabad,field,Sunrisers Hyderabad,0,6,,,,DA Warner,Indian Premier League,50.0,,20,6,734029.json
734031,2014,2014-05-23,Mumbai,Wankhede Stadium,T20,male,club,Mumbai Indians,Delhi Daredevils,Delhi Daredevils,field,Mumbai Indians,15,0,,,,MEK Hussey,Indian Premier League,51.0,,20,6,734031.json
734033,2014,2014-05-23,Chandigarh,"Punjab Cricket Association Stadium, Mohali",T20,male,club,Kings XI Punjab,Rajasthan Royals,Rajasthan Royals,field,Kings XI Punjab,16,0,,,,SE Marsh,Indian Premier League,52.0,,20,6,734033.json
734035,2014,2014-05-24,Bangalore,M Chinnaswamy Stadium,T20,male,club,Royal Challengers Bangalore,Chennai Super Kings,Chennai Super Kings,field,Chennai Super Kings,0,8,,,,MS Dhoni,Indian Premier League,53.0,,20,6,734035.json
734037,2014,2014-05-24,Kolkata,Eden Gardens,T20,male,club,Kolkata Knight Riders,Sunrisers Hyderabad,Kolkata Knight Riders,field,Kolkata Knight Riders,0,4,,,,YK Pathan,Indian Premier League,54.0,,20,6,734037.json
734039,2014,2014-05-25,Chandigarh,"Punjab Cricket Association Stadium, Mohali",T20,male,club,Kings XI Punjab,Delhi Daredevils,Kings XI Punjab,field,Kings XI Punjab,0,7,,,,M Vohra,Indian Premier League,55.0,,20,6,734039.json
734041,2014,2014-05-25,Mumbai,Wankhede Stadium,T20,male,club,Mumbai Indians,Rajasthan Royals,Mumbai Indians,field,Mumbai Indians,0,5,,,,CJ Anderson,Indian Premier League,56.0,,20,6,734041.json
734043,2014,2014-05-27,Kolkata,Eden Gardens,T20,male,club,Kings XI Punjab,Kolkata Knight Riders,Kings XI Punjab,field,Kolkata Knight Riders,28,0,,,,UT Yadav,Indian Premier League,,,20,6,734043.json
734045,2014,2014-05-28,Mumbai,Brabourne Stadium,T20,male,club,Chennai Super Kings,Mumbai Indians,Chennai Super Kings,field,Chennai Super Kings,0,7,,,,SK Raina,Indian Premier League,,,20,6,734045.json
734047,2014,2014-05-30,Mumbai,Wankhede Stadium,T20,male,club,Chennai Super Kings,Kings XI Punjab,Chennai Super Kings,field,Kings XI Punjab,24,0,,,,V Sehwag,Indian Premier League,,,20,6,734047.json
734049,2014,2014-06-01,Bangalore,M Chinnaswamy Stadium,T20,male,club,Kolkata Knight Riders,Kings XI Punjab,Kolkata Knight Riders,field,Kolkata Knight Riders,0,3,,,,MK Pandey,Indian Premier League,,,20,6,734049.json
829705,2015,2015-04-08,Kolkata,Eden Gardens,T20,male,club,Kolkata Knight Riders,Mumbai Indians,Kolkata Knight Riders,field,Kolkata Knight Riders,0,7,,,,M Morkel,Indian Premier League,1.0,,20,6,829705.json
829707,2015,2015-04-09,Chennai,"MA Chidambaram Stadium, Chepauk",T20,male,club,Chennai Super Kings,Delhi Daredevils,Delhi Daredevils,field,Chennai Super Kings,1,0,,,,A Nehra,Indian Premier League,2.0,,20,6,829707.json
829709,2015,2015-04-10,Pune,Maharashtra Cricket Association Stadium,T20,male,club,Kings XI Punjab,Rajasthan Royals,Kings XI Punjab,field,Rajasthan Royals,26,0,,,,JP Faulkner,Indian Premier League,3.0,,20,6,829709.json
829711,2015,2015-04-11,Chennai,"MA Chidambaram Stadium, Chepauk",T20,male,club,Chennai Super Kings,Sunrisers Hyderabad,Chennai Super Kings,bat,Chennai Super Kings,45,0,,,,BB McCullum,Indian Premier League,4.0,,20,6,829711.json
829713,2015,2015-04-11,Kolkata,Eden Gardens,T20,male,club,Kolkata Knight Riders,Royal Challengers Bangalore,Royal Challengers Bangalore,field,Royal Challengers Bangalore,0,3,,,,CH Gayle,Indian Premier League,5.0,,20,6,829713.json
829715,2015,2015-04-12,Delhi,Feroz Shah Kotla,T20,male,club,Delhi Daredevils,Rajasthan Royals,Rajasthan Royals,field,Rajasthan Royals,0,3,,,,DJ Hooda,Indian Premier League,6.0,,20,6,829715.json
829717,2015,2015-04-12,Mumbai,Wankhede Stadium,T20,male,club,Mumbai Indians,Kings XI Punjab,Mumbai Indians,field,Kings XI Punjab,18,0,,,,GJ Bailey,Indian Premier League,7.0,,20,6,829717.json
829719,2015,2015-04-13,Bangalore,M Chinnaswamy Stadium,T20,male,club,Royal Challengers Bangalore,Sunrisers Hyderabad,Sunrisers Hyderabad,field,Sunrisers Hyderabad,0,8,,,,DA Warner,Indian Premier League,8.0,,20,6,829719.json
829721,2015,2015-04-14,Ahmedabad,"Sardar Patel Stadium, Motera",T20,male,club,Rajasthan Royals,Mumbai Indians,Mumbai Indians,bat,Rajasthan Royals,0,7,,,,SPD Smith,Indian Premier League,9.0,,20,6,829721.json
829723,2015,2015-04-30,Kolkata,Eden Gardens,T20,male,club,Kolkata Knight Riders,Chennai Super Kings,Kolkata Knight Riders,field,Kolkata Knight Riders,0,7,,,,AD Russell,Indian Premier League,30.0,,20,6,829723.json
829725,2015,2015-04-15,Pune,Maharashtra Cricket Association Stadium,T20,male,club,Kings XI Punjab,Delhi Daredevils,Kings XI Punjab,bat,Delhi Daredevils,0,5,,,,MA Agarwal,Indian Premier League,10.0,,20,6,829725.json
829727,2015,2015-04-16,Visakhapatnam,Dr. Y.S. Rajasekhara Reddy ACA-VDCA Cricket Stadium,T20,male,club,Sunrisers Hyderabad,Rajasthan Royals,Rajasthan Royals,field,Rajasthan Royals,0,6,,,,AM Rahane,Indian Premier League,11.0,,20,6,829727.json
829729,2015,2015-04-17,Mumbai,Wankhede Stadium,T20,male,club,Mumbai Indians,Chennai Super Kings,Mumbai Indians,bat,Chennai Super Kings,0,6,,,,A Nehra,Indian Premier League,12.0,,20,6,829729.json
829731,2015,2015-04-18,Visakhapatnam,Dr. Y.S. Rajasekhara Reddy ACA-VDCA Cricket Stadium,T20,male,club,Sunrisers Hyderabad,Delhi Daredevils,Delhi Daredevils,bat,Delhi Daredevils,4,0,,,,JP Duminy,Indian Premier League,13.0,,20,6,829731.json
829733,2015,2015-04-18,Pune,Maharashtra Cricket Association Stadium,T20,male,club,Kings XI Punjab,Kolkata Knight Riders,Kolkata Knight Riders,field,Kolkata Knight Riders,0,4,,,,AD Russell,Indian Premier League,14.0,,20,6,829733.json
829735,2015,2015-04-19,Ahmedabad,"Sardar Patel Stadium, Motera",T20,male,club,Rajasthan Royals,Chennai Super Kings,Chennai Super Kings,bat,Rajasthan Royals,0,8,,,,AM Rahane,Indian Premier League,15.0,,20,6,829735.json
829737,2015,2015-04-19,Bangalore,M Chinnaswamy Stadium,T20,male,club,Royal Challengers Bangalore,Mumbai Indians,Royal Challengers Bangalore,field,Mumbai Indians,18,0,,,,Harbhajan Singh,Indian Premier League,16.0,,20,6,829737.json
829739,2015,2015-04-20,Delhi,Feroz Shah Kotla,T20,male,club,Delhi Daredevils,Kolkata Knight Riders,Kolkata Knight Riders,field,Kolkata Knight Riders,0,6,,,,UT Yadav,Indian Premier League,17.0,,20,6,829739.json
829741,2015,2015-04-21,Ahmedabad,"Sardar Patel Stadium, Motera",T20,male,club,Rajasthan Royals,Kings XI Punjab,Kings XI Punjab,field,,0,0,tie,,Kings XI Punjab,SE Marsh,Indian Premier League,18.0,,20,6,829741.json
829743,2015,2015-04-22,Visakhapatnam,Dr. Y.S. Rajasekhara Reddy ACA-VDCA Cricket Stadium,T20,male,club,Sunrisers Hyderabad,Kolkata Knight Riders,Kolkata Knight Riders,field,Sunrisers Hyderabad,16,0,,D/L,,DA Warner,Indian Premier League,19.0,,20,6,829743.json
829745,2015,2015-04-22,Bangalore,M Chinnaswamy Stadium,T20,male,club,Royal Challengers Bangalore,Chennai Super Kings,Royal Challengers Bangalore,field,Chennai Super Kings,27,0,,,,SK Raina,Indian Premier League,20.0,,20,6,829745.json
829747,2015,2015-04-23,Delhi,Feroz Shah Kotla,T20,male,club,Delhi Daredevils,Mumbai Indians,Mumbai Indians,field,Delhi Daredevils,37,0,,,,SS Iyer,Indian Premier League,21.0,,20,6,829747.json
829749,2015,2015-04-24,Ahmedabad,"Sardar Patel Stadium, Motera",T20,male,club,Rajasthan Royals,Royal Challengers Bangalore,Royal Challengers Bangalore,field,Royal Challengers Bangalore,0,9,,,,MA Starc,Indian Premier League,22.0,,20,6,829749.json
829751,2015,2015-04-25,Mumbai,Wankhede Stadium,T20,male,club,Mumbai Indians,Sunrisers Hyderabad,Mumbai Indians,bat,Mumbai Indians,20,0,,,,SL Malinga,Indian Premier League,23.0,,20,6,829751.json
829753,2015,2015-04-25,Chennai,"MA Chidambaram Stadium, Chepauk",T20,male,club,Chennai Super Kings,Kings XI Punjab,Chennai Super Kings,bat,Chennai Super Kings,97,0,,,,BB McCullum,Indian Premier League,24.0,,20,6,829753.json
829757,2015,2015-04-26,Delhi,Feroz Shah Kotla,T20,male,club,Delhi Daredevils,Royal Challengers Bangalore,Royal Challengers Bangalore,field,Royal Challengers Bangalore,0,10,,,,VR Aaron,Indian Premier League,26.0,,20,6,829757.json
829759,2015,2015-04-27,Chandigarh,"Punjab Cricket Association Stadium, Mohali",T20,male,club,Kings XI Punjab,Sunrisers Hyderabad,Kings XI Punjab,field,Sunrisers Hyderabad,20,0,,,,TA Boult,Indian Premier League,27.0,,20,6,829759.json
829761,2015,2015-05-07,Kolkata,Eden Gardens,T20,male,club,Kolkata Knight Riders,Delhi Daredevils,Kolkata Knight Riders,bat,Kolkata Knight Riders,13,0,,,,PP Chawla,Indian Premier League,42.0,,20,6,829761.json
829763,2015,2015-04-29,Bangalore,M Chinnaswamy Stadium,T20,male,club,Royal Challengers Bangalore,Rajasthan Royals,Rajasthan Royals,field,,0,0,no result,,,,Indian Premier League,29.0,,20,6,829763.json
829765,2015,2015-04-28,Chennai,"MA Chidambaram Stadium, Chepauk",T20,male,club,Chennai Super Kings,Kolkata Knight Riders,Kolkata Knight Riders,field,Chennai Super Kings,2,0,,,,DJ Bravo,Indian Premier League,28.0,,20,6,829765.json
829767,2015,2015-05-01,Delhi,Feroz Shah Kotla,T20,male,club,Delhi Daredevils,Kings XI Punjab,Delhi Daredevils,field,Delhi Daredevils,0,9,,,,NM Coulter-Nile,Indian Premier League,31.0,,20,6,829767.json
829769,2015,2015-05-01,Mumbai,Wankhede Stadium,T20,male,club,Mumbai Indians,Rajasthan Royals,Rajasthan Royals,field,Mumbai Indians,8,0,,,,AT Rayudu,Indian Premier League,32.0,,20,6,829769.json
829771,2015,2015-05-02,Bangalore,M Chinnaswamy Stadium,T20,male,club,Royal Challengers Bangalore,Kolkata Knight Riders,Royal Challengers Bangalore,field,Royal Challengers Bangalore,0,7,,,,Mandeep Singh,Indian Premier League,33.0,,20,6,829771.json
829773,2015,2015-05-02,Hyderabad,"Rajiv Gandhi International Stadium, Uppal",T20,male,club,Sunrisers Hyderabad,Chennai Super Kings,Chennai Super Kings,field,Sunrisers Hyderabad,22,0,,,,DA Warner,Indian Premier League,34.0,,20,6,829773.json
829775,2015,2015-05-03,Chandigarh,"Punjab Cricket Association Stadium, Mohali",T20,male,club,Kings XI Punjab,Mumbai Indians,Mumbai Indians,bat,Mumbai Indians,23,0,,,,LMP Simmons,Indian Premier League,35.0,,20,6,829775.json
829777,2015,2015-05-03,Mumbai,Brabourne Stadium,T20,male,club,Rajasthan Royals,Delhi Daredevils,Delhi Daredevils,field,Rajasthan Royals,14,0,,,,AM Rahane,Indian Premier League,36.0,,20,6,829777.json
829779,2015,2015-05-04,Chennai,"MA Chidambaram Stadium, Chepauk",T20,male,club,Chennai Super Kings,Royal Challengers Bangalore,Chennai Super Kings,bat,Chennai Super Kings,24,0,,,,SK Raina,Indian Premier League,37.0,,20,6,829779.json
829781,2015,2015-05-04,Kolkata,Eden Gardens,T20,male,club,Kolkata Knight Riders,Sunrisers Hyderabad,Sunrisers Hyderabad,field,Kolkata Knight Riders,35,0,,,,UT Yadav,Indian Premier League,38.0,,20,6,829781.json
829783,2015,2015-05-05,Mumbai,Wankhede Stadium,T20,male,club,Mumbai Indians,Delhi Daredevils,Delhi Daredevils,bat,Mumbai Indians,0,5,,,,Harbhajan Singh,Indian Premier League,39.0,,20,6,829783.json
829785,2015,2015-05-06,Bangalore,M Chinnaswamy Stadium,T20,male,club,Royal Challengers Bangalore,Kings XI Punjab,Kings XI Punjab,field,Royal Challengers Bangalore,138,0,,,,CH Gayle,Indian Premier League,40.0,,20,6,829785.json
829787,2015,2015-05-07,Mumbai,Brabourne Stadium,T20,male,club,Rajasthan Royals,Sunrisers Hyderabad,Rajasthan Royals,field,Sunrisers Hyderabad,7,0,,,,EJG Morgan,Indian Premier League,41.0,,20,6,829787.json
829789,2015,2015-05-08,Chennai,"MA Chidambaram Stadium, Chepauk",T20,male,club,Chennai Super Kings,Mumbai Indians,Chennai Super Kings,bat,Mumbai Indians,0,6,,,,HH Pandya,Indian Premier League,43.0,,20,6,829789.json
829791,2015,2015-05-09,Kolkata,Eden Gardens,T20,male,club,Kolkata Knight Riders,Kings XI Punjab,Kings XI Punjab,bat,Kolkata Knight Riders,0,1,,,,AD Russell,Indian Premier League,44.0,,20,6,829791.json
829793,2015,2015-05-09,Raipur,Shaheed Veer Narayan Singh International Stadium,T20,male,club,Delhi Daredevils,Sunrisers Hyderabad,Sunrisers Hyderabad,bat,Sunrisers Hyderabad,6,0,,,,MC Henriques,Indian Premier League,45.0,,20,6,829793.json
829795,2015,2015-05-10,Mumbai,Wankhede Stadium,T20,male,club,Mumbai Indians,Royal Challengers Bangalore,Royal Challengers Bangalore,bat,Royal Challengers Bangalore,39,0,,,,AB de Villiers,Indian Premier League,46.0,,20,6,829795.json
829797,2015,2015-05-10,Chennai,"MA Chidambaram Stadium, Chepauk",T20,male,club,Chennai Super Kings,Rajasthan Royals,Chennai Super Kings,bat,Chennai Super Kings,12,0,,,,RA Jadeja,Indian Premier League,47.0,,20,6,829797.json
829799,2015,2015-05-11,Hyderabad,"Rajiv Gandhi International Stadium, Uppal",T20,male,club,Sunrisers Hyderabad,Kings XI Punjab,Sunrisers Hyderabad,bat,Sunrisers Hyderabad,5,0,,,,DA Warner,Indian Premier League,48.0,,20,6,829799.json
829801,2015,2015-05-12,Raipur,Shaheed Veer Narayan Singh International Stadium,T20,male,club,Delhi Daredevils,Chennai Super Kings,Chennai Super Kings,bat,Delhi Daredevils,0,6,,,,Z Khan,Indian Premier League,49.0,,20,6,829801.json
829803,2015,2015-05-13,Chandigarh,"Punjab Cricket Association Stadium, Mohali",T20,male,club,Kings XI Punjab,Royal Challengers Bangalore,Royal Challengers Bangalore,field,Kings XI Punjab,22,0,,,,AR Patel,Indian Premier League,50.0,,20,6,829803.json
829805,2015,2015-05-14,Mumbai,Wankhede Stadium,T20,male,club,Mumbai Indians,Kolkata Knight Riders,Kolkata Knight Riders,field,Mumbai Indians,5,0,,,,HH Pandya,Indian Premier League,51.0,,20,6,829805.json
829807,2015,2015-05-15,Hyderabad,"Rajiv Gandhi International Stadium, Uppal",T20,male,club,Sunrisers Hyderabad,Royal Challengers Bangalore,Sunrisers Hyderabad,bat,Royal Challengers Bangalore,0,6,,D/L,,V Kohli,Indian Premier League,52.0,,20,6,829807.json
829809,2015,2015-05-16,Chandigarh,"Punjab Cricket Association Stadium, Mohali",T20,male,club,Kings XI Punjab,Chennai Super Kings,Kings XI Punjab,bat,Chennai Super Kings,0,7,,,,P Negi,Indian Premier League,53.0,,20,6,829809.json
829811,2015,2015-05-16,Mumbai,Brabourne Stadium,T20,male,club,Rajasthan Royals,Kolkata Knight Riders,Rajasthan Royals,bat,Rajasthan Royals,9,0,,,,SR Watson,Indian Premier League,54.0,,20,6,829811.json
829813,2015,2015-05-17,Bangalore,M Chinnaswamy Stadium,T20,male,club,Royal Challengers Bangalore,Delhi Daredevils,Royal Challengers Bangalore,field,,0,0,no result,,,,Indian Premier League,55.0,,20,6,829813.json
829815,2015,2015-05-17,Hyderabad,"Rajiv Gandhi International Stadium, Uppal",T20,male,club,Sunrisers Hyderabad,Mumbai Indians,Sunrisers Hyderabad,bat,Mumbai Indians,0,9,,,,MJ McClenaghan,Indian Premier League,56.0,,20,6,829815.json
829817,2015,2015-05-19,Mumbai,Wankhede Stadium,T20,male,club,Chennai Super Kings,Mumbai Indians,Mumbai Indians,bat,Mumbai Indians,25,0,,,,KA Pollard,Indian Premier League,,,20,6,829817.json
829819,2015,2015-05-20,Pune,Maharashtra Cricket Association Stadium,T20,male,club,Royal Challengers Bangalore,Rajasthan Royals,Royal Challengers Bangalore,bat,Royal Challengers Bangalore,71,0,,,,AB de Villiers,Indian Premier League,,,20,6,829819.json
829821,2015,2015-05-22,Ranchi,JSCA International Stadium Complex,T20,male,club,Chennai Super Kings,Royal Challengers Bangalore,Chennai Super Kings,field,Chennai Super Kings,0,3,,,,A Nehra,Indian Premier League,,,20,6,829821.json
829823,2015,2015-05-24,Kolkata,Eden Gardens,T20,male,club,Mumbai Indians,Chennai Super Kings,Chennai Super Kings,field,Mumbai Indians,41,0,,,,RG Sharma,Indian Premier League,,,20,6,829823.json
980901,2016,2016-04-09,Mumbai,Wankhede Stadium,T20,male,club,Mumbai Indians,Rising Pune Supergiants,Mumbai Indians,bat,Rising Pune Supergiants,0,9,,,,AM Rahane,Indian Premier League,1.0,,20,6,980901.json
980903,2016,2016-04-10,Kolkata,Eden Gardens,T20,male,club,Kolkata Knight Riders,Delhi Daredevils,Kolkata Knight Riders,field,Kolkata Knight Riders,0,9,,,,AD Russell,Indian Premier League,2.0,,20,6,980903.json
980905,2016,2016-04-11,Chandigarh,"Punjab Cricket Association IS Bindra Stadium, Mohali",T20,male,club,Kings XI Punjab,Gujarat Lions,Gujarat Lions,field,Gujarat Lions,0,5,,,,AJ Finch,Indian Premier League,3.0,,20,6,980905.json
980907,2016,2016-04-12,Bangalore,M Chinnaswamy Stadium,T20,male,club,Royal Challengers Bangalore,Sunrisers Hyderabad,Sunrisers Hyderabad,field,Royal Challengers Bangalore,45,0,,,,AB de Villiers,Indian Premier League,4.0,,20,6,980907.json
980909,2016,2016-04-13,Kolkata,Eden Gardens,T20,male,club,Kolkata Knight Riders,Mumbai Indians,Mumbai Indians,field,Mumbai Indians,0,6,,,,RG Sharma,Indian Premier League,5.0,,20,6,980909.json
980911,2016,2016-04-14,Rajkot,Saurashtra Cricket Association Stadium,T20,male,club,Gujarat Lions,Rising Pune Supergiants,Rising Pune Supergiants,bat,Gujarat Lions,0,7,,,,AJ Finch,Indian Premier League,6.0,,20,6,980911.json
980913,2016,2016-04-15,Delhi,Feroz Shah Kotla,T20,male,club,Delhi Daredevils,Kings XI Punjab,Delhi Daredevils,field,Delhi Daredevils,0,8,,,,A Mishra,Indian Premier League,7.0,,20,6,980913.json
980915,2016,2016-04-16,Hyderabad,"Rajiv Gandhi International Stadium, Uppal",T20,male,club,Sunrisers Hyderabad,Kolkata Knight Riders,Sunrisers Hyderabad,bat,Kolkata Knight Riders,0,8,,,,G Gambhir,Indian Premier League,8.0,,20,6,980915.json
980917,2016,2016-04-16,Mumbai,Wankhede Stadium,T20,male,club,Mumbai Indians,Gujarat Lions,Gujarat Lions,field,Gujarat Lions,0,3,,,,AJ Finch,Indian Premier League,9.0,,20,6,980917.json
980919,2016,2016-04-17,Chandigarh,"Punjab Cricket Association IS Bindra Stadium, Mohali",T20,male,club,Kings XI Punjab,Rising Pune Supergiants,Rising Pune Supergiants,bat,Kings XI Punjab,0,6,,,,M Vohra,Indian Premier League,10.0,,20,6,980919.json
980921,2016,2016-04-17,Bangalore,M Chinnaswamy Stadium,T20,male,club,Royal Challengers Bangalore,Delhi Daredevils,Delhi Daredevils,field,Delhi Daredevils,0,7,,,,Q de Kock,Indian Premier League,11.0,,20,6,980921.json
980923,2016,2016-04-18,Hyderabad,"Rajiv Gandhi International Stadium, Uppal",T20,male,club,Sunrisers Hyderabad,Mumbai Indians,Sunrisers Hyderabad,field,Sunrisers Hyderabad,0,7,,,,DA Warner,Indian Premier League,12.0,,20,6,980923.json
980925,2016,2016-04-19,Chandigarh,"Punjab Cricket Association IS Bindra Stadium, Mohali",T20,male,club,Kings XI Punjab,Kolkata Knight Riders,Kolkata Knight Riders,field,Kolkata Knight Riders,0,6,,,,RV Uthappa,Indian Premier League,13.0,,20,6,980925.json
980927,2016,2016-04-20,Mumbai,Wankhede Stadium,T20,male,club,Mumbai Indians,Royal Challengers Bangalore,Mumbai Indians,field,Mumbai Indians,0,6,,,,RG Sharma,Indian Premier League,14.0,,20,6,980927.json
980929,2016,2016-04-21,Rajkot,Saurashtra Cricket Association Stadium,T20,male,club,Gujarat Lions,Sunrisers Hyderabad,Sunrisers Hyderabad,field,Sunrisers Hyderabad,0,10,,,,B Kumar,Indian Premier League,15.0,,20,6,980929.json
980931,2016,2016-04-22,Pune,Maharashtra Cricket Association Stadium,T20,male,club,Rising Pune Supergiants,Royal Challengers Bangalore,Rising Pune Supergiants,field,Royal Challengers Bangalore,13,0,,,,AB de Villiers,Indian Premier League,16.0,,20,6,980931.json
980933,2016,2016-04-23,Delhi,Feroz Shah Kotla,T20,male,club,Delhi Daredevils,Mumbai Indians,Mumbai Indians,field,Delhi Daredevils,10,0,,,,SV Samson,Indian Premier League,17.0,,20,6,980933.json
980935,2016,2016-04-23,Hyderabad,"Rajiv Gandhi International Stadium, Uppal",T20,male,club,Sunrisers Hyderabad,Kings XI Punjab,Sunrisers Hyderabad,field,Sunrisers Hyderabad,0,5,,,,Mustafizur Rahman,Indian Premier League,18.0,,20,6,980935.json
980937,2016,2016-04-24,Rajkot,Saurashtra Cricket Association Stadium,T20,male,club,Gujarat Lions,Royal Challengers Bangalore,Royal Challengers Bangalore,bat,Gujarat Lions,0,6,,,,V Kohli,Indian Premier League,19.0,,20,6,980937.json
980939,2016,2016-04-24,Pune,Maharashtra Cricket Association Stadium,T20,male,club,Rising Pune Supergiants,Kolkata Knight Riders,Kolkata Knight Riders,field,Kolkata Knight Riders,0,2,,,,SA Yadav,Indian Premier League,20.0,,20,6,980939.json
980941,2016,2016-04-25,Chandigarh,"Punjab Cricket Association IS Bindra Stadium, Mohali",T20,male,club,Kings XI Punjab,Mumbai Indians,Kings XI Punjab,field,Mumbai Indians,25,0,,,,PA Patel,Indian Premier League,21.0,,20,6,980941.json
980943,2016,2016-04-26,Hyderabad,"Rajiv Gandhi International Stadium, Uppal",T20,male,club,Sunrisers Hyderabad,Rising Pune Supergiants,Rising Pune Supergiants,field,Rising Pune Supergiants,34,0,,D/L,,AB Dinda,Indian Premier League,22.0,,20,6,980943.json
980945,2016,2016-04-27,Delhi,Feroz Shah Kotla,T20,male,club,Delhi Daredevils,Gujarat Lions,Delhi Daredevils,field,Gujarat Lions,1,0,,,,CH Morris,Indian Premier League,23.0,,20,6,980945.json
980947,2016,2016-04-28,Mumbai,Wankhede Stadium,T20,male,club,Mumbai Indians,Kolkata Knight Riders,Mumbai Indians,field,Mumbai Indians,0,6,,,,RG Sharma,Indian Premier League,24.0,,20,6,980947.json
980949,2016,2016-04-29,Pune,Maharashtra Cricket Association Stadium,T20,male,club,Rising Pune Supergiants,Gujarat Lions,Gujarat Lions,field,Gujarat Lions,0,3,,,,DR Smith,Indian Premier League,25.0,,20,6,980949.json
980951,2016,2016-04-30,Delhi,Feroz Shah Kotla,T20,male,club,Delhi Daredevils,Kolkata Knight Riders,Kolkata Knight Riders,field,Delhi Daredevils,27,0,,,,CR Brathwaite,Indian Premier League,26.0,,20,6,980951.json
980953,2016,2016-04-30,Hyderabad,"Rajiv Gandhi International Stadium, Uppal",T20,male,club,Sunrisers Hyderabad,Royal Challengers Bangalore,Royal Challengers Bangalore,field,Sunrisers Hyderabad,15,0,,,,DA Warner,Indian Premier League,27.0,,20,6,980953.json
980955,2016,2016-05-01,Rajkot,Saurashtra Cricket Association Stadium,T20,male,club,Gujarat Lions,Kings XI Punjab,Gujarat Lions,field,Kings XI Punjab,23,0,,,,AR Patel,Indian Premier League,28.0,,20,6,980955.json
980957,2016,2016-05-01,Pune,Maharashtra Cricket Association Stadium,T20,male,club,Rising Pune Supergiants,Mumbai Indians,Mumbai Indians,field,Mumbai Indians,0,8,,,,RG Sharma,Indian Premier League,29.0,,20,6,980957.json
980959,2016,2016-05-02,Bangalore,M Chinnaswamy Stadium,T20,male,club,Royal Challengers Bangalore,Kolkata Knight Riders,Kolkata Knight Riders,field,Kolkata Knight Riders,0,5,,,,AD Russell,Indian Premier League,30.0,,20,6,980959.json
980961,2016,2016-05-03,Rajkot,Saurashtra Cricket Association Stadium,T20,male,club,Gujarat Lions,Delhi Daredevils,Delhi Daredevils,field,Delhi Daredevils,0,8,,,,RR Pant,Indian Premier League,31.0,,20,6,980961.json
980963,2016,2016-05-04,Kolkata,Eden Gardens,T20,male,club,Kolkata Knight Riders,Kings XI Punjab,Kings XI Punjab,field,Kolkata Knight Riders,7,0,,,,AD Russell,Indian Premier League,32.0,,20,6,980963.json
980965,2016,2016-05-05,Delhi,Feroz Shah Kotla,T20,male,club,Delhi Daredevils,Rising Pune Supergiants,Rising Pune Supergiants,field,Rising Pune Supergiants,0,7,,,,AM Rahane,Indian Premier League,33.0,,20,6,980965.json
980967,2016,2016-05-06,Hyderabad,"Rajiv Gandhi International Stadium, Uppal",T20,male,club,Sunrisers Hyderabad,Gujarat Lions,Sunrisers Hyderabad,field,Sunrisers Hyderabad,0,5,,,,B Kumar,Indian Premier League,34.0,,20,6,980967.json
980969,2016,2016-05-07,Bangalore,M Chinnaswamy Stadium,T20,male,club,Royal Challengers Bangalore,Rising Pune Supergiants,Royal Challengers Bangalore,field,Royal Challengers Bangalore,0,7,,,,V Kohli,Indian Premier League,35.0,,20,6,980969.json
980971,2016,2016-05-07,Chandigarh,"Punjab Cricket Association IS Bindra Stadium, Mohali",T20,male,club,Kings XI Punjab,Delhi Daredevils,Delhi Daredevils,field,Kings XI Punjab,9,0,,,,MP Stoinis,Indian Premier League,36.0,,20,6,980971.json
980973,2016,2016-05-08,Visakhapatnam,Dr. Y.S. Rajasekhara Reddy ACA-VDCA Cricket Stadium,T20,male,club,Mumbai Indians,Sunrisers Hyderabad,Mumbai Indians,field,Sunrisers Hyderabad,85,0,,,,A Nehra,Indian Premier League,37.0,,20,6,980973.json
980975,2016,2016-05-08,Kolkata,Eden Gardens,T20,male,club,Kolkata Knight Riders,Gujarat Lions,Gujarat Lions,field,Gujarat Lions,0,5,,,,P Kumar,Indian Premier League,38.0,,20,6,980975.json
980977,2016,2016-05-09,Chandigarh,"Punjab Cricket Association IS Bindra Stadium, Mohali",T20,male,club,Kings XI Punjab,Royal Challengers Bangalore,Kings XI Punjab,field,Royal Challengers Bangalore,1,0,,,,SR Watson,Indian Premier League,39.0,,20,6,980977.json
980979,2016,2016-05-10,Visakhapatnam,Dr. Y.S. Rajasekhara Reddy ACA-VDCA Cricket Stadium,T20,male,club,Rising Pune Supergiants,Sunrisers Hyderabad,Sunrisers Hyderabad,bat,Sunrisers Hyderabad,4,0,,,,A Zampa,Indian Premier League,40.0,,20,6,980979.json
980981,2016,2016-05-11,Bangalore,M Chinnaswamy Stadium,T20,male,club,Royal Challengers Bangalore,Mumbai Indians,Mumbai Indians,field,Mumbai Indians,0,6,,,,KH Pandya,Indian Premier League,41.0,,20,6,980981.json
980983,2016,2016-05-12,Hyderabad,"Rajiv Gandhi International Stadium, Uppal",T20,male,club,Sunrisers Hyderabad,Delhi Daredevils,Delhi Daredevils,field,Delhi Daredevils,0,7,,,,CH Morris,Indian Premier League,42.0,,20,6,980983.json
980985,2016,2016-05-13,Visakhapatnam,Dr. Y.S. Rajasekhara Reddy ACA-VDCA Cricket Stadium,T20,male,club,Mumbai Indians,Kings XI Punjab,Mumbai Indians,bat,Kings XI Punjab,0,7,,,,MP Stoinis,Indian Premier League,43.0,,20,6,980985.json
980987,2016,2016-05-14,Bangalore,M Chinnaswamy Stadium,T20,male,club,Royal Challengers Bangalore,Gujarat Lions,Gujarat Lions,field,Royal Challengers Bangalore,144,0,,,,AB de Villiers,Indian Premier League,44.0,,20,6,980987.json
980989,2016,2016-05-14,Kolkata,Eden Gardens,T20,male,club,Kolkata Knight Riders,Rising Pune Supergiants,Rising Pune Supergiants,bat,Kolkata Knight Riders,0,8,,D/L,,YK Pathan,Indian Premier League,45.0,,20,6,980989.json
980991,2016,2016-05-15,Chandigarh,"Punjab Cricket Association IS Bindra Stadium, Mohali",T20,male,club,Kings XI Punjab,Sunrisers Hyderabad,Kings XI Punjab,bat,Sunrisers Hyderabad,0,7,,,,HM Amla,Indian Premier League,46.0,,20,6,980991.json
980993,2016,2016-05-15,Visakhapatnam,Dr. Y.S. Rajasekhara Reddy ACA-VDCA Cricket Stadium,T20,male,club,Mumbai Indians,Delhi Daredevils,Delhi Daredevils,field,Mumbai Indians,80,0,,,,KH Pandya,Indian Premier League,47.0,,20,6,980993.json
980995,2016,2016-05-16,Kolkata,Eden Gardens,T20,male,club,Kolkata Knight Riders,Royal Challengers Bangalore,Royal Challengers Bangalore,field,Royal Challengers Bangalore,0,9,,,,V Kohli,Indian Premier League,48.0,,20,6,980995.json
980997,2016,2016-05-17,Visakhapatnam,Dr. Y.S. Rajasekhara Reddy ACA-VDCA Cricket Stadium,T20,male,club,Rising Pune Supergiants,Delhi Daredevils,Rising Pune Supergiants,field,Rising Pune Supergiants,19,0,,D/L,,AB Dinda,Indian Premier League,49.0,,20,6,980997.json
980999,2016,2016-05-18,Bangalore,M Chinnaswamy Stadium,T20,male,club,Royal Challengers Bangalore,Kings XI Punjab,Kings XI Punjab,field,Royal Challengers Bangalore,82,0,,D/L,,V Kohli,Indian Premier League,50.0,,20,6,980999.json
981001,2016,2016-05-19,Kanpur,Green Park,T20,male,club,Gujarat Lions,Kolkata Knight Riders,Gujarat Lions,field,Gujarat Lions,0,6,,,,DR Smith,Indian Premier League,51.0,,20,6,981001.json
981003,2016,2016-05-20,Raipur,Shaheed Veer Narayan Singh International Stadium,T20,male,club,Delhi Daredevils,Sunrisers Hyderabad,Delhi Daredevils,field,Delhi Daredevils,0,6,,,,KK Nair,Indian Premier League,52.0,,20,6,981003.json
981005,2016,2016-05-21,Visakhapatnam,Dr. Y.S. Rajasekhara Reddy ACA-VDCA Cricket Stadium,T20,male,club,Rising Pune Supergiants,Kings XI Punjab,Kings XI Punjab,bat,Rising Pune Supergiants,0,4,,,,MS Dhoni,Indian Premier League,53.0,,20,6,981005.json
981007,2016,2016-05-21,Kanpur,Green Park,T20,male,club,Gujarat Lions,Mumbai Indians,Gujarat Lions,field,Gujarat Lions,0,6,,,,SK Raina,Indian Premier League,54.0,,20,6,981007.json
981009,2016,2016-05-22,Kolkata,Eden Gardens,T20,male,club,Kolkata Knight Riders,Sunrisers Hyderabad,Sunrisers Hyderabad,field,Kolkata Knight Riders,22,0,,,,YK Pathan,Indian Premier League,55.0,,20,6,981009.json
981011,2016,2016-05-22,Raipur,Shaheed Veer Narayan Singh International Stadium,T20,male,club,Delhi Daredevils,Royal Challengers Bangalore,Royal Challengers Bangalore,field,Royal Challengers Bangalore,0,6,,,,V Kohli,Indian Premier League,56.0,,20,6,981011.json
981013,2016,2016-05-24,Bangalore,M Chinnaswamy Stadium,T20,male,club,Gujarat Lions,Royal Challengers Bangalore,Royal Challengers Bangalore,field,Royal Challengers Bangalore,0,4,,,,AB de Villiers,Indian Premier League,,,20,6,981013.json
981015,2016,2016-05-25,Delhi,Feroz Shah Kotla,T20,male,club,Sunrisers Hyderabad,Kolkata Knight Riders,Kolkata Knight Riders,field,Sunrisers Hyderabad,22,0,,,,MC Henriques,Indian Premier League,,,20,6,981015.json
981017,2016,2016-05-27,Delhi,Feroz Shah Kotla,T20,male,club,Gujarat Lions,Sunrisers Hyderabad,Sunrisers Hyderabad,field,Sunrisers Hyderabad,0,4,,,,DA Warner,Indian Premier League,,,20,6,981017.json
981019,2016,2016-05-29,Bangalore,M Chinnaswamy Stadium,T20,male,club,Royal Challengers Bangalore,Sunrisers Hyderabad,Sunrisers Hyderabad,bat,Sunrisers Hyderabad,8,0,,,,BCJ Cutting,Indian Premier League,,,20,6,981019.json
